x,y,F_pred
-100.0,-100.0,-12813.667
-97.97979797979798,-100.0,-15103.549
-95.95959595959596,-100.0,-13283.168
-93.93939393939394,-100.0,-17224.094
-91.91919191919192,-100.0,-18016.781
-89.8989898989899,-100.0,-16250.144
-87.87878787878788,-100.0,-14824.863
-85.85858585858585,-100.0,-14992.075
-83.83838383838383,-100.0,-14358.995
-81.81818181818181,-100.0,-16247.401
-79.79797979797979,-100.0,-21501.89
-77.77777777777777,-100.0,-15513.016
-75.75757575757575,-100.0,-10722.232
-73.73737373737373,-100.0,-15907.015
-71.71717171717171,-100.0,-13308.776
-69.69696969696969,-100.0,-14352.229
-67.67676767676767,-100.0,-17093.375
-65.65656565656565,-100.0,-14575.909
-63.63636363636363,-100.0,-13315.339
-61.61616161616161,-100.0,-13948.696
-59.59595959595959,-100.0,-14559.538
-57.57575757575757,-100.0,-15429.593
-55.55555555555555,-100.0,-14913.666
-53.53535353535353,-100.0,-14830.497
-51.515151515151516,-100.0,-15376.593
-49.494949494949495,-100.0,-14422.736
-47.474747474747474,-100.0,-14544.452
-45.45454545454545,-100.0,-14020.513
-43.43434343434343,-100.0,-13582.034
-41.41414141414141,-100.0,-14258.401
-39.39393939393939,-100.0,-13973.337
-37.37373737373737,-100.0,-13517.672
-35.35353535353535,-100.0,-13538.703
-33.33333333333333,-100.0,-12903.742
-31.313131313131308,-100.0,-13591.598
-29.292929292929287,-100.0,-11523.099
-27.272727272727266,-100.0,-7880.86
-25.252525252525245,-100.0,-11503.761
-23.232323232323225,-100.0,-12346.939
-21.212121212121204,-100.0,-10865.869
-19.191919191919183,-100.0,-11260.283
-17.171717171717162,-100.0,-9148.144
-15.151515151515142,-100.0,-5517.159
-13.13131313131312,-100.0,-4658.9644
-11.1111111111111,-100.0,-10658.201
-9.09090909090908,-100.0,-8368.429
-7.0707070707070585,-100.0,-7437.218
-5.050505050505038,-100.0,-7942.548
-3.030303030303031,-100.0,-8064.8867
-1.0101010101010104,-100.0,-8598.263
1.0101010101010104,-100.0,-10527.336
3.030303030303031,-100.0,-8642.537
5.050505050505052,-100.0,-8516.239
7.070707070707073,-100.0,-7959.0796
9.090909090909093,-100.0,-5934.751
11.111111111111114,-100.0,-8684.557
13.131313131313135,-100.0,-7811.886
15.151515151515156,-100.0,-8129.9546
17.171717171717177,-100.0,-8118.274
19.191919191919197,-100.0,-8267.246
21.212121212121218,-100.0,-9961.866
23.23232323232324,-100.0,-7526.3003
25.25252525252526,-100.0,-9122.562
27.27272727272728,-100.0,-7643.2153
29.2929292929293,-100.0,-10072.479
31.313131313131322,-100.0,-8673.418
33.33333333333334,-100.0,-12390.692
35.353535353535364,-100.0,-11988.056
37.373737373737384,-100.0,-11422.484
39.393939393939405,-100.0,-12541.559
41.414141414141426,-100.0,-11517.822
43.43434343434345,-100.0,-9017.275
45.45454545454547,-100.0,-11190.137
47.47474747474749,-100.0,-11309.376
49.49494949494951,-100.0,-13118.281
51.51515151515153,-100.0,-11669.827
53.53535353535355,-100.0,-13555.895
55.55555555555557,-100.0,-14510.8545
57.57575757575759,-100.0,-14271.159
59.59595959595961,-100.0,-13444.413
61.616161616161634,-100.0,-11201.715
63.636363636363654,-100.0,-12500.985
65.65656565656568,-100.0,-13370.913
67.6767676767677,-100.0,-16591.236
69.69696969696972,-100.0,-13357.592
71.71717171717174,-100.0,-13825.225
73.73737373737376,-100.0,-17149.742
75.75757575757578,-100.0,-16381.911
77.7777777777778,-100.0,-16221.973
79.79797979797982,-100.0,-18408.666
81.81818181818184,-100.0,-20990.96
83.83838383838386,-100.0,-20971.219
85.85858585858588,-100.0,-21313.898
87.8787878787879,-100.0,-18389.422
89.89898989898992,-100.0,-15468.379
91.91919191919195,-100.0,-19298.008
93.93939393939394,-100.0,-20668.035
95.95959595959596,-100.0,-17810.625
97.97979797979798,-100.0,-13936.93
100.0,-100.0,-21048.031
-100.0,-97.97979797979798,-16754.025
-97.97979797979798,-97.97979797979798,-20766.662
-95.95959595959596,-97.97979797979798,-20269.074
-93.93939393939394,-97.97979797979798,-19664.326
-91.91919191919192,-97.97979797979798,-21425.033
-89.8989898989899,-97.97979797979798,-16253.322
-87.87878787878788,-97.97979797979798,-15641.853
-85.85858585858585,-97.97979797979798,-15526.107
-83.83838383838383,-97.97979797979798,-13837.104
-81.81818181818181,-97.97979797979798,-14254.291
-79.79797979797979,-97.97979797979798,-20034.283
-77.77777777777777,-97.97979797979798,-16693.328
-75.75757575757575,-97.97979797979798,-11902.54
-73.73737373737373,-97.97979797979798,-16084.036
-71.71717171717171,-97.97979797979798,-15186.304
-69.69696969696969,-97.97979797979798,-14610.124
-67.67676767676767,-97.97979797979798,-14973.292
-65.65656565656565,-97.97979797979798,-12547.322
-63.63636363636363,-97.97979797979798,-12585.959
-61.61616161616161,-97.97979797979798,-12594.957
-59.59595959595959,-97.97979797979798,-12712.785
-57.57575757575757,-97.97979797979798,-13252.158
-55.55555555555555,-97.97979797979798,-13617.998
-53.53535353535353,-97.97979797979798,-13534.829
-51.515151515151516,-97.97979797979798,-14080.925
-49.494949494949495,-97.97979797979798,-12128.175
-47.474747474747474,-97.97979797979798,-11941.223
-45.45454545454545,-97.97979797979798,-13222.421
-43.43434343434343,-97.97979797979798,-13798.902
-41.41414141414141,-97.97979797979798,-13491.061
-39.39393939393939,-97.97979797979798,-12882.781
-37.37373737373737,-97.97979797979798,-12292.772
-35.35353535353535,-97.97979797979798,-12682.432
-33.33333333333333,-97.97979797979798,-12455.086
-31.313131313131308,-97.97979797979798,-14929.8125
-29.292929292929287,-97.97979797979798,-13226.734
-27.272727272727266,-97.97979797979798,-7947.738
-25.252525252525245,-97.97979797979798,-9199.402
-23.232323232323225,-97.97979797979798,-8947.647
-21.212121212121204,-97.97979797979798,-7522.9326
-19.191919191919183,-97.97979797979798,-10172.015
-17.171717171717162,-97.97979797979798,-9667.889
-15.151515151515142,-97.97979797979798,-8679.186
-13.13131313131312,-97.97979797979798,-7606.502
-11.1111111111111,-97.97979797979798,-9186.236
-9.09090909090908,-97.97979797979798,-9844.844
-7.0707070707070585,-97.97979797979798,-7822.6616
-5.050505050505038,-97.97979797979798,-9479.926
-3.030303030303031,-97.97979797979798,-9813.619
-1.0101010101010104,-97.97979797979798,-10365.439
1.0101010101010104,-97.97979797979798,-10998.779
3.030303030303031,-97.97979797979798,-9422.494
5.050505050505052,-97.97979797979798,-12271.627
7.070707070707073,-97.97979797979798,-9155.265
9.090909090909093,-97.97979797979798,-8276.98
11.111111111111114,-97.97979797979798,-12174.669
13.131313131313135,-97.97979797979798,-9999.513
15.151515151515156,-97.97979797979798,-9306.592
17.171717171717177,-97.97979797979798,-9294.912
19.191919191919197,-97.97979797979798,-11019.219
21.212121212121218,-97.97979797979798,-12392.44
23.23232323232324,-97.97979797979798,-12865.783
25.25252525252526,-97.97979797979798,-9117.068
27.27272727272728,-97.97979797979798,-9563.478
29.2929292929293,-97.97979797979798,-11147.46
31.313131313131322,-97.97979797979798,-9462.527
33.33333333333334,-97.97979797979798,-12521.145
35.353535353535364,-97.97979797979798,-12777.165
37.373737373737384,-97.97979797979798,-12211.594
39.393939393939405,-97.97979797979798,-10734.31
41.414141414141426,-97.97979797979798,-12085.592
43.43434343434345,-97.97979797979798,-10795.943
45.45454545454547,-97.97979797979798,-13776.675
47.47474747474749,-97.97979797979798,-11945.412
49.49494949494951,-97.97979797979798,-12640.447
51.51515151515153,-97.97979797979798,-11768.312
53.53535353535355,-97.97979797979798,-13217.503
55.55555555555557,-97.97979797979798,-14981.958
57.57575757575759,-97.97979797979798,-13287.821
59.59595959595961,-97.97979797979798,-13054.254
61.616161616161634,-97.97979797979798,-12872.568
63.636363636363654,-97.97979797979798,-13354.378
65.65656565656568,-97.97979797979798,-13100.371
67.6767676767677,-97.97979797979798,-14773.926
69.69696969696972,-97.97979797979798,-15260.761
71.71717171717174,-97.97979797979798,-15190.853
73.73737373737376,-97.97979797979798,-16385.389
75.75757575757578,-97.97979797979798,-16851.033
77.7777777777778,-97.97979797979798,-15996.756
79.79797979797982,-97.97979797979798,-18321.512
81.81818181818184,-97.97979797979798,-17757.885
83.83838383838386,-97.97979797979798,-18733.668
85.85858585858588,-97.97979797979798,-19321.766
87.8787878787879,-97.97979797979798,-22060.703
89.89898989898992,-97.97979797979798,-17687.287
91.91919191919195,-97.97979797979798,-20154.895
93.93939393939394,-97.97979797979798,-19889.502
95.95959595959596,-97.97979797979798,-19760.277
97.97979797979798,-97.97979797979798,-19248.068
100.0,-97.97979797979798,-22666.762
-100.0,-95.95959595959596,-16207.858
-97.97979797979798,-95.95959595959596,-19248.918
-95.95959595959596,-95.95959595959596,-21088.336
-93.93939393939394,-95.95959595959596,-17327.098
-91.91919191919192,-95.95959595959596,-18079.23
-89.8989898989899,-95.95959595959596,-17013.447
-87.87878787878788,-95.95959595959596,-16474.254
-85.85858585858585,-95.95959595959596,-17112.783
-83.83838383838383,-95.95959595959596,-15905.988
-81.81818181818181,-95.95959595959596,-16744.883
-79.79797979797979,-95.95959595959596,-17308.016
-77.77777777777777,-95.95959595959596,-15145.675
-75.75757575757575,-95.95959595959596,-9682.951
-73.73737373737373,-95.95959595959596,-14144.913
-71.71717171717171,-95.95959595959596,-13398.173
-69.69696969696969,-95.95959595959596,-13374.813
-67.67676767676767,-95.95959595959596,-13610.6875
-65.65656565656565,-95.95959595959596,-12346.591
-63.63636363636363,-95.95959595959596,-11766.009
-61.61616161616161,-95.95959595959596,-10528.61
-59.59595959595959,-95.95959595959596,-11429.191
-57.57575757575757,-95.95959595959596,-13104.098
-55.55555555555555,-95.95959595959596,-13869.404
-53.53535353535353,-95.95959595959596,-13786.235
-51.515151515151516,-95.95959595959596,-13569.701
-49.494949494949495,-95.95959595959596,-12716.513
-47.474747474747474,-95.95959595959596,-13303.58
-45.45454545454545,-95.95959595959596,-13448.861
-43.43434343434343,-95.95959595959596,-12065.959
-41.41414141414141,-95.95959595959596,-12271.677
-39.39393939393939,-95.95959595959596,-11663.397
-37.37373737373737,-95.95959595959596,-10819.383
-35.35353535353535,-95.95959595959596,-11488.204
-33.33333333333333,-95.95959595959596,-10791.373
-31.313131313131308,-95.95959595959596,-12512.289
-29.292929292929287,-95.95959595959596,-11266.484
-27.272727272727266,-95.95959595959596,-10699.438
-25.252525252525245,-95.95959595959596,-9189.219
-23.232323232323225,-95.95959595959596,-8738.179
-21.212121212121204,-95.95959595959596,-9831.058
-19.191919191919183,-95.95959595959596,-10896.197
-17.171717171717162,-95.95959595959596,-9565.871
-15.151515151515142,-95.95959595959596,-9932.425
-13.13131313131312,-95.95959595959596,-9873.477
-11.1111111111111,-95.95959595959596,-9285.318
-9.09090909090908,-95.95959595959596,-10012.301
-7.0707070707070585,-95.95959595959596,-9420.224
-5.050505050505038,-95.95959595959596,-8460.191
-3.030303030303031,-95.95959595959596,-9593.832
-1.0101010101010104,-95.95959595959596,-9768.294
1.0101010101010104,-95.95959595959596,-8193.799
3.030303030303031,-95.95959595959596,-8403.307
5.050505050505052,-95.95959595959596,-8113.9478
7.070707070707073,-95.95959595959596,-9041.517
9.090909090909093,-95.95959595959596,-8870.112
11.111111111111114,-95.95959595959596,-8552.538
13.131313131313135,-95.95959595959596,-9020.073
15.151515151515156,-95.95959595959596,-8588.819
17.171717171717177,-95.95959595959596,-8372.72
19.191919191919197,-95.95959595959596,-8477.224
21.212121212121218,-95.95959595959596,-8332.517
23.23232323232324,-95.95959595959596,-9683.361
25.25252525252526,-95.95959595959596,-8667.48
27.27272727272728,-95.95959595959596,-8647.263
29.2929292929293,-95.95959595959596,-10697.981
31.313131313131322,-95.95959595959596,-8415.724
33.33333333333334,-95.95959595959596,-8894.6
35.353535353535364,-95.95959595959596,-10891.329
37.373737373737384,-95.95959595959596,-9933.087
39.393939393939405,-95.95959595959596,-8043.4126
41.414141414141426,-95.95959595959596,-10082.864
43.43434343434345,-95.95959595959596,-8374.135
45.45454545454547,-95.95959595959596,-11129.886
47.47474747474749,-95.95959595959596,-9226.409
49.49494949494951,-95.95959595959596,-10643.659
51.51515151515153,-95.95959595959596,-10163.721
53.53535353535355,-95.95959595959596,-10776.719
55.55555555555557,-95.95959595959596,-12002.31
57.57575757575759,-95.95959595959596,-10472.521
59.59595959595961,-95.95959595959596,-10616.772
61.616161616161634,-95.95959595959596,-10143.721
63.636363636363654,-95.95959595959596,-11136.237
65.65656565656568,-95.95959595959596,-11098.171
67.6767676767677,-95.95959595959596,-10278.219
69.69696969696972,-95.95959595959596,-11299.767
71.71717171717174,-95.95959595959596,-13328.314
73.73737373737376,-95.95959595959596,-14109.323
75.75757575757578,-95.95959595959596,-14446.887
77.7777777777778,-95.95959595959596,-13430.418
79.79797979797982,-95.95959595959596,-14600.342
81.81818181818184,-95.95959595959596,-14037.53
83.83838383838386,-95.95959595959596,-14810.214
85.85858585858588,-95.95959595959596,-16176.808
87.8787878787879,-95.95959595959596,-15869.689
89.89898989898992,-95.95959595959596,-16518.928
91.91919191919195,-95.95959595959596,-18693.984
93.93939393939394,-95.95959595959596,-19562.113
95.95959595959596,-95.95959595959596,-19230.88
97.97979797979798,-95.95959595959596,-15439.441
100.0,-95.95959595959596,-20588.36
-100.0,-93.93939393939394,-16067.816
-97.97979797979798,-93.93939393939394,-18221.555
-95.95959595959596,-93.93939393939394,-18761.768
-93.93939393939394,-93.93939393939394,-16924.543
-91.91919191919192,-93.93939393939394,-17676.676
-89.8989898989899,-93.93939393939394,-17347.793
-87.87878787878788,-93.93939393939394,-16804.422
-85.85858585858585,-93.93939393939394,-16270.889
-83.83838383838383,-93.93939393939394,-14896.225
-81.81818181818181,-93.93939393939394,-15376.797
-79.79797979797979,-93.93939393939394,-15260.634
-77.77777777777777,-93.93939393939394,-15540.945
-75.75757575757575,-93.93939393939394,-14184.3955
-73.73737373737373,-93.93939393939394,-14331.086
-71.71717171717171,-93.93939393939394,-13425.681
-69.69696969696969,-93.93939393939394,-11790.863
-67.67676767676767,-93.93939393939394,-13138.626
-65.65656565656565,-93.93939393939394,-12068.726
-63.63636363636363,-93.93939393939394,-11299.804
-61.61616161616161,-93.93939393939394,-10303.725
-59.59595959595959,-93.93939393939394,-10969.352
-57.57575757575757,-93.93939393939394,-12081.807
-55.55555555555555,-93.93939393939394,-12447.646
-53.53535353535353,-93.93939393939394,-12256.39
-51.515151515151516,-93.93939393939394,-12349.205
-49.494949494949495,-93.93939393939394,-14525.883
-47.474747474747474,-93.93939393939394,-12016.411
-45.45454545454545,-93.93939393939394,-12161.692
-43.43434343434343,-93.93939393939394,-11099.922
-41.41414141414141,-93.93939393939394,-11464.304
-39.39393939393939,-93.93939393939394,-10856.024
-37.37373737373737,-93.93939393939394,-10452.287
-35.35353535353535,-93.93939393939394,-11121.108
-33.33333333333333,-93.93939393939394,-10297.658
-31.313131313131308,-93.93939393939394,-10766.457
-29.292929292929287,-93.93939393939394,-10593.008
-27.272727272727266,-93.93939393939394,-10726.893
-25.252525252525245,-93.93939393939394,-8900.582
-23.232323232323225,-93.93939393939394,-8376.767
-21.212121212121204,-93.93939393939394,-9370.505
-19.191919191919183,-93.93939393939394,-8205.813
-17.171717171717162,-93.93939393939394,-8842.761
-15.151515151515142,-93.93939393939394,-8570.626
-13.13131313131312,-93.93939393939394,-9749.641
-11.1111111111111,-93.93939393939394,-9564.694
-9.09090909090908,-93.93939393939394,-9217.74
-7.0707070707070585,-93.93939393939394,-9357.987
-5.050505050505038,-93.93939393939394,-10149.855
-3.030303030303031,-93.93939393939394,-9382.363
-1.0101010101010104,-93.93939393939394,-10482.05
1.0101010101010104,-93.93939393939394,-8362.005
3.030303030303031,-93.93939393939394,-9575.887
5.050505050505052,-93.93939393939394,-9190.308
7.070707070707073,-93.93939393939394,-9360.941
9.090909090909093,-93.93939393939394,-8838.367
11.111111111111114,-93.93939393939394,-8963.496
13.131313131313135,-93.93939393939394,-9406.874
15.151515151515156,-93.93939393939394,-8769.571
17.171717171717177,-93.93939393939394,-8618.984
19.191919191919197,-93.93939393939394,-8814.705
21.212121212121218,-93.93939393939394,-8781.1875
23.23232323232324,-93.93939393939394,-10132.032
25.25252525252526,-93.93939393939394,-9319.1455
27.27272727272728,-93.93939393939394,-9298.928
29.2929292929293,-93.93939393939394,-11048.264
31.313131313131322,-93.93939393939394,-7171.259
33.33333333333334,-93.93939393939394,-9244.882
35.353535353535364,-93.93939393939394,-11241.611
37.373737373737384,-93.93939393939394,-10283.369
39.393939393939405,-93.93939393939394,-10459.648
41.414141414141426,-93.93939393939394,-10353.878
43.43434343434345,-93.93939393939394,-8645.148
45.45454545454547,-93.93939393939394,-8975.584
47.47474747474749,-93.93939393939394,-8812.484
49.49494949494951,-93.93939393939394,-11009.862
51.51515151515153,-93.93939393939394,-10776.9795
53.53535353535355,-93.93939393939394,-11389.978
55.55555555555557,-93.93939393939394,-12352.592
57.57575757575759,-93.93939393939394,-11041.867
59.59595959595961,-93.93939393939394,-11186.118
61.616161616161634,-93.93939393939394,-10370.072
63.636363636363654,-93.93939393939394,-11619.431
65.65656565656568,-93.93939393939394,-11689.452
67.6767676767677,-93.93939393939394,-10486.694
69.69696969696972,-93.93939393939394,-11919.151
71.71717171717174,-93.93939393939394,-13309.025
73.73737373737376,-93.93939393939394,-13509.976
75.75757575757578,-93.93939393939394,-13624.514
77.7777777777778,-93.93939393939394,-13419.0
79.79797979797982,-93.93939393939394,-14508.582
81.81818181818184,-93.93939393939394,-14271.466
83.83838383838386,-93.93939393939394,-15117.301
85.85858585858588,-93.93939393939394,-16043.142
87.8787878787879,-93.93939393939394,-15182.683
89.89898989898992,-93.93939393939394,-16551.543
91.91919191919195,-93.93939393939394,-19338.867
93.93939393939394,-93.93939393939394,-19193.803
95.95959595959596,-93.93939393939394,-18283.299
97.97979797979798,-93.93939393939394,-14835.1875
100.0,-93.93939393939394,-17492.564
-100.0,-91.91919191919192,-18532.318
-97.97979797979798,-91.91919191919192,-17787.936
-95.95959595959596,-91.91919191919192,-20367.162
-93.93939393939394,-91.91919191919192,-17946.37
-91.91919191919192,-91.91919191919192,-18499.896
-89.8989898989899,-91.91919191919192,-17163.621
-87.87878787878788,-91.91919191919192,-16743.824
-85.85858585858585,-91.91919191919192,-16510.271
-83.83838383838383,-91.91919191919192,-15320.522
-81.81818181818181,-91.91919191919192,-15450.101
-79.79797979797979,-91.91919191919192,-15306.879
-77.77777777777777,-91.91919191919192,-15578.279
-75.75757575757575,-91.91919191919192,-13714.168
-73.73737373737373,-91.91919191919192,-14404.885
-71.71717171717171,-91.91919191919192,-13499.4795
-69.69696969696969,-91.91919191919192,-16370.366
-67.67676767676767,-91.91919191919192,-13027.79
-65.65656565656565,-91.91919191919192,-12158.257
-63.63636363636363,-91.91919191919192,-11389.335
-61.61616161616161,-91.91919191919192,-11647.028
-59.59595959595959,-91.91919191919192,-10910.971
-57.57575757575757,-91.91919191919192,-11889.373
-55.55555555555555,-91.91919191919192,-12255.213
-53.53535353535353,-91.91919191919192,-12063.956
-51.515151515151516,-91.91919191919192,-11160.907
-49.494949494949495,-91.91919191919192,-9117.149
-47.474747474747474,-91.91919191919192,-11118.128
-45.45454545454545,-91.91919191919192,-11784.571
-43.43434343434343,-91.91919191919192,-10487.75
-41.41414141414141,-91.91919191919192,-10812.6045
-39.39393939393939,-91.91919191919192,-10204.325
-37.37373737373737,-91.91919191919192,-9747.503
-35.35353535353535,-91.91919191919192,-10137.162
-33.33333333333333,-91.91919191919192,-9313.712
-31.313131313131308,-91.91919191919192,-9262.496
-29.292929292929287,-91.91919191919192,-8492.551
-27.272727272727266,-91.91919191919192,-9317.817
-25.252525252525245,-91.91919191919192,-7974.1113
-23.232323232323225,-91.91919191919192,-7588.986
-21.212121212121204,-91.91919191919192,-8232.415
-19.191919191919183,-91.91919191919192,-6980.8354
-17.171717171717162,-91.91919191919192,-7637.3135
-15.151515151515142,-91.91919191919192,-5917.2505
-13.13131313131312,-91.91919191919192,-8924.666
-11.1111111111111,-91.91919191919192,-8873.651
-9.09090909090908,-91.91919191919192,-8526.697
-7.0707070707070585,-91.91919191919192,-8931.592
-5.050505050505038,-91.91919191919192,-8880.58
-3.030303030303031,-91.91919191919192,-8691.32
-1.0101010101010104,-91.91919191919192,-9018.303
1.0101010101010104,-91.91919191919192,-7631.4707
3.030303030303031,-91.91919191919192,-8845.35
5.050505050505052,-91.91919191919192,-8459.7705
7.070707070707073,-91.91919191919192,-8637.548
9.090909090909093,-91.91919191919192,-8114.975
11.111111111111114,-91.91919191919192,-8240.102
13.131313131313135,-91.91919191919192,-9047.571
15.151515151515156,-91.91919191919192,-8046.1797
17.171717171717177,-91.91919191919192,-7994.0903
19.191919191919197,-91.91919191919192,-7770.4727
21.212121212121218,-91.91919191919192,-8749.298
23.23232323232324,-91.91919191919192,-8531.946
25.25252525252526,-91.91919191919192,-7442.376
27.27272727272728,-91.91919191919192,-7422.1577
29.2929292929293,-91.91919191919192,-9823.438
31.313131313131322,-91.91919191919192,-9006.168
33.33333333333334,-91.91919191919192,-9917.733
35.353535353535364,-91.91919191919192,-10969.291
37.373737373737384,-91.91919191919192,-10546.386
39.393939393939405,-91.91919191919192,-10878.67
41.414141414141426,-91.91919191919192,-10375.863
43.43434343434345,-91.91919191919192,-9064.17
45.45454545454547,-91.91919191919192,-10466.684
47.47474747474749,-91.91919191919192,-10149.272
49.49494949494951,-91.91919191919192,-10909.944
51.51515151515153,-91.91919191919192,-10599.464
53.53535353535355,-91.91919191919192,-11038.222
55.55555555555557,-91.91919191919192,-12273.72
57.57575757575759,-91.91919191919192,-10033.592
59.59595959595961,-91.91919191919192,-10177.843
61.616161616161634,-91.91919191919192,-9585.252
63.636363636363654,-91.91919191919192,-11714.46
65.65656565656568,-91.91919191919192,-11560.612
67.6767676767677,-91.91919191919192,-11194.977
69.69696969696972,-91.91919191919192,-12055.767
71.71717171717174,-91.91919191919192,-13928.673
73.73737373737376,-91.91919191919192,-14129.623
75.75757575757578,-91.91919191919192,-14338.349
77.7777777777778,-91.91919191919192,-14587.681
79.79797979797982,-91.91919191919192,-15701.538
81.81818181818184,-91.91919191919192,-15019.204
83.83838383838386,-91.91919191919192,-15865.039
85.85858585858588,-91.91919191919192,-16692.273
87.8787878787879,-91.91919191919192,-15831.82
89.89898989898992,-91.91919191919192,-17200.674
91.91919191919195,-91.91919191919192,-18777.812
93.93939393939394,-91.91919191919192,-18655.193
95.95959595959596,-91.91919191919192,-17085.885
97.97979797979798,-91.91919191919192,-20427.807
100.0,-91.91919191919192,-18957.06
-100.0,-89.8989898989899,-16614.252
-97.97979797979798,-89.8989898989899,-17471.63
-95.95959595959596,-89.8989898989899,-19460.885
-93.93939393939394,-89.8989898989899,-17257.783
-91.91919191919192,-89.8989898989899,-17811.31
-89.8989898989899,-89.8989898989899,-17393.42
-87.87878787878788,-89.8989898989899,-16235.281
-85.85858585858585,-89.8989898989899,-15564.676
-83.83838383838383,-89.8989898989899,-14723.003
-81.81818181818181,-89.8989898989899,-14852.581
-79.79797979797979,-89.8989898989899,-14510.608
-77.77777777777777,-89.8989898989899,-14782.009
-75.75757575757575,-89.8989898989899,-12917.897
-73.73737373737373,-89.8989898989899,-13536.943
-71.71717171717171,-89.8989898989899,-12510.413
-69.69696969696969,-89.8989898989899,-15523.993
-67.67676767676767,-89.8989898989899,-12349.981
-65.65656565656565,-89.8989898989899,-11852.294
-63.63636363636363,-89.8989898989899,-11078.534
-61.61616161616161,-89.8989898989899,-11055.334
-59.59595959595959,-89.8989898989899,-10498.666
-57.57575757575757,-89.8989898989899,-11477.068
-55.55555555555555,-89.8989898989899,-11842.908
-53.53535353535353,-89.8989898989899,-11651.651
-51.515151515151516,-89.8989898989899,-10748.603
-49.494949494949495,-89.8989898989899,-8402.941
-47.474747474747474,-89.8989898989899,-10796.508
-45.45454545454545,-89.8989898989899,-11577.932
-43.43434343434343,-89.8989898989899,-10202.696
-41.41414141414141,-89.8989898989899,-10304.532
-39.39393939393939,-89.8989898989899,-9696.253
-37.37373737373737,-89.8989898989899,-9239.431
-35.35353535353535,-89.8989898989899,-9629.09
-33.33333333333333,-89.8989898989899,-8805.64
-31.313131313131308,-89.8989898989899,-8754.424
-29.292929292929287,-89.8989898989899,-8225.306
-27.272727272727266,-89.8989898989899,-9143.496
-25.252525252525245,-89.8989898989899,-7666.4224
-23.232323232323225,-89.8989898989899,-7281.293
-21.212121212121204,-89.8989898989899,-7924.73
-19.191919191919183,-89.8989898989899,-5978.362
-17.171717171717162,-89.8989898989899,-7321.798
-15.151515151515142,-89.8989898989899,-6226.118
-13.13131313131312,-89.8989898989899,-8609.151
-11.1111111111111,-89.8989898989899,-8315.12
-9.09090909090908,-89.8989898989899,-7968.168
-7.0707070707070585,-89.8989898989899,-8373.061
-5.050505050505038,-89.8989898989899,-7539.533
-3.030303030303031,-89.8989898989899,-8132.792
-1.0101010101010104,-89.8989898989899,-8543.628
1.0101010101010104,-89.8989898989899,-7156.7964
3.030303030303031,-89.8989898989899,-9775.641
5.050505050505052,-89.8989898989899,-9390.062
7.070707070707073,-89.8989898989899,-8385.737
9.090909090909093,-89.8989898989899,-7905.247
11.111111111111114,-89.8989898989899,-8250.333
13.131313131313135,-89.8989898989899,-8429.031
15.151515151515156,-89.8989898989899,-7978.8423
17.171717171717177,-89.8989898989899,-7868.23
19.191919191919197,-89.8989898989899,-8175.3555
21.212121212121218,-89.8989898989899,-8444.652
23.23232323232324,-89.8989898989899,-8227.303
25.25252525252526,-89.8989898989899,-8806.517
27.27272727272728,-89.8989898989899,-8786.299
29.2929292929293,-89.8989898989899,-9401.066
31.313131313131322,-89.8989898989899,-9513.284
33.33333333333334,-89.8989898989899,-10259.816
35.353535353535364,-89.8989898989899,-11128.517
37.373737373737384,-89.8989898989899,-10169.873
39.393939393939405,-89.8989898989899,-11425.976
41.414141414141426,-89.8989898989899,-12295.187
43.43434343434345,-89.8989898989899,-11830.868
45.45454545454547,-89.8989898989899,-11738.391
47.47474747474749,-89.8989898989899,-11638.159
49.49494949494951,-89.8989898989899,-12560.194
51.51515151515153,-89.8989898989899,-11333.201
53.53535353535355,-89.8989898989899,-11377.569
55.55555555555557,-89.8989898989899,-12356.49
57.57575757575759,-89.8989898989899,-10862.249
59.59595959595961,-89.8989898989899,-10060.089
61.616161616161634,-89.8989898989899,-9236.439
63.636363636363654,-89.8989898989899,-11365.647
65.65656565656568,-89.8989898989899,-11211.8
67.6767676767677,-89.8989898989899,-12125.735
69.69696969696972,-89.8989898989899,-12522.07
71.71717171717174,-89.8989898989899,-14512.886
73.73737373737376,-89.8989898989899,-14501.03
75.75757575757578,-89.8989898989899,-14497.25
77.7777777777778,-89.8989898989899,-14746.582
79.79797979797982,-89.8989898989899,-15550.186
81.81818181818184,-89.8989898989899,-14205.444
83.83838383838386,-89.8989898989899,-15192.591
85.85858585858588,-89.8989898989899,-15778.517
87.8787878787879,-89.8989898989899,-15055.702
89.89898989898992,-89.8989898989899,-16899.887
91.91919191919195,-89.8989898989899,-18003.398
93.93939393939394,-89.8989898989899,-17770.818
95.95959595959596,-89.8989898989899,-16572.586
97.97979797979798,-89.8989898989899,-18321.773
100.0,-89.8989898989899,-19386.17
-100.0,-87.87878787878788,-13299.782
-97.97979797979798,-87.87878787878788,-17234.842
-95.95959595959596,-87.87878787878788,-13543.322
-93.93939393939394,-87.87878787878788,-15709.038
-91.91919191919192,-87.87878787878788,-16642.57
-89.8989898989899,-87.87878787878788,-16470.246
-87.87878787878788,-87.87878787878788,-15468.351
-85.85858585858585,-87.87878787878788,-15274.6875
-83.83838383838383,-87.87878787878788,-14678.181
-81.81818181818181,-87.87878787878788,-15017.151
-79.79797979797979,-87.87878787878788,-14746.234
-77.77777777777777,-87.87878787878788,-14971.387
-75.75757575757575,-87.87878787878788,-12896.8955
-73.73737373737373,-87.87878787878788,-13515.941
-71.71717171717171,-87.87878787878788,-12250.678
-69.69696969696969,-87.87878787878788,-11401.925
-67.67676767676767,-87.87878787878788,-12090.246
-65.65656565656565,-87.87878787878788,-11592.559
-63.63636363636363,-87.87878787878788,-10818.799
-61.61616161616161,-87.87878787878788,-10804.111
-59.59595959595959,-87.87878787878788,-10247.443
-57.57575757575757,-87.87878787878788,-11389.964
-55.55555555555555,-87.87878787878788,-11755.804
-53.53535353535353,-87.87878787878788,-11564.547
-51.515151515151516,-87.87878787878788,-10661.498
-49.494949494949495,-87.87878787878788,-8744.233
-47.474747474747474,-87.87878787878788,-10709.597
-45.45454545454545,-87.87878787878788,-11491.0205
-43.43434343434343,-87.87878787878788,-10115.785
-41.41414141414141,-87.87878787878788,-10517.176
-39.39393939393939,-87.87878787878788,-10050.914
-37.37373737373737,-87.87878787878788,-9594.092
-35.35353535353535,-87.87878787878788,-9983.751
-33.33333333333333,-87.87878787878788,-9160.301
-31.313131313131308,-87.87878787878788,-8336.081
-29.292929292929287,-87.87878787878788,-9382.813
-27.272727272727266,-87.87878787878788,-9193.481
-25.252525252525245,-87.87878787878788,-7525.7915
-23.232323232323225,-87.87878787878788,-6725.13
-21.212121212121204,-87.87878787878788,-7652.2964
-19.191919191919183,-87.87878787878788,-5705.928
-17.171717171717162,-87.87878787878788,-7049.3643
-15.151515151515142,-87.87878787878788,-5953.683
-13.13131313131312,-87.87878787878788,-8526.651
-11.1111111111111,-87.87878787878788,-10275.092
-9.09090909090908,-87.87878787878788,-8245.529
-7.0707070707070585,-87.87878787878788,-8650.423
-5.050505050505038,-87.87878787878788,-7799.113
-3.030303030303031,-87.87878787878788,-8392.365
-1.0101010101010104,-87.87878787878788,-8445.11
1.0101010101010104,-87.87878787878788,-8269.87
3.030303030303031,-87.87878787878788,-8304.261
5.050505050505052,-87.87878787878788,-7918.684
7.070707070707073,-87.87878787878788,-8285.508
9.090909090909093,-87.87878787878788,-7805.021
11.111111111111114,-87.87878787878788,-8685.594
13.131313131313135,-87.87878787878788,-7965.8774
15.151515151515156,-87.87878787878788,-7791.924
17.171717171717177,-87.87878787878788,-7798.7197
19.191919191919197,-87.87878787878788,-8120.4614
21.212121212121218,-87.87878787878788,-8389.756
23.23232323232324,-87.87878787878788,-7436.3228
25.25252525252526,-87.87878787878788,-8245.638
27.27272727272728,-87.87878787878788,-8225.419
29.2929292929293,-87.87878787878788,-8485.491
31.313131313131322,-87.87878787878788,-8218.039
33.33333333333334,-87.87878787878788,-8724.45
35.353535353535364,-87.87878787878788,-9636.3545
37.373737373737384,-87.87878787878788,-9155.558
39.393939393939405,-87.87878787878788,-9998.822
41.414141414141426,-87.87878787878788,-9948.817
43.43434343434345,-87.87878787878788,-8824.408
45.45454545454547,-87.87878787878788,-9577.686
47.47474747474749,-87.87878787878788,-9364.283
49.49494949494951,-87.87878787878788,-11198.58
51.51515151515153,-87.87878787878788,-10744.254
53.53535353535355,-87.87878787878788,-11397.4
55.55555555555557,-87.87878787878788,-11801.65
57.57575757575759,-87.87878787878788,-10406.896
59.59595959595961,-87.87878787878788,-10551.147
61.616161616161634,-87.87878787878788,-10670.385
63.636363636363654,-87.87878787878788,-11997.663
65.65656565656568,-87.87878787878788,-11843.815
67.6767676767677,-87.87878787878788,-12937.565
69.69696969696972,-87.87878787878788,-13191.046
71.71717171717174,-87.87878787878788,-13373.01
73.73737373737376,-87.87878787878788,-13517.425
75.75757575757578,-87.87878787878788,-13987.279
77.7777777777778,-87.87878787878788,-12894.586
79.79797979797982,-87.87878787878788,-15610.018
81.81818181818184,-87.87878787878788,-14621.403
83.83838383838386,-87.87878787878788,-15756.115
85.85858585858588,-87.87878787878788,-16597.234
87.8787878787879,-87.87878787878788,-16105.483
89.89898989898992,-87.87878787878788,-17232.883
91.91919191919195,-87.87878787878788,-18336.395
93.93939393939394,-87.87878787878788,-19088.395
95.95959595959596,-87.87878787878788,-17618.36
97.97979797979798,-87.87878787878788,-17854.852
100.0,-87.87878787878788,-19674.281
-100.0,-85.85858585858585,-19573.195
-97.97979797979798,-85.85858585858585,-19014.35
-95.95959595959596,-85.85858585858585,-17794.357
-93.93939393939394,-85.85858585858585,-16450.61
-91.91919191919192,-85.85858585858585,-16558.47
-89.8989898989899,-85.85858585858585,-15481.334
-87.87878787878788,-85.85858585858585,-14558.523
-85.85858585858585,-85.85858585858585,-14265.945
-83.83838383838383,-85.85858585858585,-13556.148
-81.81818181818181,-85.85858585858585,-13962.656
-79.79797979797979,-85.85858585858585,-13554.594
-77.77777777777777,-85.85858585858585,-13779.746
-75.75757575757575,-85.85858585858585,-12056.795
-73.73737373737373,-85.85858585858585,-12514.155
-71.71717171717171,-85.85858585858585,-11318.086
-69.69696969696969,-85.85858585858585,-10469.334
-67.67676767676767,-85.85858585858585,-11301.812
-65.65656565656565,-85.85858585858585,-11414.953
-63.63636363636363,-85.85858585858585,-10912.573
-61.61616161616161,-85.85858585858585,-10897.886
-59.59595959595959,-85.85858585858585,-10341.218
-57.57575757575757,-85.85858585858585,-11319.62
-55.55555555555555,-85.85858585858585,-12051.311
-53.53535353535353,-85.85858585858585,-11494.203
-51.515151515151516,-85.85858585858585,-10591.154
-49.494949494949495,-85.85858585858585,-8673.89
-47.474747474747474,-85.85858585858585,-10639.253
-45.45454545454545,-85.85858585858585,-11420.677
-43.43434343434343,-85.85858585858585,-10115.4795
-41.41414141414141,-85.85858585858585,-10516.87
-39.39393939393939,-85.85858585858585,-10050.608
-37.37373737373737,-85.85858585858585,-9593.786
-35.35353535353535,-85.85858585858585,-9983.445
-33.33333333333333,-85.85858585858585,-9159.995
-31.313131313131308,-85.85858585858585,-9681.697
-29.292929292929287,-85.85858585858585,-9382.508
-27.272727272727266,-85.85858585858585,-8824.3955
-25.252525252525245,-85.85858585858585,-7070.8413
-23.232323232323225,-85.85858585858585,-6935.702
-21.212121212121204,-85.85858585858585,-7862.8687
-19.191919191919183,-85.85858585858585,-5916.5005
-17.171717171717162,-85.85858585858585,-7259.9365
-15.151515151515142,-85.85858585858585,-6901.4795
-13.13131313131312,-85.85858585858585,-8547.292
-11.1111111111111,-85.85858585858585,-10016.145
-9.09090909090908,-85.85858585858585,-8557.034
-7.0707070707070585,-85.85858585858585,-8671.063
-5.050505050505038,-85.85858585858585,-8883.455
-3.030303030303031,-85.85858585858585,-8413.006
-1.0101010101010104,-85.85858585858585,-8465.751
1.0101010101010104,-85.85858585858585,-8290.511
3.030303030303031,-85.85858585858585,-8324.9
5.050505050505052,-85.85858585858585,-7412.79
7.070707070707073,-85.85858585858585,-8210.515
9.090909090909093,-85.85858585858585,-7874.9478
11.111111111111114,-85.85858585858585,-9006.404
13.131313131313135,-85.85858585858585,-8292.069
15.151515151515156,-85.85858585858585,-7812.5645
17.171717171717177,-85.85858585858585,-7673.9316
19.191919191919197,-85.85858585858585,-7898.604
21.212121212121218,-85.85858585858585,-8000.026
23.23232323232324,-85.85858585858585,-7440.9097
25.25252525252526,-85.85858585858585,-8453.425
27.27272727272728,-85.85858585858585,-8433.207
29.2929292929293,-85.85858585858585,-8923.975
31.313131313131322,-85.85858585858585,-8656.522
33.33333333333334,-85.85858585858585,-9162.934
35.353535353535364,-85.85858585858585,-10111.78
37.373737373737384,-85.85858585858585,-9630.983
39.393939393939405,-85.85858585858585,-9291.477
41.414141414141426,-85.85858585858585,-10102.959
43.43434343434345,-85.85858585858585,-8042.184
45.45454545454547,-85.85858585858585,-9509.552
47.47474747474749,-85.85858585858585,-9519.8125
49.49494949494951,-85.85858585858585,-11130.446
51.51515151515153,-85.85858585858585,-10746.96
53.53535353535355,-85.85858585858585,-11952.693
55.55555555555557,-85.85858585858585,-12164.585
57.57575757575759,-85.85858585858585,-10596.279
59.59595959595961,-85.85858585858585,-10755.342
61.616161616161634,-85.85858585858585,-10168.004
63.636363636363654,-85.85858585858585,-11425.811
65.65656565656568,-85.85858585858585,-11630.14
67.6767676767677,-85.85858585858585,-12623.398
69.69696969696972,-85.85858585858585,-12876.879
71.71717171717174,-85.85858585858585,-12817.529
73.73737373737376,-85.85858585858585,-12961.944
75.75757575757578,-85.85858585858585,-13194.65
77.7777777777778,-85.85858585858585,-13636.597
79.79797979797982,-85.85858585858585,-13905.8
81.81818181818184,-85.85858585858585,-13610.635
83.83838383838386,-85.85858585858585,-15113.74
85.85858585858588,-85.85858585858585,-16513.047
87.8787878787879,-85.85858585858585,-15463.108
89.89898989898992,-85.85858585858585,-16590.502
91.91919191919195,-85.85858585858585,-17018.572
93.93939393939394,-85.85858585858585,-18199.824
95.95959595959596,-85.85858585858585,-17084.732
97.97979797979798,-85.85858585858585,-17214.322
100.0,-85.85858585858585,-20045.412
-100.0,-83.83838383838383,-17630.727
-97.97979797979798,-83.83838383838383,-18071.016
-95.95959595959596,-83.83838383838383,-15626.359
-93.93939393939394,-83.83838383838383,-15773.018
-91.91919191919192,-83.83838383838383,-15880.873
-89.8989898989899,-83.83838383838383,-14391.554
-87.87878787878788,-83.83838383838383,-13600.329
-85.85858585858585,-83.83838383838383,-13565.873
-83.83838383838383,-83.83838383838383,-12888.204
-81.81818181818181,-83.83838383838383,-13294.712
-79.79797979797979,-83.83838383838383,-12767.069
-77.77777777777777,-83.83838383838383,-12992.222
-75.75757575757575,-83.83838383838383,-11420.96
-73.73737373737373,-83.83838383838383,-12011.446
-71.71717171717171,-83.83838383838383,-10613.295
-69.69696969696969,-83.83838383838383,-9319.151
-67.67676767676767,-83.83838383838383,-10751.757
-65.65656565656565,-83.83838383838383,-10648.375
-63.63636363636363,-83.83838383838383,-10081.218
-61.61616161616161,-83.83838383838383,-10066.53
-59.59595959595959,-83.83838383838383,-9509.862
-57.57575757575757,-83.83838383838383,-10488.265
-55.55555555555555,-83.83838383838383,-11408.261
-53.53535353535353,-83.83838383838383,-10957.8545
-51.515151515151516,-83.83838383838383,-10378.62
-49.494949494949495,-83.83838383838383,-8614.165
-47.474747474747474,-83.83838383838383,-10367.927
-45.45454545454545,-83.83838383838383,-10955.272
-43.43434343434343,-83.83838383838383,-9625.385
-41.41414141414141,-83.83838383838383,-10207.016
-39.39393939393939,-83.83838383838383,-9647.633
-37.37373737373737,-83.83838383838383,-9289.868
-35.35353535353535,-83.83838383838383,-9679.527
-33.33333333333333,-83.83838383838383,-8562.165
-31.313131313131308,-83.83838383838383,-9083.866
-29.292929292929287,-83.83838383838383,-8784.679
-27.272727272727266,-83.83838383838383,-7968.691
-25.252525252525245,-83.83838383838383,-6534.47
-23.232323232323225,-83.83838383838383,-6387.456
-21.212121212121204,-83.83838383838383,-7314.6226
-19.191919191919183,-83.83838383838383,-5963.2075
-17.171717171717162,-83.83838383838383,-7650.9473
-15.151515151515142,-83.83838383838383,-8799.935
-13.13131313131312,-83.83838383838383,-8004.5957
-11.1111111111111,-83.83838383838383,-7274.4126
-9.09090909090908,-83.83838383838383,-7528.1216
-7.0707070707070585,-83.83838383838383,-7677.98
-5.050505050505038,-83.83838383838383,-8418.826
-3.030303030303031,-83.83838383838383,-7856.6753
-1.0101010101010104,-83.83838383838383,-7909.4224
1.0101010101010104,-83.83838383838383,-7734.1807
3.030303030303031,-83.83838383838383,-7768.569
5.050505050505052,-83.83838383838383,-6856.4536
7.070707070707073,-83.83838383838383,-7084.003
9.090909090909093,-83.83838383838383,-6748.434
11.111111111111114,-83.83838383838383,-7879.8965
13.131313131313135,-83.83838383838383,-7165.557
15.151515151515156,-83.83838383838383,-6686.051
17.171717171717177,-83.83838383838383,-6547.418
19.191919191919197,-83.83838383838383,-6772.0903
21.212121212121218,-83.83838383838383,-6873.512
23.23232323232324,-83.83838383838383,-5395.0664
25.25252525252526,-83.83838383838383,-7410.4214
27.27272727272728,-83.83838383838383,-7390.2036
29.2929292929293,-83.83838383838383,-7786.1016
31.313131313131322,-83.83838383838383,-7518.65
33.33333333333334,-83.83838383838383,-7821.2627
35.353535353535364,-83.83838383838383,-8599.597
37.373737373737384,-83.83838383838383,-8118.8
39.393939393939405,-83.83838383838383,-7779.296
41.414141414141426,-83.83838383838383,-8834.702
43.43434343434345,-83.83838383838383,-6414.1807
45.45454545454547,-83.83838383838383,-8145.727
47.47474747474749,-83.83838383838383,-10610.484
49.49494949494951,-83.83838383838383,-11280.78
51.51515151515153,-83.83838383838383,-10828.541
53.53535353535355,-83.83838383838383,-12519.801
55.55555555555557,-83.83838383838383,-12480.658
57.57575757575759,-83.83838383838383,-10134.441
59.59595959595961,-83.83838383838383,-10293.504
61.616161616161634,-83.83838383838383,-9706.166
63.636363636363654,-83.83838383838383,-10550.887
65.65656565656568,-83.83838383838383,-10793.099
67.6767676767677,-83.83838383838383,-11893.578
69.69696969696972,-83.83838383838383,-12147.059
71.71717171717174,-83.83838383838383,-12662.773
73.73737373737376,-83.83838383838383,-12807.188
75.75757575757578,-83.83838383838383,-13025.626
77.7777777777778,-83.83838383838383,-11147.992
79.79797979797982,-83.83838383838383,-13937.673
81.81818181818184,-83.83838383838383,-13725.219
83.83838383838386,-83.83838383838383,-14679.682
85.85858585858588,-83.83838383838383,-16078.989
87.8787878787879,-83.83838383838383,-14869.619
89.89898989898992,-83.83838383838383,-15617.071
91.91919191919195,-83.83838383838383,-15629.586
93.93939393939394,-83.83838383838383,-17222.074
95.95959595959596,-83.83838383838383,-15897.809
97.97979797979798,-83.83838383838383,-16217.984
100.0,-83.83838383838383,-15932.534
-100.0,-81.81818181818181,-17737.73
-97.97979797979798,-81.81818181818181,-16339.302
-95.95959595959596,-81.81818181818181,-14884.136
-93.93939393939394,-81.81818181818181,-14576.757
-91.91919191919192,-81.81818181818181,-14684.612
-89.8989898989899,-81.81818181818181,-13739.316
-87.87878787878788,-81.81818181818181,-15751.662
-85.85858585858585,-81.81818181818181,-15255.424
-83.83838383838383,-81.81818181818181,-13496.787
-81.81818181818181,-81.81818181818181,-12927.87
-79.79797979797979,-81.81818181818181,-12323.183
-77.77777777777777,-81.81818181818181,-12548.335
-75.75757575757575,-81.81818181818181,-11832.955
-73.73737373737373,-81.81818181818181,-12101.032
-71.71717171717171,-81.81818181818181,-10702.881
-69.69696969696969,-81.81818181818181,-12013.593
-67.67676767676767,-81.81818181818181,-10841.343
-65.65656565656565,-81.81818181818181,-10525.658
-63.63636363636363,-81.81818181818181,-9958.502
-61.61616161616161,-81.81818181818181,-9943.814
-59.59595959595959,-81.81818181818181,-8872.819
-57.57575757575757,-81.81818181818181,-10622.771
-55.55555555555555,-81.81818181818181,-11542.768
-53.53535353535353,-81.81818181818181,-10957.341
-51.515151515151516,-81.81818181818181,-10378.106
-49.494949494949495,-81.81818181818181,-8794.216
-47.474747474747474,-81.81818181818181,-10160.397
-45.45454545454545,-81.81818181818181,-10747.743
-43.43434343434343,-81.81818181818181,-9569.265
-41.41414141414141,-81.81818181818181,-10150.8955
-39.39393939393939,-81.81818181818181,-10788.972
-37.37373737373737,-81.81818181818181,-8840.727
-35.35353535353535,-81.81818181818181,-9230.386
-33.33333333333333,-81.81818181818181,-7907.2246
-31.313131313131308,-81.81818181818181,-8495.562
-29.292929292929287,-81.81818181818181,-8282.061
-27.272727272727266,-81.81818181818181,-5303.4395
-25.252525252525245,-81.81818181818181,-5276.242
-23.232323232323225,-81.81818181818181,-5129.2285
-21.212121212121204,-81.81818181818181,-6738.1816
-19.191919191919183,-81.81818181818181,-6190.7646
-17.171717171717162,-81.81818181818181,-6557.3477
-15.151515151515142,-81.81818181818181,-6948.3525
-13.13131313131312,-81.81818181818181,-7169.607
-11.1111111111111,-81.81818181818181,-6420.411
-9.09090909090908,-81.81818181818181,-6806.314
-7.0707070707070585,-81.81818181818181,-6956.1724
-5.050505050505038,-81.81818181818181,-7486.0093
-3.030303030303031,-81.81818181818181,-6919.9097
-1.0101010101010104,-81.81818181818181,-6522.3096
1.0101010101010104,-81.81818181818181,-6797.415
3.030303030303031,-81.81818181818181,-7116.607
5.050505050505052,-81.81818181818181,-6204.4917
7.070707070707073,-81.81818181818181,-7002.2183
9.090909090909093,-81.81818181818181,-6666.6494
11.111111111111114,-81.81818181818181,-7359.7354
13.131313131313135,-81.81818181818181,-6753.0786
15.151515151515156,-81.81818181818181,-7331.6846
17.171717171717177,-81.81818181818181,-7370.198
19.191919191919197,-81.81818181818181,-7021.8438
21.212121212121218,-81.81818181818181,-6946.119
23.23232323232324,-81.81818181818181,-5467.674
25.25252525252526,-81.81818181818181,-7885.8833
27.27272727272728,-81.81818181818181,-7550.668
29.2929292929293,-81.81818181818181,-7946.566
31.313131313131322,-81.81818181818181,-7699.3296
33.33333333333334,-81.81818181818181,-8001.941
35.353535353535364,-81.81818181818181,-8780.271
37.373737373737384,-81.81818181818181,-8299.476
39.393939393939405,-81.81818181818181,-7959.9766
41.414141414141426,-81.81818181818181,-8984.988
43.43434343434345,-81.81818181818181,-6387.2173
45.45454545454547,-81.81818181818181,-8411.834
47.47474747474749,-81.81818181818181,-9730.798
49.49494949494951,-81.81818181818181,-10037.243
51.51515151515153,-81.81818181818181,-9585.004
53.53535353535355,-81.81818181818181,-10056.617
55.55555555555557,-81.81818181818181,-9830.352
57.57575757575759,-81.81818181818181,-9207.249
59.59595959595961,-81.81818181818181,-9366.312
61.616161616161634,-81.81818181818181,-9194.238
63.636363636363654,-81.81818181818181,-10347.444
65.65656565656568,-81.81818181818181,-11244.515
67.6767676767677,-81.81818181818181,-12249.207
69.69696969696972,-81.81818181818181,-12502.6875
71.71717171717174,-81.81818181818181,-12435.315
73.73737373737376,-81.81818181818181,-12579.73
75.75757575757578,-81.81818181818181,-12900.699
77.7777777777778,-81.81818181818181,-11552.731
79.79797979797982,-81.81818181818181,-13750.141
81.81818181818184,-81.81818181818181,-13537.686
83.83838383838386,-81.81818181818181,-14492.149
85.85858585858588,-81.81818181818181,-15765.035
87.8787878787879,-81.81818181818181,-14828.231
89.89898989898992,-81.81818181818181,-15806.642
91.91919191919195,-81.81818181818181,-15885.865
93.93939393939394,-81.81818181818181,-18121.053
95.95959595959596,-81.81818181818181,-16898.33
97.97979797979798,-81.81818181818181,-16556.424
100.0,-81.81818181818181,-20353.229
-100.0,-79.79797979797979,-19132.238
-97.97979797979798,-79.79797979797979,-15868.783
-95.95959595959596,-79.79797979797979,-14827.855
-93.93939393939394,-79.79797979797979,-14579.9375
-91.91919191919192,-79.79797979797979,-14687.793
-89.8989898989899,-79.79797979797979,-13734.265
-87.87878787878788,-79.79797979797979,-13150.638
-85.85858585858585,-79.79797979797979,-13876.765
-83.83838383838383,-79.79797979797979,-13199.097
-81.81818181818181,-79.79797979797979,-12809.995
-79.79797979797979,-79.79797979797979,-11883.575
-77.77777777777777,-79.79797979797979,-11710.391
-75.75757575757575,-79.79797979797979,-11874.128
-73.73737373737373,-79.79797979797979,-12142.205
-71.71717171717171,-79.79797979797979,-10744.054
-69.69696969696969,-79.79797979797979,-12054.766
-67.67676767676767,-79.79797979797979,-10882.516
-65.65656565656565,-79.79797979797979,-10566.831
-63.63636363636363,-79.79797979797979,-9999.675
-61.61616161616161,-79.79797979797979,-9984.987
-59.59595959595959,-79.79797979797979,-9428.319
-57.57575757575757,-79.79797979797979,-10406.722
-55.55555555555555,-79.79797979797979,-11170.212
-53.53535353535353,-79.79797979797979,-10584.785
-51.515151515151516,-79.79797979797979,-10005.551
-49.494949494949495,-79.79797979797979,-8578.166
-47.474747474747474,-79.79797979797979,-9944.348
-45.45454545454545,-79.79797979797979,-10531.693
-43.43434343434343,-79.79797979797979,-9353.215
-41.41414141414141,-79.79797979797979,-9934.846
-39.39393939393939,-79.79797979797979,-9375.463
-37.37373737373737,-79.79797979797979,-9344.997
-35.35353535353535,-79.79797979797979,-9992.069
-33.33333333333333,-79.79797979797979,-8565.955
-31.313131313131308,-79.79797979797979,-8183.1406
-29.292929292929287,-79.79797979797979,-8333.067
-27.272727272727266,-79.79797979797979,-6771.8286
-25.252525252525245,-79.79797979797979,-5437.46
-23.232323232323225,-79.79797979797979,-5363.221
-21.212121212121204,-79.79797979797979,-7154.5903
-19.191919191919183,-79.79797979797979,-6573.1685
-17.171717171717162,-79.79797979797979,-7225.487
-15.151515151515142,-79.79797979797979,-7616.4917
-13.13131313131312,-79.79797979797979,-7416.9624
-11.1111111111111,-79.79797979797979,-6667.7666
-9.09090909090908,-79.79797979797979,-7053.6694
-7.0707070707070585,-79.79797979797979,-7203.528
-5.050505050505038,-79.79797979797979,-7733.3647
-3.030303030303031,-79.79797979797979,-7167.265
-1.0101010101010104,-79.79797979797979,-7164.223
1.0101010101010104,-79.79797979797979,-7044.7705
3.030303030303031,-79.79797979797979,-7079.1587
5.050505050505052,-79.79797979797979,-6167.0435
7.070707070707073,-79.79797979797979,-6964.77
9.090909090909093,-79.79797979797979,-6629.201
11.111111111111114,-79.79797979797979,-7322.287
13.131313131313135,-79.79797979797979,-6485.984
15.151515151515156,-79.79797979797979,-6662.435
17.171717171717177,-79.79797979797979,-6927.649
19.191919191919197,-79.79797979797979,-7061.1045
21.212121212121218,-79.79797979797979,-6985.38
23.23232323232324,-79.79797979797979,-5506.934
25.25252525252526,-79.79797979797979,-7698.444
27.27272727272728,-79.79797979797979,-7363.2285
29.2929292929293,-79.79797979797979,-7715.5986
31.313131313131322,-79.79797979797979,-7468.3623
33.33333333333334,-79.79797979797979,-7770.9736
35.353535353535364,-79.79797979797979,-8549.308
37.373737373737384,-79.79797979797979,-8023.297
39.393939393939405,-79.79797979797979,-7683.7935
41.414141414141426,-79.79797979797979,-7450.6953
43.43434343434345,-79.79797979797979,-6111.035
45.45454545454547,-79.79797979797979,-8135.6567
47.47474747474749,-79.79797979797979,-8303.599
49.49494949494951,-79.79797979797979,-9809.685
51.51515151515153,-79.79797979797979,-9357.445
53.53535353535355,-79.79797979797979,-9829.059
55.55555555555557,-79.79797979797979,-9602.793
57.57575757575759,-79.79797979797979,-8979.69
59.59595959595961,-79.79797979797979,-9138.753
61.616161616161634,-79.79797979797979,-8966.68
63.636363636363654,-79.79797979797979,-10119.886
65.65656565656568,-79.79797979797979,-10936.272
67.6767676767677,-79.79797979797979,-11997.019
69.69696969696972,-79.79797979797979,-12250.499
71.71717171717174,-79.79797979797979,-11434.875
73.73737373737376,-79.79797979797979,-11579.29
75.75757575757578,-79.79797979797979,-12111.562
77.7777777777778,-79.79797979797979,-11182.0625
79.79797979797982,-79.79797979797979,-12278.99
81.81818181818184,-79.79797979797979,-12337.984
83.83838383838386,-79.79797979797979,-13292.448
85.85858585858588,-79.79797979797979,-13804.69
87.8787878787879,-79.79797979797979,-12971.726
89.89898989898992,-79.79797979797979,-15901.384
91.91919191919195,-79.79797979797979,-15822.084
93.93939393939394,-79.79797979797979,-17909.266
95.95959595959596,-79.79797979797979,-18404.465
97.97979797979798,-79.79797979797979,-15157.159
100.0,-79.79797979797979,-14522.086
-100.0,-77.77777777777777,-16799.717
-97.97979797979798,-77.77777777777777,-14753.429
-95.95959595959596,-77.77777777777777,-14739.568
-93.93939393939394,-77.77777777777777,-13754.413
-91.91919191919192,-77.77777777777777,-14801.435
-89.8989898989899,-77.77777777777777,-13651.937
-87.87878787878788,-77.77777777777777,-12698.948
-85.85858585858585,-77.77777777777777,-12759.737
-83.83838383838383,-77.77777777777777,-12503.999
-81.81818181818181,-77.77777777777777,-12977.665
-79.79797979797979,-77.77777777777777,-11922.8
-77.77777777777777,-77.77777777777777,-11721.197
-75.75757575757575,-77.77777777777777,-11828.184
-73.73737373737373,-77.77777777777777,-12096.261
-71.71717171717171,-77.77777777777777,-10593.442
-69.69696969696969,-77.77777777777777,-8171.8013
-67.67676767676767,-77.77777777777777,-10731.904
-65.65656565656565,-77.77777777777777,-10416.219
-63.63636363636363,-77.77777777777777,-9502.206
-61.61616161616161,-77.77777777777777,-9487.519
-59.59595959595959,-77.77777777777777,-8930.851
-57.57575757575757,-77.77777777777777,-10102.852
-55.55555555555555,-77.77777777777777,-10866.342
-53.53535353535353,-77.77777777777777,-10280.915
-51.515151515151516,-77.77777777777777,-9635.198
-49.494949494949495,-77.77777777777777,-7678.5703
-47.474747474747474,-77.77777777777777,-9411.417
-45.45454545454545,-77.77777777777777,-9010.885
-43.43434343434343,-77.77777777777777,-8397.404
-41.41414141414141,-77.77777777777777,-8979.035
-39.39393939393939,-77.77777777777777,-8419.65
-37.37373737373737,-77.77777777777777,-8493.86
-35.35353535353535,-77.77777777777777,-9581.2295
-33.33333333333333,-77.77777777777777,-7714.8125
-31.313131313131308,-77.77777777777777,-7332.0024
-29.292929292929287,-77.77777777777777,-7570.012
-27.272727272727266,-77.77777777777777,-5879.218
-25.252525252525245,-77.77777777777777,-4544.849
-23.232323232323225,-77.77777777777777,-4470.6104
-21.212121212121204,-77.77777777777777,-6261.9795
-19.191919191919183,-77.77777777777777,-5680.5576
-17.171717171717162,-77.77777777777777,-6332.876
-15.151515151515142,-77.77777777777777,-6723.881
-13.13131313131312,-77.77777777777777,-7469.905
-11.1111111111111,-77.77777777777777,-6698.7686
-9.09090909090908,-77.77777777777777,-6431.4224
-7.0707070707070585,-77.77777777777777,-6581.281
-5.050505050505038,-77.77777777777777,-6744.1807
-3.030303030303031,-77.77777777777777,-6178.081
-1.0101010101010104,-77.77777777777777,-6175.039
1.0101010101010104,-77.77777777777777,-5318.8164
3.030303030303031,-77.77777777777777,-5353.2046
5.050505050505052,-77.77777777777777,-4965.488
7.070707070707073,-77.77777777777777,-5763.2144
9.090909090909093,-77.77777777777777,-5427.6455
11.111111111111114,-77.77777777777777,-6120.7314
13.131313131313135,-77.77777777777777,-5062.151
15.151515151515156,-77.77777777777777,-5238.602
17.171717171717177,-77.77777777777777,-5235.789
19.191919191919197,-77.77777777777777,-5369.2446
21.212121212121218,-77.77777777777777,-5293.52
23.23232323232324,-77.77777777777777,-3137.6008
25.25252525252526,-77.77777777777777,-6649.2163
27.27272727272728,-77.77777777777777,-6314.001
29.2929292929293,-77.77777777777777,-6666.371
31.313131313131322,-77.77777777777777,-6901.9688
33.33333333333334,-77.77777777777777,-7204.58
35.353535353535364,-77.77777777777777,-7647.6177
37.373737373737384,-77.77777777777777,-7270.4673
39.393939393939405,-77.77777777777777,-6930.964
41.414141414141426,-77.77777777777777,-8309.464
43.43434343434345,-77.77777777777777,-5387.5054
45.45454545454547,-77.77777777777777,-7570.875
47.47474747474749,-77.77777777777777,-8636.686
49.49494949494951,-77.77777777777777,-9382.801
51.51515151515153,-77.77777777777777,-8930.562
53.53535353535355,-77.77777777777777,-9266.106
55.55555555555557,-77.77777777777777,-9164.816
57.57575757575759,-77.77777777777777,-8334.381
59.59595959595961,-77.77777777777777,-8736.872
61.616161616161634,-77.77777777777777,-8862.552
63.636363636363654,-77.77777777777777,-9810.432
65.65656565656568,-77.77777777777777,-11173.392
67.6767676767677,-77.77777777777777,-12256.589
69.69696969696972,-77.77777777777777,-12280.388
71.71717171717174,-77.77777777777777,-11225.928
73.73737373737376,-77.77777777777777,-11370.343
75.75757575757578,-77.77777777777777,-12052.537
77.7777777777778,-77.77777777777777,-11177.816
79.79797979797982,-77.77777777777777,-12234.421
81.81818181818184,-77.77777777777777,-12249.588
83.83838383838386,-77.77777777777777,-12873.409
85.85858585858588,-77.77777777777777,-12978.308
87.8787878787879,-77.77777777777777,-12174.004
89.89898989898992,-77.77777777777777,-13769.791
91.91919191919195,-77.77777777777777,-14360.457
93.93939393939394,-77.77777777777777,-16087.104
95.95959595959596,-77.77777777777777,-15417.815
97.97979797979798,-77.77777777777777,-15341.603
100.0,-77.77777777777777,-17040.3
-100.0,-75.75757575757575,-12326.277
-97.97979797979798,-75.75757575757575,-15092.977
-95.95959595959596,-75.75757575757575,-14771.852
-93.93939393939394,-75.75757575757575,-14474.238
-91.91919191919192,-75.75757575757575,-14648.166
-89.8989898989899,-75.75757575757575,-13328.862
-87.87878787878788,-75.75757575757575,-12499.352
-85.85858585858585,-75.75757575757575,-12552.01
-83.83838383838383,-75.75757575757575,-12151.305
-81.81818181818181,-75.75757575757575,-12331.228
-79.79797979797979,-75.75757575757575,-10907.063
-77.77777777777777,-75.75757575757575,-11866.087
-75.75757575757575,-75.75757575757575,-11442.95
-73.73737373737373,-75.75757575757575,-11649.765
-71.71717171717171,-75.75757575757575,-10264.553
-69.69696969696969,-75.75757575757575,-7842.9136
-67.67676767676767,-75.75757575757575,-10346.802
-65.65656565656565,-75.75757575757575,-10031.116
-63.63636363636363,-75.75757575757575,-9480.343
-61.61616161616161,-75.75757575757575,-9465.655
-59.59595959595959,-75.75757575757575,-8908.987
-57.57575757575757,-75.75757575757575,-9562.211
-55.55555555555555,-75.75757575757575,-10325.701
-53.53535353535353,-75.75757575757575,-9740.274
-51.515151515151516,-75.75757575757575,-9669.125
-49.494949494949495,-75.75757575757575,-8349.38
-47.474747474747474,-75.75757575757575,-8689.575
-45.45454545454545,-75.75757575757575,-8460.361
-43.43434343434343,-75.75757575757575,-8459.681
-41.41414141414141,-75.75757575757575,-9041.312
-39.39393939393939,-75.75757575757575,-8481.931
-37.37373737373737,-75.75757575757575,-7249.121
-35.35353535353535,-75.75757575757575,-8302.632
-33.33333333333333,-75.75757575757575,-6436.2114
-31.313131313131308,-75.75757575757575,-6506.665
-29.292929292929287,-75.75757575757575,-6744.6743
-27.272727272727266,-75.75757575757575,-4590.3594
-25.252525252525245,-75.75757575757575,-4180.797
-23.232323232323225,-75.75757575757575,-4049.4648
-21.212121212121204,-75.75757575757575,-5400.976
-19.191919191919183,-75.75757575757575,-4721.327
-17.171717171717162,-75.75757575757575,-5373.6455
-15.151515151515142,-75.75757575757575,-6241.547
-13.13131313131312,-75.75757575757575,-6356.896
-11.1111111111111,-75.75757575757575,-5808.427
-9.09090909090908,-75.75757575757575,-6053.2363
-7.0707070707070585,-75.75757575757575,-6333.732
-5.050505050505038,-75.75757575757575,-6451.262
-3.030303030303031,-75.75757575757575,-5885.1626
-1.0101010101010104,-75.75757575757575,-5882.1206
1.0101010101010104,-75.75757575757575,-5251.6807
3.030303030303031,-75.75757575757575,-5286.069
5.050505050505052,-75.75757575757575,-4672.5693
7.070707070707073,-75.75757575757575,-5470.296
9.090909090909093,-75.75757575757575,-5134.727
11.111111111111114,-75.75757575757575,-6159.7383
13.131313131313135,-75.75757575757575,-5834.5264
15.151515151515156,-75.75757575757575,-5160.341
17.171717171717177,-75.75757575757575,-5157.528
19.191919191919197,-75.75757575757575,-5290.9834
21.212121212121218,-75.75757575757575,-5215.259
23.23232323232324,-75.75757575757575,-4833.6216
25.25252525252526,-75.75757575757575,-6142.1245
27.27272727272728,-75.75757575757575,-5806.909
29.2929292929293,-75.75757575757575,-5660.885
31.313131313131322,-75.75757575757575,-6680.6196
33.33333333333334,-75.75757575757575,-6983.231
35.353535353535364,-75.75757575757575,-7426.2686
37.373737373737384,-75.75757575757575,-7135.971
39.393939393939405,-75.75757575757575,-6709.6147
41.414141414141426,-75.75757575757575,-8088.1157
43.43434343434345,-75.75757575757575,-5166.1562
45.45454545454547,-75.75757575757575,-7349.526
47.47474747474749,-75.75757575757575,-8415.336
49.49494949494951,-75.75757575757575,-9161.451
51.51515151515153,-75.75757575757575,-8709.212
53.53535353535355,-75.75757575757575,-9044.757
55.55555555555557,-75.75757575757575,-9105.219
57.57575757575759,-75.75757575757575,-8212.636
59.59595959595961,-75.75757575757575,-8615.127
61.616161616161634,-75.75757575757575,-8592.703
63.636363636363654,-75.75757575757575,-9222.702
65.65656565656568,-75.75757575757575,-10453.336
67.6767676767677,-75.75757575757575,-11536.533
69.69696969696972,-75.75757575757575,-11637.338
71.71717171717174,-75.75757575757575,-10582.878
73.73737373737376,-75.75757575757575,-10616.393
75.75757575757578,-75.75757575757575,-11363.992
77.7777777777778,-75.75757575757575,-11122.541
79.79797979797982,-75.75757575757575,-12256.395
81.81818181818184,-75.75757575757575,-11737.712
83.83838383838386,-75.75757575757575,-11786.283
85.85858585858588,-75.75757575757575,-12314.85
87.8787878787879,-75.75757575757575,-12283.327
89.89898989898992,-75.75757575757575,-15717.359
91.91919191919195,-75.75757575757575,-14516.68
93.93939393939394,-75.75757575757575,-15229.175
95.95959595959596,-75.75757575757575,-13331.845
97.97979797979798,-75.75757575757575,-18447.566
100.0,-75.75757575757575,-17273.227
-100.0,-73.73737373737373,-12313.83
-97.97979797979798,-73.73737373737373,-15718.212
-95.95959595959596,-73.73737373737373,-14706.288
-93.93939393939394,-73.73737373737373,-16358.353
-91.91919191919192,-73.73737373737373,-13347.644
-89.8989898989899,-73.73737373737373,-12463.421
-87.87878787878788,-73.73737373737373,-11633.91
-85.85858585858585,-73.73737373737373,-11653.83
-83.83838383838383,-73.73737373737373,-11253.125
-81.81818181818181,-73.73737373737373,-11433.048
-79.79797979797979,-73.73737373737373,-10008.884
-77.77777777777777,-73.73737373737373,-10967.907
-75.75757575757575,-73.73737373737373,-10544.7705
-73.73737373737373,-73.73737373737373,-10665.609
-71.71717171717171,-73.73737373737373,-9462.436
-69.69696969696969,-73.73737373737373,-13878.526
-67.67676767676767,-73.73737373737373,-9544.685
-65.65656565656565,-73.73737373737373,-8717.763
-63.63636363636363,-73.73737373737373,-8985.462
-61.61616161616161,-73.73737373737373,-8615.196
-59.59595959595959,-73.73737373737373,-8685.691
-57.57575757575757,-73.73737373737373,-8590.785
-55.55555555555555,-73.73737373737373,-9865.846
-53.53535353535353,-73.73737373737373,-9280.419
-51.515151515151516,-73.73737373737373,-8580.645
-49.494949494949495,-73.73737373737373,-5683.9375
-47.474747474747474,-73.73737373737373,-7845.1646
-45.45454545454545,-73.73737373737373,-6953.911
-43.43434343434343,-73.73737373737373,-6958.63
-41.41414141414141,-73.73737373737373,-7884.4355
-39.39393939393939,-73.73737373737373,-8417.45
-37.37373737373737,-73.73737373737373,-7731.0215
-35.35353535353535,-73.73737373737373,-7685.0303
-33.33333333333333,-73.73737373737373,-7801.2583
-31.313131313131308,-73.73737373737373,-7741.953
-29.292929292929287,-73.73737373737373,-7979.963
-27.272727272727266,-73.73737373737373,-7325.13
-25.252525252525245,-73.73737373737373,-4983.7456
-23.232323232323225,-73.73737373737373,-4877.626
-21.212121212121204,-73.73737373737373,-5506.0474
-19.191919191919183,-73.73737373737373,-4736.598
-17.171717171717162,-73.73737373737373,-5388.9165
-15.151515151515142,-73.73737373737373,-6169.0356
-13.13131313131312,-73.73737373737373,-5317.271
-11.1111111111111,-73.73737373737373,-4768.802
-9.09090909090908,-73.73737373737373,-5013.6113
-7.0707070707070585,-73.73737373737373,-5294.107
-5.050505050505038,-73.73737373737373,-5990.2637
-3.030303030303031,-73.73737373737373,-5424.164
-1.0101010101010104,-73.73737373737373,-5429.322
1.0101010101010104,-73.73737373737373,-5247.6533
3.030303030303031,-73.73737373737373,-5398.1787
5.050505050505052,-73.73737373737373,-5059.4766
7.070707070707073,-73.73737373737373,-5517.2393
9.090909090909093,-73.73737373737373,-5181.6704
11.111111111111114,-73.73737373737373,-5571.901
13.131313131313135,-73.73737373737373,-5458.7837
15.151515151515156,-73.73737373737373,-5154.4297
17.171717171717177,-73.73737373737373,-5171.6533
19.191919191919197,-73.73737373737373,-5305.109
21.212121212121218,-73.73737373737373,-5229.3843
23.23232323232324,-73.73737373737373,-4847.747
25.25252525252526,-73.73737373737373,-6247.9097
27.27272727272728,-73.73737373737373,-5912.6943
29.2929292929293,-73.73737373737373,-5655.8
31.313131313131322,-73.73737373737373,-6675.5347
33.33333333333334,-73.73737373737373,-6978.146
35.353535353535364,-73.73737373737373,-7746.0806
37.373737373737384,-73.73737373737373,-7455.783
39.393939393939405,-73.73737373737373,-6704.53
41.414141414141426,-73.73737373737373,-8025.3086
43.43434343434345,-73.73737373737373,-6301.8247
45.45454545454547,-73.73737373737373,-7286.7188
47.47474747474749,-73.73737373737373,-8352.528
49.49494949494951,-73.73737373737373,-9098.645
51.51515151515153,-73.73737373737373,-8725.121
53.53535353535355,-73.73737373737373,-8415.522
55.55555555555557,-73.73737373737373,-9121.128
57.57575757575759,-73.73737373737373,-8552.516
59.59595959595961,-73.73737373737373,-8631.036
61.616161616161634,-73.73737373737373,-8608.612
63.636363636363654,-73.73737373737373,-9238.611
65.65656565656568,-73.73737373737373,-10556.37
67.6767676767677,-73.73737373737373,-11048.082
69.69696969696972,-73.73737373737373,-10807.127
71.71717171717174,-73.73737373737373,-10352.054
73.73737373737376,-73.73737373737373,-10027.015
75.75757575757578,-73.73737373737373,-10254.425
77.7777777777778,-73.73737373737373,-9543.861
79.79797979797982,-73.73737373737373,-10396.359
81.81818181818184,-73.73737373737373,-11091.528
83.83838383838386,-73.73737373737373,-11419.038
85.85858585858588,-73.73737373737373,-11504.74
87.8787878787879,-73.73737373737373,-11338.076
89.89898989898992,-73.73737373737373,-13638.057
91.91919191919195,-73.73737373737373,-12692.606
93.93939393939394,-73.73737373737373,-13783.186
95.95959595959596,-73.73737373737373,-12297.848
97.97979797979798,-73.73737373737373,-15433.195
100.0,-73.73737373737373,-16878.582
-100.0,-71.71717171717171,-16169.302
-97.97979797979798,-71.71717171717171,-12519.703
-95.95959595959596,-71.71717171717171,-13069.902
-93.93939393939394,-71.71717171717171,-12871.509
-91.91919191919192,-71.71717171717171,-13214.063
-89.8989898989899,-71.71717171717171,-12770.996
-87.87878787878788,-71.71717171717171,-12028.749
-85.85858585858585,-71.71717171717171,-11649.565
-83.83838383838383,-71.71717171717171,-11017.714
-81.81818181818181,-71.71717171717171,-11027.42
-79.79797979797979,-71.71717171717171,-9788.204
-77.77777777777777,-71.71717171717171,-9661.37
-75.75757575757575,-71.71717171717171,-9497.702
-73.73737373737373,-71.71717171717171,-9660.066
-71.71717171717171,-71.71717171717171,-8950.738
-69.69696969696969,-71.71717171717171,-14880.155
-67.67676767676767,-71.71717171717171,-9553.632
-65.65656565656565,-71.71717171717171,-9381.2705
-63.63636363636363,-71.71717171717171,-8584.613
-61.61616161616161,-71.71717171717171,-8210.7
-59.59595959595959,-71.71717171717171,-8281.195
-57.57575757575757,-71.71717171717171,-8383.1
-55.55555555555555,-71.71717171717171,-9146.59
-53.53535353535353,-71.71717171717171,-8561.164
-51.515151515151516,-71.71717171717171,-7609.4316
-49.494949494949495,-71.71717171717171,-5988.913
-47.474747474747474,-71.71717171717171,-7159.524
-45.45454545454545,-71.71717171717171,-6839.1577
-43.43434343434343,-71.71717171717171,-6646.8096
-41.41414141414141,-71.71717171717171,-7572.615
-39.39393939393939,-71.71717171717171,-6669.058
-37.37373737373737,-71.71717171717171,-6664.157
-35.35353535353535,-71.71717171717171,-6618.1665
-33.33333333333333,-71.71717171717171,-5578.768
-31.313131313131308,-71.71717171717171,-6518.786
-29.292929292929287,-71.71717171717171,-6756.7964
-27.272727272727266,-71.71717171717171,-6359.8423
-25.252525252525245,-71.71717171717171,-5489.608
-23.232323232323225,-71.71717171717171,-5383.488
-21.212121212121204,-71.71717171717171,-5603.71
-19.191919191919183,-71.71717171717171,-4888.4097
-17.171717171717162,-71.71717171717171,-5930.776
-15.151515151515142,-71.71717171717171,-6801.8613
-13.13131313131312,-71.71717171717171,-5771.8027
-11.1111111111111,-71.71717171717171,-5223.333
-9.09090909090908,-71.71717171717171,-5468.143
-7.0707070707070585,-71.71717171717171,-5748.638
-5.050505050505038,-71.71717171717171,-6142.075
-3.030303030303031,-71.71717171717171,-5575.9756
-1.0101010101010104,-71.71717171717171,-5634.524
1.0101010101010104,-71.71717171717171,-4950.694
3.030303030303031,-71.71717171717171,-5101.219
5.050505050505052,-71.71717171717171,-4762.517
7.070707070707073,-71.71717171717171,-5220.28
9.090909090909093,-71.71717171717171,-4884.711
11.111111111111114,-71.71717171717171,-5274.941
13.131313131313135,-71.71717171717171,-5161.824
15.151515151515156,-71.71717171717171,-4857.47
17.171717171717177,-71.71717171717171,-4874.694
19.191919191919197,-71.71717171717171,-5008.1494
21.212121212121218,-71.71717171717171,-4932.4243
23.23232323232324,-71.71717171717171,-4862.9365
25.25252525252526,-71.71717171717171,-5950.9497
27.27272727272728,-71.71717171717171,-5615.735
29.2929292929293,-71.71717171717171,-5358.8403
31.313131313131322,-71.71717171717171,-6378.5747
33.33333333333334,-71.71717171717171,-6473.4443
35.353535353535364,-71.71717171717171,-7241.3784
37.373737373737384,-71.71717171717171,-6951.0815
39.393939393939405,-71.71717171717171,-5694.802
41.414141414141426,-71.71717171717171,-6390.1646
43.43434343434345,-71.71717171717171,-5842.209
45.45454545454547,-71.71717171717171,-6827.1035
47.47474747474749,-71.71717171717171,-7620.204
49.49494949494951,-71.71717171717171,-8366.314
51.51515151515153,-71.71717171717171,-8228.964
53.53535353535355,-71.71717171717171,-8990.554
55.55555555555557,-71.71717171717171,-8589.075
57.57575757575759,-71.71717171717171,-8056.359
59.59595959595961,-71.71717171717171,-8134.8794
61.616161616161634,-71.71717171717171,-8112.457
63.636363636363654,-71.71717171717171,-8742.455
65.65656565656568,-71.71717171717171,-9814.187
67.6767676767677,-71.71717171717171,-10305.897
69.69696969696972,-71.71717171717171,-10574.168
71.71717171717174,-71.71717171717171,-9388.98
73.73737373737376,-71.71717171717171,-9866.005
75.75757575757578,-71.71717171717171,-10395.208
77.7777777777778,-71.71717171717171,-9684.645
79.79797979797982,-71.71717171717171,-10537.143
81.81818181818184,-71.71717171717171,-11340.956
83.83838383838386,-71.71717171717171,-11668.466
85.85858585858588,-71.71717171717171,-11953.098
87.8787878787879,-71.71717171717171,-11786.434
89.89898989898992,-71.71717171717171,-13463.376
91.91919191919195,-71.71717171717171,-12517.926
93.93939393939394,-71.71717171717171,-13426.3
95.95959595959596,-71.71717171717171,-13373.877
97.97979797979798,-71.71717171717171,-14711.699
100.0,-71.71717171717171,-13015.568
-100.0,-69.69696969696969,-15752.997
-97.97979797979798,-69.69696969696969,-11604.159
-95.95959595959596,-69.69696969696969,-12782.657
-93.93939393939394,-69.69696969696969,-12584.264
-91.91919191919192,-69.69696969696969,-12926.818
-89.8989898989899,-69.69696969696969,-12528.006
-87.87878787878788,-69.69696969696969,-11785.759
-85.85858585858585,-69.69696969696969,-11406.575
-83.83838383838383,-69.69696969696969,-11059.0625
-81.81818181818181,-69.69696969696969,-11004.937
-79.79797979797979,-69.69696969696969,-10736.152
-77.77777777777777,-69.69696969696969,-10406.71
-75.75757575757575,-69.69696969696969,-10055.625
-73.73737373737373,-69.69696969696969,-10379.673
-71.71717171717171,-69.69696969696969,-9670.345
-69.69696969696969,-69.69696969696969,-14086.436
-67.67676767676767,-69.69696969696969,-9305.9375
-65.65656565656565,-69.69696969696969,-9133.576
-63.63636363636363,-69.69696969696969,-8566.499
-61.61616161616161,-69.69696969696969,-8192.588
-59.59595959595959,-69.69696969696969,-8263.084
-57.57575757575757,-69.69696969696969,-8364.986
-55.55555555555555,-69.69696969696969,-9128.477
-53.53535353535353,-69.69696969696969,-8543.049
-51.515151515151516,-69.69696969696969,-7591.3174
-49.494949494949495,-69.69696969696969,-4658.2705
-47.474747474747474,-69.69696969696969,-7287.64
-45.45454545454545,-69.69696969696969,-7263.597
-43.43434343434343,-69.69696969696969,-6422.3037
-41.41414141414141,-69.69696969696969,-7348.1094
-39.39393939393939,-69.69696969696969,-6444.552
-37.37373737373737,-69.69696969696969,-6439.6514
-35.35353535353535,-69.69696969696969,-6393.66
-33.33333333333333,-69.69696969696969,-5495.54
-31.313131313131308,-69.69696969696969,-6435.5586
-29.292929292929287,-69.69696969696969,-6673.5684
-27.272727272727266,-69.69696969696969,-5460.977
-25.252525252525245,-69.69696969696969,-5406.38
-23.232323232323225,-69.69696969696969,-5300.2603
-21.212121212121204,-69.69696969696969,-5520.482
-19.191919191919183,-69.69696969696969,-4805.182
-17.171717171717162,-69.69696969696969,-5847.5474
-15.151515151515142,-69.69696969696969,-6718.6333
-13.13131313131312,-69.69696969696969,-5688.5747
-11.1111111111111,-69.69696969696969,-5140.1055
-9.09090909090908,-69.69696969696969,-5384.915
-7.0707070707070585,-69.69696969696969,-5665.4106
-5.050505050505038,-69.69696969696969,-6058.8477
-3.030303030303031,-69.69696969696969,-5492.748
-1.0101010101010104,-69.69696969696969,-7961.4883
1.0101010101010104,-69.69696969696969,-4867.466
3.030303030303031,-69.69696969696969,-5017.991
5.050505050505052,-69.69696969696969,-4679.289
7.070707070707073,-69.69696969696969,-5137.052
9.090909090909093,-69.69696969696969,-4801.483
11.111111111111114,-69.69696969696969,-5191.7134
13.131313131313135,-69.69696969696969,-5078.596
15.151515151515156,-69.69696969696969,-4774.242
17.171717171717177,-69.69696969696969,-4791.466
19.191919191919197,-69.69696969696969,-4924.9214
21.212121212121218,-69.69696969696969,-4873.7173
23.23232323232324,-69.69696969696969,-4804.229
25.25252525252526,-69.69696969696969,-6439.703
27.27272727272728,-69.69696969696969,-6104.488
29.2929292929293,-69.69696969696969,-6496.663
31.313131313131322,-69.69696969696969,-6319.8677
33.33333333333334,-69.69696969696969,-6414.737
35.353535353535364,-69.69696969696969,-7182.6714
37.373737373737384,-69.69696969696969,-6867.8535
39.393939393939405,-69.69696969696969,-6159.122
41.414141414141426,-69.69696969696969,-6863.8574
43.43434343434345,-69.69696969696969,-5758.9814
45.45454545454547,-69.69696969696969,-6479.698
47.47474747474749,-69.69696969696969,-7176.999
49.49494949494951,-69.69696969696969,-7923.1133
51.51515151515153,-69.69696969696969,-7697.311
53.53535353535355,-69.69696969696969,-7746.913
55.55555555555557,-69.69696969696969,-7557.7383
57.57575757575759,-69.69696969696969,-7579.8433
59.59595959595961,-69.69696969696969,-7658.363
61.616161616161634,-69.69696969696969,-7635.9404
63.636363636363654,-69.69696969696969,-8698.45
65.65656565656568,-69.69696969696969,-9770.182
67.6767676767677,-69.69696969696969,-10019.606
69.69696969696972,-69.69696969696969,-10472.666
71.71717171717174,-69.69696969696969,-9287.479
73.73737373737376,-69.69696969696969,-9764.503
75.75757575757578,-69.69696969696969,-10293.706
77.7777777777778,-69.69696969696969,-9862.195
79.79797979797982,-69.69696969696969,-10435.641
81.81818181818184,-69.69696969696969,-11309.019
83.83838383838386,-69.69696969696969,-11591.705
85.85858585858588,-69.69696969696969,-11754.811
87.8787878787879,-69.69696969696969,-11561.616
89.89898989898992,-69.69696969696969,-13001.558
91.91919191919195,-69.69696969696969,-12056.107
93.93939393939394,-69.69696969696969,-12964.481
95.95959595959596,-69.69696969696969,-11825.083
97.97979797979798,-69.69696969696969,-12851.811
100.0,-69.69696969696969,-15006.976
-100.0,-67.67676767676767,-15738.117
-97.97979797979798,-67.67676767676767,-11589.28
-95.95959595959596,-67.67676767676767,-12552.167
-93.93939393939394,-67.67676767676767,-12353.773
-91.91919191919192,-67.67676767676767,-12696.328
-89.8989898989899,-67.67676767676767,-12668.558
-87.87878787878788,-67.67676767676767,-12120.769
-85.85858585858585,-67.67676767676767,-11453.576
-83.83838383838383,-67.67676767676767,-10834.895
-81.81818181818181,-67.67676767676767,-10311.121
-79.79797979797979,-67.67676767676767,-10937.138
-77.77777777777777,-67.67676767676767,-10607.697
-75.75757575757575,-67.67676767676767,-10256.612
-73.73737373737373,-67.67676767676767,-10298.24
-71.71717171717171,-67.67676767676767,-9588.912
-69.69696969696969,-67.67676767676767,-7473.771
-67.67676767676767,-67.67676767676767,-9224.504
-65.65656565656565,-67.67676767676767,-9243.775
-63.63636363636363,-67.67676767676767,-8676.698
-61.61616161616161,-67.67676767676767,-8302.785
-59.59595959595959,-67.67676767676767,-8373.28
-57.57575757575757,-67.67676767676767,-8475.185
-55.55555555555555,-67.67676767676767,-9238.675
-53.53535353535353,-67.67676767676767,-8653.247
-51.515151515151516,-67.67676767676767,-7277.4365
-49.494949494949495,-67.67676767676767,-6410.7207
-47.474747474747474,-67.67676767676767,-6973.7593
-45.45454545454545,-67.67676767676767,-6949.7163
-43.43434343434343,-67.67676767676767,-6108.423
-41.41414141414141,-67.67676767676767,-7034.2285
-39.39393939393939,-67.67676767676767,-6130.671
-37.37373737373737,-67.67676767676767,-6125.7705
-35.35353535353535,-67.67676767676767,-6079.7793
-33.33333333333333,-67.67676767676767,-6151.712
-31.313131313131308,-67.67676767676767,-6416.8794
-29.292929292929287,-67.67676767676767,-6654.889
-27.272727272727266,-67.67676767676767,-5442.298
-25.252525252525245,-67.67676767676767,-5455.7285
-23.232323232323225,-67.67676767676767,-4475.392
-21.212121212121204,-67.67676767676767,-7138.863
-19.191919191919183,-67.67676767676767,-4907.12
-17.171717171717162,-67.67676767676767,-5949.486
-15.151515151515142,-67.67676767676767,-6681.8223
-13.13131313131312,-67.67676767676767,-5651.763
-11.1111111111111,-67.67676767676767,-5103.294
-9.09090909090908,-67.67676767676767,-5353.145
-7.0707070707070585,-67.67676767676767,-5633.6406
-5.050505050505038,-67.67676767676767,-6027.0776
-3.030303030303031,-67.67676767676767,-5460.978
-1.0101010101010104,-67.67676767676767,-7929.7183
1.0101010101010104,-67.67676767676767,-4621.419
3.030303030303031,-67.67676767676767,-4771.9443
5.050505050505052,-67.67676767676767,-4433.242
7.070707070707073,-67.67676767676767,-4891.005
9.090909090909093,-67.67676767676767,-4555.436
11.111111111111114,-67.67676767676767,-4945.6665
13.131313131313135,-67.67676767676767,-4832.5493
15.151515151515156,-67.67676767676767,-4556.9546
17.171717171717177,-67.67676767676767,-4574.178
19.191919191919197,-67.67676767676767,-4707.634
21.212121212121218,-67.67676767676767,-4650.7837
23.23232323232324,-67.67676767676767,-4581.2954
25.25252525252526,-67.67676767676767,-6188.0103
27.27272727272728,-67.67676767676767,-5852.795
29.2929292929293,-67.67676767676767,-6244.97
31.313131313131322,-67.67676767676767,-5929.709
33.33333333333334,-67.67676767676767,-6024.578
35.353535353535364,-67.67676767676767,-6590.0127
37.373737373737384,-67.67676767676767,-6067.04
39.393939393939405,-67.67676767676767,-5560.8086
41.414141414141426,-67.67676767676767,-6574.1973
43.43434343434345,-67.67676767676767,-6123.7446
45.45454545454547,-67.67676767676767,-6089.5396
47.47474747474749,-67.67676767676767,-6800.9546
49.49494949494951,-67.67676767676767,-7547.069
51.51515151515153,-67.67676767676767,-7905.0776
53.53535353535355,-67.67676767676767,-7370.8687
55.55555555555557,-67.67676767676767,-7181.694
57.57575757575759,-67.67676767676767,-6901.385
59.59595959595961,-67.67676767676767,-7282.3184
61.616161616161634,-67.67676767676767,-7259.896
63.636363636363654,-67.67676767676767,-8460.869
65.65656565656568,-67.67676767676767,-9339.729
67.6767676767677,-67.67676767676767,-9589.152
69.69696969696972,-67.67676767676767,-10491.906
71.71717171717174,-67.67676767676767,-9306.719
73.73737373737376,-67.67676767676767,-9783.743
75.75757575757578,-67.67676767676767,-10298.704
77.7777777777778,-67.67676767676767,-9867.193
79.79797979797982,-67.67676767676767,-10440.639
81.81818181818184,-67.67676767676767,-11314.018
83.83838383838386,-67.67676767676767,-11596.703
85.85858585858588,-67.67676767676767,-11759.809
87.8787878787879,-67.67676767676767,-11566.614
89.89898989898992,-67.67676767676767,-12866.743
91.91919191919195,-67.67676767676767,-12319.986
93.93939393939394,-67.67676767676767,-14581.987
95.95959595959596,-67.67676767676767,-12558.8955
97.97979797979798,-67.67676767676767,-13371.439
100.0,-67.67676767676767,-14691.651
-100.0,-65.65656565656565,-14924.3125
-97.97979797979798,-65.65656565656565,-12172.148
-95.95959595959596,-65.65656565656565,-11796.866
-93.93939393939394,-65.65656565656565,-12336.545
-91.91919191919192,-65.65656565656565,-12467.733
-89.8989898989899,-65.65656565656565,-12083.064
-87.87878787878788,-65.65656565656565,-11535.277
-85.85858585858585,-65.65656565656565,-11331.062
-83.83838383838383,-65.65656565656565,-10712.38
-81.81818181818181,-65.65656565656565,-11104.683
-79.79797979797979,-65.65656565656565,-10560.265
-77.77777777777777,-65.65656565656565,-10230.824
-75.75757575757575,-65.65656565656565,-9813.272
-73.73737373737373,-65.65656565656565,-9854.9
-71.71717171717171,-65.65656565656565,-9138.778
-69.69696969696969,-65.65656565656565,-8059.056
-67.67676767676767,-65.65656565656565,-8633.278
-65.65656565656565,-65.65656565656565,-8652.55
-63.63636363636363,-65.65656565656565,-8085.4746
-61.61616161616161,-65.65656565656565,-7711.5664
-59.59595959595959,-65.65656565656565,-7583.958
-57.57575757575757,-65.65656565656565,-7685.8647
-55.55555555555555,-65.65656565656565,-7432.4546
-53.53535353535353,-65.65656565656565,-7457.8096
-51.515151515151516,-65.65656565656565,-6488.107
-49.494949494949495,-65.65656565656565,-6309.847
-47.474747474747474,-65.65656565656565,-6872.8857
-45.45454545454545,-65.65656565656565,-6551.016
-43.43434343434343,-65.65656565656565,-5709.7227
-41.41414141414141,-65.65656565656565,-6635.5283
-39.39393939393939,-65.65656565656565,-5731.9707
-37.37373737373737,-65.65656565656565,-5770.024
-35.35353535353535,-65.65656565656565,-5724.0327
-33.33333333333333,-65.65656565656565,-5659.781
-31.313131313131308,-65.65656565656565,-5924.948
-29.292929292929287,-65.65656565656565,-6162.958
-27.272727272727266,-65.65656565656565,-4950.3667
-25.252525252525245,-65.65656565656565,-4631.0073
-23.232323232323225,-65.65656565656565,-3589.8787
-21.212121212121204,-65.65656565656565,-4578.8506
-19.191919191919183,-65.65656565656565,-3997.8884
-17.171717171717162,-65.65656565656565,-5040.254
-15.151515151515142,-65.65656565656565,-5759.722
-13.13131313131312,-65.65656565656565,-4429.2935
-11.1111111111111,-65.65656565656565,-4268.926
-9.09090909090908,-65.65656565656565,-4639.5127
-7.0707070707070585,-65.65656565656565,-4732.286
-5.050505050505038,-65.65656565656565,-5356.1436
-3.030303030303031,-65.65656565656565,-4790.044
-1.0101010101010104,-65.65656565656565,-6840.5464
1.0101010101010104,-65.65656565656565,-4286.72
3.030303030303031,-65.65656565656565,-4437.2456
5.050505050505052,-65.65656565656565,-4266.083
7.070707070707073,-65.65656565656565,-4531.413
9.090909090909093,-65.65656565656565,-4195.844
11.111111111111114,-65.65656565656565,-4586.0747
13.131313131313135,-65.65656565656565,-4515.1597
15.151515151515156,-65.65656565656565,-4239.565
17.171717171717177,-65.65656565656565,-4262.553
19.191919191919197,-65.65656565656565,-4396.009
21.212121212121218,-65.65656565656565,-4377.4883
23.23232323232324,-65.65656565656565,-4308.0
25.25252525252526,-65.65656565656565,-5713.324
27.27272727272728,-65.65656565656565,-5378.109
29.2929292929293,-65.65656565656565,-5848.0244
31.313131313131322,-65.65656565656565,-5672.976
33.33333333333334,-65.65656565656565,-5795.2314
35.353535353535364,-65.65656565656565,-6360.666
37.373737373737384,-65.65656565656565,-5837.6934
39.393939393939405,-65.65656565656565,-5331.462
41.414141414141426,-65.65656565656565,-6344.8506
43.43434343434345,-65.65656565656565,-5894.398
45.45454545454547,-65.65656565656565,-5860.193
47.47474747474749,-65.65656565656565,-6571.608
49.49494949494951,-65.65656565656565,-7317.722
51.51515151515153,-65.65656565656565,-7675.731
53.53535353535355,-65.65656565656565,-7285.8853
55.55555555555557,-65.65656565656565,-7313.898
57.57575757575759,-65.65656565656565,-7424.3804
59.59595959595961,-65.65656565656565,-7307.486
61.616161616161634,-65.65656565656565,-7285.0635
63.636363636363654,-65.65656565656565,-8168.2925
65.65656565656568,-65.65656565656565,-9085.484
67.6767676767677,-65.65656565656565,-9315.502
69.69696969696972,-65.65656565656565,-10218.257
71.71717171717174,-65.65656565656565,-8835.107
73.73737373737376,-65.65656565656565,-9519.696
75.75757575757578,-65.65656565656565,-9960.695
77.7777777777778,-65.65656565656565,-9529.185
79.79797979797982,-65.65656565656565,-10274.961
81.81818181818184,-65.65656565656565,-11148.34
83.83838383838386,-65.65656565656565,-11431.025
85.85858585858588,-65.65656565656565,-11285.009
87.8787878787879,-65.65656565656565,-10587.042
89.89898989898992,-65.65656565656565,-12418.119
91.91919191919195,-65.65656565656565,-11871.362
93.93939393939394,-65.65656565656565,-14648.53
95.95959595959596,-65.65656565656565,-14208.892
97.97979797979798,-65.65656565656565,-12994.111
100.0,-65.65656565656565,-16214.84
-100.0,-63.63636363636363,-15639.999
-97.97979797979798,-63.63636363636363,-13354.229
-95.95959595959596,-63.63636363636363,-12220.286
-93.93939393939394,-63.63636363636363,-11213.984
-91.91919191919192,-63.63636363636363,-12242.019
-89.8989898989899,-63.63636363636363,-11979.188
-87.87878787878788,-63.63636363636363,-11118.97
-85.85858585858585,-63.63636363636363,-10914.756
-83.83838383838383,-63.63636363636363,-11084.157
-81.81818181818181,-63.63636363636363,-11419.829
-79.79797979797979,-63.63636363636363,-10875.411
-77.77777777777777,-63.63636363636363,-10408.75
-75.75757575757575,-63.63636363636363,-9767.496
-73.73737373737373,-63.63636363636363,-9809.123
-71.71717171717171,-63.63636363636363,-9019.528
-69.69696969696969,-63.63636363636363,-11212.809
-67.67676767676767,-63.63636363636363,-8576.573
-65.65656565656565,-63.63636363636363,-8710.597
-63.63636363636363,-63.63636363636363,-7979.3813
-61.61616161616161,-63.63636363636363,-7605.467
-59.59595959595959,-63.63636363636363,-7477.8584
-57.57575757575757,-63.63636363636363,-7579.765
-55.55555555555555,-63.63636363636363,-7326.3545
-53.53535353535353,-63.63636363636363,-6951.7954
-51.515151515151516,-63.63636363636363,-6567.1494
-49.494949494949495,-63.63636363636363,-6124.2173
-47.474747474747474,-63.63636363636363,-6687.256
-45.45454545454545,-63.63636363636363,-7477.7383
-43.43434343434343,-63.63636363636363,-5526.644
-41.41414141414141,-63.63636363636363,-6452.4497
-39.39393939393939,-63.63636363636363,-5548.892
-37.37373737373737,-63.63636363636363,-5286.104
-35.35353535353535,-63.63636363636363,-5240.113
-33.33333333333333,-63.63636363636363,-4980.1934
-31.313131313131308,-63.63636363636363,-5247.6025
-29.292929292929287,-63.63636363636363,-5485.6123
-27.272727272727266,-63.63636363636363,-4361.4673
-25.252525252525245,-63.63636363636363,-4042.1077
-23.232323232323225,-63.63636363636363,-3042.2075
-21.212121212121204,-63.63636363636363,-3049.4717
-19.191919191919183,-63.63636363636363,-3450.2139
-17.171717171717162,-63.63636363636363,-4256.523
-15.151515151515142,-63.63636363636363,-4975.991
-13.13131313131312,-63.63636363636363,-3881.6218
-11.1111111111111,-63.63636363636363,-4135.9424
-9.09090909090908,-63.63636363636363,-4264.971
-7.0707070707070585,-63.63636363636363,-4379.906
-5.050505050505038,-63.63636363636363,-4913.443
-3.030303030303031,-63.63636363636363,-4347.3433
-1.0101010101010104,-63.63636363636363,-3525.0217
1.0101010101010104,-63.63636363636363,-3941.3384
3.030303030303031,-63.63636363636363,-4091.865
5.050505050505052,-63.63636363636363,-3920.7021
7.070707070707073,-63.63636363636363,-4186.0337
9.090909090909093,-63.63636363636363,-3850.4644
11.111111111111114,-63.63636363636363,-4201.4
13.131313131313135,-63.63636363636363,-4071.758
15.151515151515156,-63.63636363636363,-3866.095
17.171717171717177,-63.63636363636363,-3889.0813
19.191919191919197,-63.63636363636363,-4022.5369
21.212121212121218,-63.63636363636363,-4260.545
23.23232323232324,-63.63636363636363,-3968.097
25.25252525252526,-63.63636363636363,-5373.423
27.27272727272728,-63.63636363636363,-5038.2075
29.2929292929293,-63.63636363636363,-4901.021
31.313131313131322,-63.63636363636363,-5194.7026
33.33333333333334,-63.63636363636363,-5316.958
35.353535353535364,-63.63636363636363,-6186.5786
37.373737373737384,-63.63636363636363,-5663.606
39.393939393939405,-63.63636363636363,-5157.3745
41.414141414141426,-63.63636363636363,-5625.4233
43.43434343434345,-63.63636363636363,-4877.169
45.45454545454547,-63.63636363636363,-5686.1055
47.47474747474749,-63.63636363636363,-6397.5205
49.49494949494951,-63.63636363636363,-6867.1943
51.51515151515153,-63.63636363636363,-5874.3467
53.53535353535355,-63.63636363636363,-6835.3574
55.55555555555557,-63.63636363636363,-6863.37
57.57575757575759,-63.63636363636363,-7124.736
59.59595959595961,-63.63636363636363,-7007.8413
61.616161616161634,-63.63636363636363,-6985.419
63.636363636363654,-63.63636363636363,-7289.699
65.65656565656568,-63.63636363636363,-8385.154
67.6767676767677,-63.63636363636363,-8496.388
69.69696969696972,-63.63636363636363,-9689.644
71.71717171717174,-63.63636363636363,-8390.742
73.73737373737376,-63.63636363636363,-8859.716
75.75757575757578,-63.63636363636363,-9805.664
77.7777777777778,-63.63636363636363,-9580.752
79.79797979797982,-63.63636363636363,-10669.767
81.81818181818184,-63.63636363636363,-11168.598
83.83838383838386,-63.63636363636363,-11702.159
85.85858585858588,-63.63636363636363,-13818.272
87.8787878787879,-63.63636363636363,-10735.046
89.89898989898992,-63.63636363636363,-12434.723
91.91919191919195,-63.63636363636363,-11887.966
93.93939393939394,-63.63636363636363,-13605.109
95.95959595959596,-63.63636363636363,-13092.247
97.97979797979798,-63.63636363636363,-12406.43
100.0,-63.63636363636363,-15515.144
-100.0,-61.61616161616161,-15940.654
-97.97979797979798,-61.61616161616161,-13788.388
-95.95959595959596,-61.61616161616161,-12654.445
-93.93939393939394,-61.61616161616161,-11913.963
-91.91919191919192,-61.61616161616161,-12259.867
-89.8989898989899,-61.61616161616161,-12052.999
-87.87878787878788,-61.61616161616161,-11192.78
-85.85858585858585,-61.61616161616161,-10876.372
-83.83838383838383,-61.61616161616161,-11045.773
-81.81818181818181,-61.61616161616161,-10974.9
-79.79797979797979,-61.61616161616161,-10837.027
-77.77777777777777,-61.61616161616161,-10230.256
-75.75757575757575,-61.61616161616161,-9589.002
-73.73737373737373,-61.61616161616161,-9630.629
-71.71717171717171,-61.61616161616161,-8914.947
-69.69696969696969,-61.61616161616161,-9393.345
-67.67676767676767,-61.61616161616161,-8471.992
-65.65656565656565,-61.61616161616161,-9112.768
-63.63636363636363,-61.61616161616161,-8038.2515
-61.61616161616161,-61.61616161616161,-7664.337
-59.59595959595959,-61.61616161616161,-7536.7285
-57.57575757575757,-61.61616161616161,-7500.9546
-55.55555555555555,-61.61616161616161,-6740.109
-53.53535353535353,-61.61616161616161,-6450.3887
-51.515151515151516,-61.61616161616161,-5916.3403
-49.494949494949495,-61.61616161616161,-5529.4385
-47.474747474747474,-61.61616161616161,-6092.477
-45.45454545454545,-61.61616161616161,-6371.893
-43.43434343434343,-61.61616161616161,-4931.865
-41.41414141414141,-61.61616161616161,-5857.671
-39.39393939393939,-61.61616161616161,-4954.1133
-37.37373737373737,-61.61616161616161,-4691.325
-35.35353535353535,-61.61616161616161,-4645.334
-33.33333333333333,-61.61616161616161,-4385.4146
-31.313131313131308,-61.61616161616161,-4792.135
-29.292929292929287,-61.61616161616161,-5127.7104
-27.272727272727266,-61.61616161616161,-4566.47
-25.252525252525245,-61.61616161616161,-3564.2295
-23.232323232323225,-61.61616161616161,-2327.4558
-21.212121212121204,-61.61616161616161,-2334.7192
-19.191919191919183,-61.61616161616161,-2735.4617
-17.171717171717162,-61.61616161616161,-3541.768
-15.151515151515142,-61.61616161616161,-4141.0103
-13.13131313131312,-61.61616161616161,-3271.0059
-11.1111111111111,-61.61616161616161,-3525.3284
-9.09090909090908,-61.61616161616161,-3654.3538
-7.0707070707070585,-61.61616161616161,-3769.2888
-5.050505050505038,-61.61616161616161,-4302.83
-3.030303030303031,-61.61616161616161,-3736.7268
-1.0101010101010104,-61.61616161616161,-2914.408
1.0101010101010104,-61.61616161616161,-3330.7244
3.030303030303031,-61.61616161616161,-3481.2507
5.050505050505052,-61.61616161616161,-3310.0884
7.070707070707073,-61.61616161616161,-3575.4185
9.090909090909093,-61.61616161616161,-3239.8506
11.111111111111114,-61.61616161616161,-3590.7864
13.131313131313135,-61.61616161616161,-3461.1438
15.151515151515156,-61.61616161616161,-3425.945
17.171717171717177,-61.61616161616161,-3278.4678
19.191919191919197,-61.61616161616161,-3411.9233
21.212121212121218,-61.61616161616161,-3770.0837
23.23232323232324,-61.61616161616161,-3579.4417
25.25252525252526,-61.61616161616161,-5094.464
27.27272727272728,-61.61616161616161,-3775.3394
29.2929292929293,-61.61616161616161,-6223.8315
31.313131313131322,-61.61616161616161,-5703.2334
33.33333333333334,-61.61616161616161,-5244.4336
35.353535353535364,-61.61616161616161,-6114.054
37.373737373737384,-61.61616161616161,-5591.0815
39.393939393939405,-61.61616161616161,-3874.5742
41.414141414141426,-61.61616161616161,-6158.3076
43.43434343434345,-61.61616161616161,-5178.827
45.45454545454547,-61.61616161616161,-5613.581
47.47474747474749,-61.61616161616161,-6324.996
49.49494949494951,-61.61616161616161,-6545.8716
51.51515151515153,-61.61616161616161,-6566.5264
53.53535353535355,-61.61616161616161,-6711.1226
55.55555555555557,-61.61616161616161,-6739.1353
57.57575757575759,-61.61616161616161,-6849.6177
59.59595959595961,-61.61616161616161,-7552.494
61.616161616161634,-61.61616161616161,-6844.473
63.636363636363654,-61.61616161616161,-7417.9424
65.65656565656568,-61.61616161616161,-8513.3955
67.6767676767677,-61.61616161616161,-8808.787
69.69696969696972,-61.61616161616161,-10002.043
71.71717171717174,-61.61616161616161,-8703.142
73.73737373737376,-61.61616161616161,-9363.203
75.75757575757578,-61.61616161616161,-10346.892
77.7777777777778,-61.61616161616161,-10528.734
79.79797979797982,-61.61616161616161,-10761.407
81.81818181818184,-61.61616161616161,-10964.747
83.83838383838386,-61.61616161616161,-11498.309
85.85858585858588,-61.61616161616161,-11903.269
87.8787878787879,-61.61616161616161,-9726.547
89.89898989898992,-61.61616161616161,-11782.173
91.91919191919195,-61.61616161616161,-11551.628
93.93939393939394,-61.61616161616161,-14881.136
95.95959595959596,-61.61616161616161,-11573.582
97.97979797979798,-61.61616161616161,-13163.796
100.0,-61.61616161616161,-14994.905
-100.0,-59.59595959595959,-14684.067
-97.97979797979798,-59.59595959595959,-13401.001
-95.95959595959596,-59.59595959595959,-11781.715
-93.93939393939394,-59.59595959595959,-11368.237
-91.91919191919192,-59.59595959595959,-11024.105
-89.8989898989899,-59.59595959595959,-10913.727
-87.87878787878788,-59.59595959595959,-10959.863
-85.85858585858585,-59.59595959595959,-10987.374
-83.83838383838383,-59.59595959595959,-10888.875
-81.81818181818181,-59.59595959595959,-10818.002
-79.79797979797979,-59.59595959595959,-10748.572
-77.77777777777777,-59.59595959595959,-9876.533
-75.75757575757575,-59.59595959595959,-9329.223
-73.73737373737373,-59.59595959595959,-9370.85
-71.71717171717171,-59.59595959595959,-8548.435
-69.69696969696969,-59.59595959595959,-9026.832
-67.67676767676767,-59.59595959595959,-8204.1
-65.65656565656565,-59.59595959595959,-8223.371
-63.63636363636363,-59.59595959595959,-7863.546
-61.61616161616161,-59.59595959595959,-7489.6313
-59.59595959595959,-59.59595959595959,-7362.023
-57.57575757575757,-59.59595959595959,-8212.562
-55.55555555555555,-59.59595959595959,-8094.414
-53.53535353535353,-59.59595959595959,-7476.05
-51.515151515151516,-59.59595959595959,-6942.0015
-49.494949494949495,-59.59595959595959,-5888.432
-47.474747474747474,-59.59595959595959,-7118.138
-45.45454545454545,-59.59595959595959,-7210.4624
-43.43434343434343,-59.59595959595959,-5460.6255
-41.41414141414141,-59.59595959595959,-6386.431
-39.39393939393939,-59.59595959595959,-5482.8735
-37.37373737373737,-59.59595959595959,-5220.0854
-35.35353535353535,-59.59595959595959,-5174.094
-33.33333333333333,-59.59595959595959,-4914.175
-31.313131313131308,-59.59595959595959,-5320.895
-29.292929292929287,-59.59595959595959,-5950.1665
-27.272727272727266,-59.59595959595959,-5219.9688
-25.252525252525245,-59.59595959595959,-4173.5244
-23.232323232323225,-59.59595959595959,-2857.594
-21.212121212121204,-59.59595959595959,-2864.8574
-19.191919191919183,-59.59595959595959,-3265.5999
-17.171717171717162,-59.59595959595959,-3301.2485
-15.151515151515142,-59.59595959595959,-3712.988
-13.13131313131312,-59.59595959595959,-3697.0056
-11.1111111111111,-59.59595959595959,-3723.884
-9.09090909090908,-59.59595959595959,-4094.4722
-7.0707070707070585,-59.59595959595959,-4209.4087
-5.050505050505038,-59.59595959595959,-4742.945
-3.030303030303031,-59.59595959595959,-4176.8447
-1.0101010101010104,-59.59595959595959,-2853.6252
1.0101010101010104,-59.59595959595959,-3770.8406
3.030303030303031,-59.59595959595959,-3921.367
5.050505050505052,-59.59595959595959,-3750.2043
7.070707070707073,-59.59595959595959,-4015.5344
9.090909090909093,-59.59595959595959,-3679.9666
11.111111111111114,-59.59595959595959,-4030.9026
13.131313131313135,-59.59595959595959,-4206.7554
15.151515151515156,-59.59595959595959,-3866.0613
17.171717171717177,-59.59595959595959,-3718.584
19.191919191919197,-59.59595959595959,-3852.0396
21.212121212121218,-59.59595959595959,-4210.2007
23.23232323232324,-59.59595959595959,-2702.098
25.25252525252526,-59.59595959595959,-5413.786
27.27272727272728,-59.59595959595959,-4680.6323
29.2929292929293,-59.59595959595959,-5755.664
31.313131313131322,-59.59595959595959,-5235.066
33.33333333333334,-59.59595959595959,-5493.5435
35.353535353535364,-59.59595959595959,-6363.164
37.373737373737384,-59.59595959595959,-6400.192
39.393939393939405,-59.59595959595959,-6434.2354
41.414141414141426,-59.59595959595959,-5761.6562
43.43434343434345,-59.59595959595959,-5384.624
45.45454545454547,-59.59595959595959,-5443.2725
47.47474747474749,-59.59595959595959,-6154.6875
49.49494949494951,-59.59595959595959,-6244.495
51.51515151515153,-59.59595959595959,-6399.193
53.53535353535355,-59.59595959595959,-6883.883
55.55555555555557,-59.59595959595959,-6663.0015
57.57575757575759,-59.59595959595959,-6773.484
59.59595959595961,-59.59595959595959,-6409.438
61.616161616161634,-59.59595959595959,-6387.0156
63.636363636363654,-59.59595959595959,-6960.485
65.65656565656568,-59.59595959595959,-8219.846
67.6767676767677,-59.59595959595959,-8515.232
69.69696969696972,-59.59595959595959,-9708.488
71.71717171717174,-59.59595959595959,-7581.1606
73.73737373737376,-59.59595959595959,-9258.005
75.75757575757578,-59.59595959595959,-10241.693
77.7777777777778,-59.59595959595959,-10433.976
79.79797979797982,-59.59595959595959,-10666.648
81.81818181818184,-59.59595959595959,-10782.138
83.83838383838386,-59.59595959595959,-11315.699
85.85858585858588,-59.59595959595959,-11675.702
87.8787878787879,-59.59595959595959,-9642.988
89.89898989898992,-59.59595959595959,-12053.823
91.91919191919195,-59.59595959595959,-11818.96
93.93939393939394,-59.59595959595959,-15035.401
95.95959595959596,-59.59595959595959,-13146.656
97.97979797979798,-59.59595959595959,-13414.91
100.0,-59.59595959595959,-14773.195
-100.0,-57.57575757575757,-14508.79
-97.97979797979798,-57.57575757575757,-12918.94
-95.95959595959596,-57.57575757575757,-11332.471
-93.93939393939394,-57.57575757575757,-11754.633
-91.91919191919192,-57.57575757575757,-12062.422
-89.8989898989899,-57.57575757575757,-12502.726
-87.87878787878788,-57.57575757575757,-11353.483
-85.85858585858585,-57.57575757575757,-11682.892
-83.83838383838383,-57.57575757575757,-11682.892
-81.81818181818181,-57.57575757575757,-11500.567
-79.79797979797979,-57.57575757575757,-11422.231
-77.77777777777777,-57.57575757575757,-10550.192
-75.75757575757575,-57.57575757575757,-9888.616
-73.73737373737373,-57.57575757575757,-9930.243
-71.71717171717171,-57.57575757575757,-9253.562
-69.69696969696969,-57.57575757575757,-9275.487
-67.67676767676767,-57.57575757575757,-8716.878
-65.65656565656565,-57.57575757575757,-8736.149
-63.63636363636363,-57.57575757575757,-7431.653
-61.61616161616161,-57.57575757575757,-7012.27
-59.59595959595959,-57.57575757575757,-6884.6616
-57.57575757575757,-57.57575757575757,-6884.306
-55.55555555555555,-57.57575757575757,-6766.1577
-53.53535353535353,-57.57575757575757,-6147.7935
-51.515151515151516,-57.57575757575757,-5613.745
-49.494949494949495,-57.57575757575757,-4485.1206
-47.474747474747474,-57.57575757575757,-5587.5107
-45.45454545454545,-57.57575757575757,-4150.933
-43.43434343434343,-57.57575757575757,-4614.2285
-41.41414141414141,-57.57575757575757,-5398.6934
-39.39393939393939,-57.57575757575757,-4636.4766
-37.37373737373737,-57.57575757575757,-4373.6885
-35.35353535353535,-57.57575757575757,-4327.6973
-33.33333333333333,-57.57575757575757,-3977.1948
-31.313131313131308,-57.57575757575757,-4383.9175
-29.292929292929287,-57.57575757575757,-3287.2324
-27.272727272727266,-57.57575757575757,-3875.6313
-25.252525252525245,-57.57575757575757,-4233.8506
-23.232323232323225,-57.57575757575757,-3124.8213
-21.212121212121204,-57.57575757575757,-4545.437
-19.191919191919183,-57.57575757575757,-3631.0542
-17.171717171717162,-57.57575757575757,-4151.4688
-15.151515151515142,-57.57575757575757,-3972.0833
-13.13131313131312,-57.57575757575757,-3471.3354
-11.1111111111111,-57.57575757575757,-3310.9673
-9.09090909090908,-57.57575757575757,-3681.553
-7.0707070707070585,-57.57575757575757,-3704.51
-5.050505050505038,-57.57575757575757,-3847.112
-3.030303030303031,-57.57575757575757,-3671.948
-1.0101010101010104,-57.57575757575757,-2212.5247
1.0101010101010104,-57.57575757575757,-3129.74
3.030303030303031,-57.57575757575757,-3280.2664
5.050505050505052,-57.57575757575757,-3109.1038
7.070707070707073,-57.57575757575757,-3374.4338
9.090909090909093,-57.57575757575757,-3254.7104
11.111111111111114,-57.57575757575757,-3605.6465
13.131313131313135,-57.57575757575757,-3868.0103
15.151515151515156,-57.57575757575757,-3189.4617
17.171717171717177,-57.57575757575757,-3200.889
19.191919191919197,-57.57575757575757,-3683.0786
21.212121212121218,-57.57575757575757,-4330.072
23.23232323232324,-57.57575757575757,-2821.968
25.25252525252526,-57.57575757575757,-5362.6904
27.27272727272728,-57.57575757575757,-4629.536
29.2929292929293,-57.57575757575757,-5298.7935
31.313131313131322,-57.57575757575757,-5064.531
33.33333333333334,-57.57575757575757,-5418.009
35.353535353535364,-57.57575757575757,-6287.6294
37.373737373737384,-57.57575757575757,-6324.657
39.393939393939405,-57.57575757575757,-6603.546
41.414141414141426,-57.57575757575757,-6189.14
43.43434343434345,-57.57575757575757,-5140.6772
45.45454545454547,-57.57575757575757,-5199.3257
47.47474747474749,-57.57575757575757,-5814.0127
49.49494949494951,-57.57575757575757,-5464.7314
51.51515151515153,-57.57575757575757,-5975.5825
53.53535353535355,-57.57575757575757,-6527.749
55.55555555555557,-57.57575757575757,-6306.8677
57.57575757575759,-57.57575757575757,-6417.35
59.59595959595961,-57.57575757575757,-6300.4556
61.616161616161634,-57.57575757575757,-5957.2817
63.636363636363654,-57.57575757575757,-7316.274
65.65656565656568,-57.57575757575757,-7960.2715
67.6767676767677,-57.57575757575757,-8391.939
69.69696969696972,-57.57575757575757,-9585.193
71.71717171717174,-57.57575757575757,-8601.938
73.73737373737376,-57.57575757575757,-9324.144
75.75757575757578,-57.57575757575757,-10466.174
77.7777777777778,-57.57575757575757,-10242.886
79.79797979797982,-57.57575757575757,-10779.138
81.81818181818184,-57.57575757575757,-11024.746
83.83838383838386,-57.57575757575757,-11558.307
85.85858585858588,-57.57575757575757,-11966.521
87.8787878787879,-57.57575757575757,-9950.185
89.89898989898992,-57.57575757575757,-12192.403
91.91919191919195,-57.57575757575757,-11804.91
93.93939393939394,-57.57575757575757,-15138.134
95.95959595959596,-57.57575757575757,-13249.39
97.97979797979798,-57.57575757575757,-13945.913
100.0,-57.57575757575757,-16545.559
-100.0,-55.55555555555555,-13717.823
-97.97979797979798,-55.55555555555555,-12481.711
-95.95959595959596,-55.55555555555555,-11092.069
-93.93939393939394,-55.55555555555555,-11327.466
-91.91919191919192,-55.55555555555555,-11605.261
-89.8989898989899,-55.55555555555555,-11749.54
-87.87878787878788,-55.55555555555555,-10600.298
-85.85858585858585,-55.55555555555555,-10814.697
-83.83838383838383,-55.55555555555555,-10814.697
-81.81818181818181,-55.55555555555555,-10632.373
-79.79797979797979,-55.55555555555555,-10669.046
-77.77777777777777,-55.55555555555555,-9684.336
-75.75757575757575,-55.55555555555555,-9022.76
-73.73737373737373,-55.55555555555555,-9064.387
-71.71717171717171,-55.55555555555555,-8493.108
-69.69696969696969,-55.55555555555555,-9176.862
-67.67676767676767,-55.55555555555555,-7956.431
-65.65656565656565,-55.55555555555555,-7975.703
-63.63636363636363,-55.55555555555555,-7221.668
-61.61616161616161,-55.55555555555555,-6802.285
-59.59595959595959,-55.55555555555555,-6674.677
-57.57575757575757,-55.55555555555555,-6812.2305
-55.55555555555555,-55.55555555555555,-6694.082
-53.53535353535353,-55.55555555555555,-6075.718
-51.515151515151516,-55.55555555555555,-5541.6694
-49.494949494949495,-55.55555555555555,-4396.1074
-47.474747474747474,-55.55555555555555,-5498.4976
-45.45454545454545,-55.55555555555555,-4061.9197
-43.43434343434343,-55.55555555555555,-4525.2153
-41.41414141414141,-55.55555555555555,-5309.68
-39.39393939393939,-55.55555555555555,-4665.714
-37.37373737373737,-55.55555555555555,-4402.926
-35.35353535353535,-55.55555555555555,-4356.9346
-33.33333333333333,-55.55555555555555,-4006.4314
-31.313131313131308,-55.55555555555555,-4413.155
-29.292929292929287,-55.55555555555555,-4992.9033
-27.272727272727266,-55.55555555555555,-4743.7876
-25.252525252525245,-55.55555555555555,-3783.4058
-23.232323232323225,-55.55555555555555,-2674.3792
-21.212121212121204,-55.55555555555555,-4094.994
-19.191919191919183,-55.55555555555555,-3180.612
-17.171717171717162,-55.55555555555555,-3701.0264
-15.151515151515142,-55.55555555555555,-3958.4097
-13.13131313131312,-55.55555555555555,-3457.6619
-11.1111111111111,-55.55555555555555,-3297.2937
-9.09090909090908,-55.55555555555555,-3667.8794
-7.0707070707070585,-55.55555555555555,-3690.8364
-5.050505050505038,-55.55555555555555,-3833.4385
-3.030303030303031,-55.55555555555555,-3658.2744
-1.0101010101010104,-55.55555555555555,-2521.632
1.0101010101010104,-55.55555555555555,-3227.004
3.030303030303031,-55.55555555555555,-3316.7085
5.050505050505052,-55.55555555555555,-3414.3145
7.070707070707073,-55.55555555555555,-3566.5771
9.090909090909093,-55.55555555555555,-3273.618
11.111111111111114,-55.55555555555555,-3825.0864
13.131313131313135,-55.55555555555555,-3641.6885
15.151515151515156,-55.55555555555555,-3151.0715
17.171717171717177,-55.55555555555555,-3078.386
19.191919191919197,-55.55555555555555,-3677.76
21.212121212121218,-55.55555555555555,-4503.6055
23.23232323232324,-55.55555555555555,-2995.5012
25.25252525252526,-55.55555555555555,-5519.1997
27.27272727272728,-55.55555555555555,-5534.917
29.2929292929293,-55.55555555555555,-5388.8213
31.313131313131322,-55.55555555555555,-4982.9883
33.33333333333334,-55.55555555555555,-5336.4673
35.353535353535364,-55.55555555555555,-6206.088
37.373737373737384,-55.55555555555555,-6243.1157
39.393939393939405,-55.55555555555555,-6393.133
41.414141414141426,-55.55555555555555,-5749.539
43.43434343434345,-55.55555555555555,-5059.1353
45.45454545454547,-55.55555555555555,-5117.7837
47.47474747474749,-55.55555555555555,-5732.4707
49.49494949494951,-55.55555555555555,-5383.1895
51.51515151515153,-55.55555555555555,-5894.0405
53.53535353535355,-55.55555555555555,-6446.207
55.55555555555557,-55.55555555555555,-6225.3257
57.57575757575759,-55.55555555555555,-6335.808
59.59595959595961,-55.55555555555555,-6218.9136
61.616161616161634,-55.55555555555555,-6479.9
63.636363636363654,-55.55555555555555,-7234.732
65.65656565656568,-55.55555555555555,-7837.8286
67.6767676767677,-55.55555555555555,-8387.118
69.69696969696972,-55.55555555555555,-9580.372
71.71717171717174,-55.55555555555555,-8597.119
73.73737373737376,-55.55555555555555,-9319.324
75.75757575757578,-55.55555555555555,-10138.402
77.7777777777778,-55.55555555555555,-10081.819
79.79797979797982,-55.55555555555555,-11386.544
81.81818181818184,-55.55555555555555,-11632.15
83.83838383838386,-55.55555555555555,-12165.713
85.85858585858588,-55.55555555555555,-12546.891
87.8787878787879,-55.55555555555555,-11217.793
89.89898989898992,-55.55555555555555,-14215.847
91.91919191919195,-55.55555555555555,-13111.376
93.93939393939394,-55.55555555555555,-15948.922
95.95959595959596,-55.55555555555555,-14060.176
97.97979797979798,-55.55555555555555,-14499.081
100.0,-55.55555555555555,-13845.475
-100.0,-53.53535353535353,-14011.085
-97.97979797979798,-53.53535353535353,-13158.744
-95.95959595959596,-53.53535353535353,-13017.625
-93.93939393939394,-53.53535353535353,-11531.583
-91.91919191919192,-53.53535353535353,-11381.938
-89.8989898989899,-53.53535353535353,-11334.083
-87.87878787878788,-53.53535353535353,-9941.507
-85.85858585858585,-53.53535353535353,-10267.23
-83.83838383838383,-53.53535353535353,-10267.23
-81.81818181818181,-53.53535353535353,-9619.057
-79.79797979797979,-53.53535353535353,-9775.31
-77.77777777777777,-53.53535353535353,-8790.599
-75.75757575757575,-53.53535353535353,-8129.027
-73.73737373737373,-53.53535353535353,-8313.343
-71.71717171717171,-53.53535353535353,-7568.539
-69.69696969696969,-53.53535353535353,-8425.822
-67.67676767676767,-53.53535353535353,-7383.8853
-65.65656565656565,-53.53535353535353,-7403.157
-63.63636363636363,-53.53535353535353,-6757.5776
-61.61616161616161,-53.53535353535353,-6191.817
-59.59595959595959,-53.53535353535353,-6064.2085
-57.57575757575757,-53.53535353535353,-6373.8735
-55.55555555555555,-53.53535353535353,-6255.725
-53.53535353535353,-53.53535353535353,-5815.0303
-51.515151515151516,-53.53535353535353,-5137.9424
-49.494949494949495,-53.53535353535353,-4136.002
-47.474747474747474,-53.53535353535353,-5238.392
-45.45454545454545,-53.53535353535353,-3801.8132
-43.43434343434343,-53.53535353535353,-4265.11
-41.41414141414141,-53.53535353535353,-5049.5747
-39.39393939393939,-53.53535353535353,-4405.6084
-37.37373737373737,-53.53535353535353,-4142.8203
-35.35353535353535,-53.53535353535353,-3965.7244
-33.33333333333333,-53.53535353535353,-3496.1643
-31.313131313131308,-53.53535353535353,-3902.8857
-29.292929292929287,-53.53535353535353,-4482.637
-27.272727272727266,-53.53535353535353,-4233.5215
-25.252525252525245,-53.53535353535353,-3121.1038
-23.232323232323225,-53.53535353535353,-2012.0789
-21.212121212121204,-53.53535353535353,-3584.7268
-19.191919191919183,-53.53535353535353,-2670.3447
-17.171717171717162,-53.53535353535353,-3190.759
-15.151515151515142,-53.53535353535353,-3606.5815
-13.13131313131312,-53.53535353535353,-2947.3945
-11.1111111111111,-53.53535353535353,-2787.0264
-9.09090909090908,-53.53535353535353,-3157.612
-7.0707070707070585,-53.53535353535353,-3180.569
-5.050505050505038,-53.53535353535353,-3323.1711
-3.030303030303031,-53.53535353535353,-3148.007
-1.0101010101010104,-53.53535353535353,-2544.206
1.0101010101010104,-53.53535353535353,-3003.8396
3.030303030303031,-53.53535353535353,-2708.41
5.050505050505052,-53.53535353535353,-2904.047
7.070707070707073,-53.53535353535353,-3056.3098
9.090909090909093,-53.53535353535353,-1668.3921
11.111111111111114,-53.53535353535353,-3314.819
13.131313131313135,-53.53535353535353,-3338.161
15.151515151515156,-53.53535353535353,-3415.4053
17.171717171717177,-53.53535353535353,-2568.1187
19.191919191919197,-53.53535353535353,-3167.4927
21.212121212121218,-53.53535353535353,-3993.3364
23.23232323232324,-53.53535353535353,-2485.2349
25.25252525252526,-53.53535353535353,-4837.0586
27.27272727272728,-53.53535353535353,-4852.776
29.2929292929293,-53.53535353535353,-4706.68
31.313131313131322,-53.53535353535353,-4190.55
33.33333333333334,-53.53535353535353,-4544.0293
35.353535353535364,-53.53535353535353,-5413.65
37.373737373737384,-53.53535353535353,-5135.746
39.393939393939405,-53.53535353535353,-4697.9067
41.414141414141426,-53.53535353535353,-4957.102
43.43434343434345,-53.53535353535353,-5065.954
45.45454545454547,-53.53535353535353,-4435.539
47.47474747474749,-53.53535353535353,-5050.226
49.49494949494951,-53.53535353535353,-4700.945
51.51515151515153,-53.53535353535353,-5211.796
53.53535353535355,-53.53535353535353,-5763.9624
55.55555555555557,-53.53535353535353,-5917.859
57.57575757575759,-53.53535353535353,-6028.3413
59.59595959595961,-53.53535353535353,-5911.447
61.616161616161634,-53.53535353535353,-6330.0093
63.636363636363654,-53.53535353535353,-7084.8413
65.65656565656568,-53.53535353535353,-7493.7705
67.6767676767677,-53.53535353535353,-7885.4746
69.69696969696972,-53.53535353535353,-8395.589
71.71717171717174,-53.53535353535353,-7254.76
73.73737373737376,-53.53535353535353,-7420.023
75.75757575757578,-53.53535353535353,-8286.83
77.7777777777778,-53.53535353535353,-8030.567
79.79797979797982,-53.53535353535353,-8124.586
81.81818181818184,-53.53535353535353,-8261.547
83.83838383838386,-53.53535353535353,-8949.951
85.85858585858588,-53.53535353535353,-9833.033
87.8787878787879,-53.53535353535353,-8717.899
89.89898989898992,-53.53535353535353,-10800.634
91.91919191919195,-53.53535353535353,-10495.78
93.93939393939394,-53.53535353535353,-12129.607
95.95959595959596,-53.53535353535353,-11824.283
97.97979797979798,-53.53535353535353,-12520.808
100.0,-53.53535353535353,-11669.409
-100.0,-51.515151515151516,-14622.316
-97.97979797979798,-51.515151515151516,-13612.744
-95.95959595959596,-51.515151515151516,-13471.625
-93.93939393939394,-51.515151515151516,-11985.583
-91.91919191919192,-51.515151515151516,-11835.938
-89.8989898989899,-51.515151515151516,-11788.083
-87.87878787878788,-51.515151515151516,-8890.577
-85.85858585858585,-51.515151515151516,-9216.301
-83.83838383838383,-51.515151515151516,-10834.233
-81.81818181818181,-51.515151515151516,-9937.639
-79.79797979797979,-51.515151515151516,-10093.892
-77.77777777777777,-51.515151515151516,-9941.497
-75.75757575757575,-51.515151515151516,-7711.627
-73.73737373737373,-51.515151515151516,-7860.2803
-71.71717171717171,-51.515151515151516,-7115.4697
-69.69696969696969,-51.515151515151516,-7972.756
-67.67676767676767,-51.515151515151516,-6930.816
-65.65656565656565,-51.515151515151516,-6950.088
-63.63636363636363,-51.515151515151516,-6304.5083
-61.61616161616161,-51.515151515151516,-6022.8345
-59.59595959595959,-51.515151515151516,-5895.226
-57.57575757575757,-51.515151515151516,-6204.891
-55.55555555555555,-51.515151515151516,-7014.68
-53.53535353535353,-51.515151515151516,-7906.515
-51.515151515151516,-51.515151515151516,-4968.96
-49.494949494949495,-51.515151515151516,-3967.017
-47.474747474747474,-51.515151515151516,-5069.4097
-45.45454545454545,-51.515151515151516,-3632.8308
-43.43434343434343,-51.515151515151516,-4096.1265
-41.41414141414141,-51.515151515151516,-4880.5923
-39.39393939393939,-51.515151515151516,-4236.626
-37.37373737373737,-51.515151515151516,-3973.836
-35.35353535353535,-51.515151515151516,-3796.742
-33.33333333333333,-51.515151515151516,-3327.182
-31.313131313131308,-51.515151515151516,-3465.9377
-29.292929292929287,-51.515151515151516,-3570.735
-27.272727272727266,-51.515151515151516,-3648.008
-25.252525252525245,-51.515151515151516,-2535.593
-23.232323232323225,-51.515151515151516,-1658.7522
-21.212121212121204,-51.515151515151516,-3231.4001
-19.191919191919183,-51.515151515151516,-2675.3022
-17.171717171717162,-51.515151515151516,-3462.2256
-15.151515151515142,-51.515151515151516,-3878.0483
-13.13131313131312,-51.515151515151516,-2248.9731
-11.1111111111111,-51.515151515151516,-3510.4795
-9.09090909090908,-51.515151515151516,-3881.0652
-7.0707070707070585,-51.515151515151516,-3904.0222
-5.050505050505038,-51.515151515151516,-3562.1812
-3.030303030303031,-51.515151515151516,-3387.0173
-1.0101010101010104,-51.515151515151516,-2712.2993
1.0101010101010104,-51.515151515151516,-3171.9329
3.030303030303031,-51.515151515151516,-2876.5032
5.050505050505052,-51.515151515151516,-3072.1404
7.070707070707073,-51.515151515151516,-3224.403
9.090909090909093,-51.515151515151516,-1720.602
11.111111111111114,-51.515151515151516,-3367.029
13.131313131313135,-51.515151515151516,-2837.181
15.151515151515156,-51.515151515151516,-3174.0002
17.171717171717177,-51.515151515151516,-2857.2227
19.191919191919197,-51.515151515151516,-3456.5967
21.212121212121218,-51.515151515151516,-4471.396
23.23232323232324,-51.515151515151516,-5137.087
25.25252525252526,-51.515151515151516,-4889.2686
27.27272727272728,-51.515151515151516,-4904.986
29.2929292929293,-51.515151515151516,-4635.529
31.313131313131322,-51.515151515151516,-4242.76
33.33333333333334,-51.515151515151516,-4596.2393
35.353535353535364,-51.515151515151516,-5465.86
37.373737373737384,-51.515151515151516,-5187.956
39.393939393939405,-51.515151515151516,-5034.961
41.414141414141426,-51.515151515151516,-5009.312
43.43434343434345,-51.515151515151516,-4381.1016
45.45454545454547,-51.515151515151516,-4572.658
47.47474747474749,-51.515151515151516,-5187.345
49.49494949494951,-51.515151515151516,-4838.064
51.51515151515153,-51.515151515151516,-5348.915
53.53535353535355,-51.515151515151516,-5901.0815
55.55555555555557,-51.515151515151516,-6054.978
57.57575757575759,-51.515151515151516,-6196.0605
59.59595959595961,-51.515151515151516,-6079.166
61.616161616161634,-51.515151515151516,-6207.8784
63.636363636363654,-51.515151515151516,-6962.7104
65.65656565656568,-51.515151515151516,-7371.6396
67.6767676767677,-51.515151515151516,-7763.3438
69.69696969696972,-51.515151515151516,-8222.967
71.71717171717174,-51.515151515151516,-7745.6694
73.73737373737376,-51.515151515151516,-8211.688
75.75757575757578,-51.515151515151516,-8745.857
77.7777777777778,-51.515151515151516,-8317.009
79.79797979797982,-51.515151515151516,-8291.588
81.81818181818184,-51.515151515151516,-8364.182
83.83838383838386,-51.515151515151516,-9052.584
85.85858585858588,-51.515151515151516,-10055.107
87.8787878787879,-51.515151515151516,-9625.037
89.89898989898992,-51.515151515151516,-10916.909
91.91919191919195,-51.515151515151516,-9280.576
93.93939393939394,-51.515151515151516,-10226.998
95.95959595959596,-51.515151515151516,-10770.226
97.97979797979798,-51.515151515151516,-13373.694
100.0,-51.515151515151516,-10470.89
-100.0,-49.494949494949495,-12327.253
-97.97979797979798,-49.494949494949495,-11192.162
-95.95959595959596,-49.494949494949495,-11061.776
-93.93939393939394,-49.494949494949495,-10784.976
-91.91919191919192,-49.494949494949495,-10985.053
-89.8989898989899,-49.494949494949495,-10937.197
-87.87878787878788,-49.494949494949495,-9544.621
-85.85858585858585,-49.494949494949495,-9719.961
-83.83838383838383,-49.494949494949495,-9596.546
-81.81818181818181,-49.494949494949495,-8699.952
-79.79797979797979,-49.494949494949495,-8856.205
-77.77777777777777,-49.494949494949495,-7911.474
-75.75757575757575,-49.494949494949495,-7249.897
-73.73737373737373,-49.494949494949495,-7398.551
-71.71717171717171,-49.494949494949495,-6653.7397
-69.69696969696969,-49.494949494949495,-7511.026
-67.67676767676767,-49.494949494949495,-6695.961
-65.65656565656565,-49.494949494949495,-7189.3765
-63.63636363636363,-49.494949494949495,-5931.3076
-61.61616161616161,-49.494949494949495,-5649.634
-59.59595959595959,-49.494949494949495,-5140.554
-57.57575757575757,-49.494949494949495,-5466.5605
-55.55555555555555,-49.494949494949495,-6276.3496
-53.53535353535353,-49.494949494949495,-7168.1846
-51.515151515151516,-49.494949494949495,-4087.477
-49.494949494949495,-49.494949494949495,-3252.2422
-47.474747474747474,-49.494949494949495,-4583.044
-45.45454545454545,-49.494949494949495,-3146.465
-43.43434343434343,-49.494949494949495,-3609.7595
-41.41414141414141,-49.494949494949495,-4394.226
-39.39393939393939,-49.494949494949495,-3750.2568
-37.37373737373737,-49.494949494949495,-3349.5361
-35.35353535353535,-49.494949494949495,-3172.4429
-33.33333333333333,-49.494949494949495,-2702.8828
-31.313131313131308,-49.494949494949495,-2651.2334
-29.292929292929287,-49.494949494949495,-2946.436
-27.272727272727266,-49.494949494949495,-3268.1367
-25.252525252525245,-49.494949494949495,-2155.7214
-23.232323232323225,-49.494949494949495,-1867.532
-21.212121212121204,-49.494949494949495,-2851.5288
-19.191919191919183,-49.494949494949495,-1937.1482
-17.171717171717162,-49.494949494949495,-2084.533
-15.151515151515142,-49.494949494949495,-2037.5925
-13.13131313131312,-49.494949494949495,-2214.1965
-11.1111111111111,-49.494949494949495,-2053.8284
-9.09090909090908,-49.494949494949495,-2424.414
-7.0707070707070585,-49.494949494949495,-2515.101
-5.050505050505038,-49.494949494949495,-2728.6199
-3.030303030303031,-49.494949494949495,-2553.4558
-1.0101010101010104,-49.494949494949495,-1850.472
1.0101010101010104,-49.494949494949495,-2310.105
3.030303030303031,-49.494949494949495,-2014.6761
5.050505050505052,-49.494949494949495,-2210.3125
7.070707070707073,-49.494949494949495,-2362.5752
9.090909090909093,-49.494949494949495,-1555.7145
11.111111111111114,-49.494949494949495,-2621.0845
13.131313131313135,-49.494949494949495,-2657.7407
15.151515151515156,-49.494949494949495,-2598.6338
17.171717171717177,-49.494949494949495,-1895.2489
19.191919191919197,-49.494949494949495,-2494.6218
21.212121212121218,-49.494949494949495,-3509.4192
23.23232323232324,-49.494949494949495,-3387.639
25.25252525252526,-49.494949494949495,-4172.0176
27.27272727272728,-49.494949494949495,-4023.0447
29.2929292929293,-49.494949494949495,-4030.574
31.313131313131322,-49.494949494949495,-3742.033
33.33333333333334,-49.494949494949495,-4095.512
35.353535353535364,-49.494949494949495,-4965.1353
37.373737373737384,-49.494949494949495,-4687.2314
39.393939393939405,-49.494949494949495,-4534.2363
41.414141414141426,-49.494949494949495,-5042.072
43.43434343434345,-49.494949494949495,-3294.2917
45.45454545454547,-49.494949494949495,-4103.3716
47.47474747474749,-49.494949494949495,-4718.0605
49.49494949494951,-49.494949494949495,-4368.7793
51.51515151515153,-49.494949494949495,-4879.6304
53.53535353535355,-49.494949494949495,-5621.901
55.55555555555557,-49.494949494949495,-5775.7974
57.57575757575759,-49.494949494949495,-5916.88
59.59595959595961,-49.494949494949495,-5799.9854
61.616161616161634,-49.494949494949495,-5279.4995
63.636363636363654,-49.494949494949495,-6396.739
65.65656565656568,-49.494949494949495,-6623.2754
67.6767676767677,-49.494949494949495,-7014.9795
69.69696969696972,-49.494949494949495,-7773.0967
71.71717171717174,-49.494949494949495,-7354.893
73.73737373737376,-49.494949494949495,-7820.914
75.75757575757578,-49.494949494949495,-8355.079
77.7777777777778,-49.494949494949495,-8062.213
79.79797979797982,-49.494949494949495,-8089.646
81.81818181818184,-49.494949494949495,-8162.2383
83.83838383838386,-49.494949494949495,-8935.86
85.85858585858588,-49.494949494949495,-10139.958
87.8787878787879,-49.494949494949495,-9709.886
89.89898989898992,-49.494949494949495,-11146.6875
91.91919191919195,-49.494949494949495,-10563.493
93.93939393939394,-49.494949494949495,-11509.915
95.95959595959596,-49.494949494949495,-12490.008
97.97979797979798,-49.494949494949495,-13044.277
100.0,-49.494949494949495,-12736.668
-100.0,-47.474747474747474,-15027.144
-97.97979797979798,-47.474747474747474,-12163.286
-95.95959595959596,-47.474747474747474,-11225.613
-93.93939393939394,-47.474747474747474,-10321.809
-91.91919191919192,-47.474747474747474,-10781.825
-89.8989898989899,-47.474747474747474,-10733.97
-87.87878787878788,-47.474747474747474,-9341.394
-85.85858585858585,-47.474747474747474,-9516.733
-83.83838383838383,-47.474747474747474,-9393.318
-81.81818181818181,-47.474747474747474,-8675.559
-79.79797979797979,-47.474747474747474,-8831.812
-77.77777777777777,-47.474747474747474,-7887.0806
-75.75757575757575,-47.474747474747474,-7225.5034
-73.73737373737373,-47.474747474747474,-7374.157
-71.71717171717171,-47.474747474747474,-6629.346
-69.69696969696969,-47.474747474747474,-7564.262
-67.67676767676767,-47.474747474747474,-5879.3076
-65.65656565656565,-47.474747474747474,-6372.723
-63.63636363636363,-47.474747474747474,-6261.8105
-61.61616161616161,-47.474747474747474,-5980.1367
-59.59595959595959,-47.474747474747474,-5471.057
-57.57575757575757,-47.474747474747474,-5466.5605
-55.55555555555555,-47.474747474747474,-5925.494
-53.53535353535353,-47.474747474747474,-6817.329
-51.515151515151516,-47.474747474747474,-3741.714
-49.494949494949495,-47.474747474747474,-2906.4795
-47.474747474747474,-47.474747474747474,-4583.044
-45.45454545454545,-47.474747474747474,-4127.239
-43.43434343434343,-47.474747474747474,-3609.7595
-41.41414141414141,-47.474747474747474,-4394.226
-39.39393939393939,-47.474747474747474,-3750.2568
-37.37373737373737,-47.474747474747474,-2965.024
-35.35353535353535,-47.474747474747474,-3172.4429
-33.33333333333333,-47.474747474747474,-2702.8828
-31.313131313131308,-47.474747474747474,-2651.2334
-29.292929292929287,-47.474747474747474,-2946.436
-27.272727272727266,-47.474747474747474,-3497.269
-25.252525252525245,-47.474747474747474,-2155.7214
-23.232323232323225,-47.474747474747474,-1867.532
-21.212121212121204,-47.474747474747474,-2851.5288
-19.191919191919183,-47.474747474747474,-1937.1482
-17.171717171717162,-47.474747474747474,-2407.3096
-15.151515151515142,-47.474747474747474,-2360.3682
-13.13131313131312,-47.474747474747474,-2214.1965
-11.1111111111111,-47.474747474747474,-2053.8284
-9.09090909090908,-47.474747474747474,-2424.414
-7.0707070707070585,-47.474747474747474,-2515.101
-5.050505050505038,-47.474747474747474,-2728.6199
-3.030303030303031,-47.474747474747474,-2553.4558
-1.0101010101010104,-47.474747474747474,-2085.4087
1.0101010101010104,-47.474747474747474,-2310.105
3.030303030303031,-47.474747474747474,-2014.6761
5.050505050505052,-47.474747474747474,-2210.3125
7.070707070707073,-47.474747474747474,-2362.5752
9.090909090909093,-47.474747474747474,-1555.7145
11.111111111111114,-47.474747474747474,-2621.0845
13.131313131313135,-47.474747474747474,-2157.2869
15.151515151515156,-47.474747474747474,-2361.7292
17.171717171717177,-47.474747474747474,-1895.2489
19.191919191919197,-47.474747474747474,-2494.6218
21.212121212121218,-47.474747474747474,-3352.515
23.23232323232324,-47.474747474747474,-2784.5425
25.25252525252526,-47.474747474747474,-4015.1125
27.27272727272728,-47.474747474747474,-3866.1404
29.2929292929293,-47.474747474747474,-3873.6697
31.313131313131322,-47.474747474747474,-3652.47
33.33333333333334,-47.474747474747474,-4005.9487
35.353535353535364,-47.474747474747474,-4875.572
37.373737373737384,-47.474747474747474,-4597.668
39.393939393939405,-47.474747474747474,-4444.673
41.414141414141426,-47.474747474747474,-4952.5083
43.43434343434345,-47.474747474747474,-3204.7285
45.45454545454547,-47.474747474747474,-3888.1807
47.47474747474749,-47.474747474747474,-4502.87
49.49494949494951,-47.474747474747474,-4153.589
51.51515151515153,-47.474747474747474,-4664.44
53.53535353535355,-47.474747474747474,-5406.7104
55.55555555555557,-47.474747474747474,-5560.607
57.57575757575759,-47.474747474747474,-5701.6895
59.59595959595961,-47.474747474747474,-5584.795
61.616161616161634,-47.474747474747474,-5134.2607
63.636363636363654,-47.474747474747474,-6114.538
65.65656565656568,-47.474747474747474,-6341.0747
67.6767676767677,-47.474747474747474,-6732.779
69.69696969696972,-47.474747474747474,-7490.896
71.71717171717174,-47.474747474747474,-7072.6924
73.73737373737376,-47.474747474747474,-7538.7134
75.75757575757578,-47.474747474747474,-8001.9326
77.7777777777778,-47.474747474747474,-7443.663
79.79797979797982,-47.474747474747474,-7934.6123
81.81818181818184,-47.474747474747474,-8007.2046
83.83838383838386,-47.474747474747474,-8780.826
85.85858585858588,-47.474747474747474,-9885.768
87.8787878787879,-47.474747474747474,-9455.697
89.89898989898992,-47.474747474747474,-10916.726
91.91919191919195,-47.474747474747474,-10333.531
93.93939393939394,-47.474747474747474,-10905.78
95.95959595959596,-47.474747474747474,-12260.048
97.97979797979798,-47.474747474747474,-12594.35
100.0,-47.474747474747474,-13067.766
-100.0,-45.45454545454545,-12105.989
-97.97979797979798,-45.45454545454545,-11232.475
-95.95959595959596,-45.45454545454545,-10800.843
-93.93939393939394,-45.45454545454545,-10575.921
-91.91919191919192,-45.45454545454545,-10564.966
-89.8989898989899,-45.45454545454545,-10517.11
-87.87878787878788,-45.45454545454545,-9862.855
-85.85858585858585,-45.45454545454545,-9829.1
-83.83838383838383,-45.45454545454545,-9829.1
-81.81818181818181,-45.45454545454545,-9111.34
-79.79797979797979,-45.45454545454545,-9267.593
-77.77777777777777,-45.45454545454545,-8322.852
-75.75757575757575,-45.45454545454545,-7661.2817
-73.73737373737373,-45.45454545454545,-7809.9355
-71.71717171717171,-45.45454545454545,-6973.7607
-69.69696969696969,-45.45454545454545,-7908.677
-67.67676767676767,-45.45454545454545,-6223.722
-65.65656565656565,-45.45454545454545,-6618.522
-63.63636363636363,-45.45454545454545,-6520.453
-61.61616161616161,-45.45454545454545,-6238.7793
-59.59595959595959,-45.45454545454545,-5729.6997
-57.57575757575757,-45.45454545454545,-5725.203
-55.55555555555555,-45.45454545454545,-6184.1367
-53.53535353535353,-45.45454545454545,-7075.9717
-51.515151515151516,-45.45454545454545,-4678.334
-49.494949494949495,-45.45454545454545,-1738.6511
-47.474747474747474,-45.45454545454545,-4618.265
-45.45454545454545,-45.45454545454545,-4162.459
-43.43434343434343,-45.45454545454545,-3644.9802
-41.41414141414141,-45.45454545454545,-3781.243
-39.39393939393939,-45.45454545454545,-3785.4773
-37.37373737373737,-45.45454545454545,-3000.2449
-35.35353535353535,-45.45454545454545,-3207.6638
-33.33333333333333,-45.45454545454545,-2738.1038
-31.313131313131308,-45.45454545454545,-2831.2126
-29.292929292929287,-45.45454545454545,-2993.0684
-27.272727272727266,-45.45454545454545,-4040.3633
-25.252525252525245,-45.45454545454545,-2698.8157
-23.232323232323225,-45.45454545454545,-2326.906
-21.212121212121204,-45.45454545454545,-3020.174
-19.191919191919183,-45.45454545454545,-2105.7922
-17.171717171717162,-45.45454545454545,-2575.955
-15.151515151515142,-45.45454545454545,-3271.9612
-13.13131313131312,-45.45454545454545,-2940.3486
-11.1111111111111,-45.45454545454545,-2770.0532
-9.09090909090908,-45.45454545454545,-1684.636
-7.0707070707070585,-45.45454545454545,-1775.323
-5.050505050505038,-45.45454545454545,-2382.0771
-3.030303030303031,-45.45454545454545,-2206.913
-1.0101010101010104,-45.45454545454545,-1935.324
1.0101010101010104,-45.45454545454545,-2017.0978
3.030303030303031,-45.45454545454545,-1424.6104
5.050505050505052,-45.45454545454545,-2133.1484
7.070707070707073,-45.45454545454545,-2285.4111
9.090909090909093,-45.45454545454545,-2697.611
11.111111111111114,-45.45454545454545,-2324.4026
13.131313131313135,-45.45454545454545,-2066.941
15.151515151515156,-45.45454545454545,-823.1414
17.171717171717177,-45.45454545454545,-1396.0024
19.191919191919197,-45.45454545454545,-1972.3743
21.212121212121218,-45.45454545454545,-2744.009
23.23232323232324,-45.45454545454545,-1381.0437
25.25252525252526,-45.45454545454545,-3090.1416
27.27272727272728,-45.45454545454545,-2941.1694
29.2929292929293,-45.45454545454545,-2349.0308
31.313131313131322,-45.45454545454545,-2574.847
33.33333333333334,-45.45454545454545,-2928.326
35.353535353535364,-45.45454545454545,-3835.9465
37.373737373737384,-45.45454545454545,-3558.042
39.393939393939405,-45.45454545454545,-3239.6274
41.414141414141426,-45.45454545454545,-3941.9602
43.43434343434345,-45.45454545454545,-3704.2415
45.45454545454547,-45.45454545454545,-3518.2131
47.47474747474749,-45.45454545454545,-4127.067
49.49494949494951,-45.45454545454545,-3777.785
51.51515151515153,-45.45454545454545,-4288.6377
53.53535353535355,-45.45454545454545,-5283.247
55.55555555555557,-45.45454545454545,-5437.1436
57.57575757575759,-45.45454545454545,-6040.1016
59.59595959595961,-45.45454545454545,-5096.8184
61.616161616161634,-45.45454545454545,-4658.229
63.636363636363654,-45.45454545454545,-5861.929
65.65656565656568,-45.45454545454545,-6509.455
67.6767676767677,-45.45454545454545,-6948.82
69.69696969696972,-45.45454545454545,-7706.937
71.71717171717174,-45.45454545454545,-7611.672
73.73737373737376,-45.45454545454545,-8077.693
75.75757575757578,-45.45454545454545,-7898.889
77.7777777777778,-45.45454545454545,-7293.713
79.79797979797982,-45.45454545454545,-8696.15
81.81818181818184,-45.45454545454545,-8342.857
83.83838383838386,-45.45454545454545,-8633.022
85.85858585858588,-45.45454545454545,-9737.964
87.8787878787879,-45.45454545454545,-9703.962
89.89898989898992,-45.45454545454545,-11164.991
91.91919191919195,-45.45454545454545,-10581.797
93.93939393939394,-45.45454545454545,-11154.046
95.95959595959596,-45.45454545454545,-12499.665
97.97979797979798,-45.45454545454545,-12769.224
100.0,-45.45454545454545,-13143.495
-100.0,-43.43434343434343,-12463.83
-97.97979797979798,-43.43434343434343,-10744.254
-95.95959595959596,-43.43434343434343,-11120.554
-93.93939393939394,-43.43434343434343,-10842.802
-91.91919191919192,-43.43434343434343,-11126.517
-89.8989898989899,-43.43434343434343,-11078.661
-87.87878787878788,-43.43434343434343,-10424.406
-85.85858585858585,-43.43434343434343,-10390.65
-83.83838383838383,-43.43434343434343,-10390.65
-81.81818181818181,-43.43434343434343,-9514.553
-79.79797979797979,-43.43434343434343,-9670.806
-77.77777777777777,-43.43434343434343,-8726.064
-75.75757575757575,-43.43434343434343,-8064.495
-73.73737373737373,-43.43434343434343,-8843.944
-71.71717171717171,-43.43434343434343,-7304.8823
-69.69696969696969,-43.43434343434343,-8047.149
-67.67676767676767,-43.43434343434343,-6554.8438
-65.65656565656565,-43.43434343434343,-6949.6436
-63.63636363636363,-43.43434343434343,-6851.5747
-61.61616161616161,-43.43434343434343,-6569.901
-59.59595959595959,-43.43434343434343,-6060.8213
-57.57575757575757,-43.43434343434343,-5810.007
-55.55555555555555,-43.43434343434343,-6641.5176
-53.53535353535353,-43.43434343434343,-6642.3105
-51.515151515151516,-43.43434343434343,-5773.096
-49.494949494949495,-43.43434343434343,-3860.7063
-47.474747474747474,-43.43434343434343,-5075.646
-45.45454545454545,-43.43434343434343,-4619.841
-43.43434343434343,-43.43434343434343,-4357.792
-41.41414141414141,-43.43434343434343,-3842.661
-39.39393939393939,-43.43434343434343,-3874.9736
-37.37373737373737,-43.43434343434343,-3089.7412
-35.35353535353535,-43.43434343434343,-3570.8296
-33.33333333333333,-43.43434343434343,-3101.2695
-31.313131313131308,-43.43434343434343,-3166.2998
-29.292929292929287,-43.43434343434343,-3328.1555
-27.272727272727266,-43.43434343434343,-4375.4526
-25.252525252525245,-43.43434343434343,-3033.9028
-23.232323232323225,-43.43434343434343,-2661.9932
-21.212121212121204,-43.43434343434343,-3355.2612
-19.191919191919183,-43.43434343434343,-2440.8794
-17.171717171717162,-43.43434343434343,-2911.0422
-15.151515151515142,-43.43434343434343,-3607.0483
-13.13131313131312,-43.43434343434343,-3275.4358
-11.1111111111111,-43.43434343434343,-3105.1404
-9.09090909090908,-43.43434343434343,-2360.6472
-7.0707070707070585,-43.43434343434343,-2451.3342
-5.050505050505038,-43.43434343434343,-2717.1643
-3.030303030303031,-43.43434343434343,-2542.0002
-1.0101010101010104,-43.43434343434343,-2926.0774
1.0101010101010104,-43.43434343434343,-2013.3878
3.030303030303031,-43.43434343434343,-756.2129
5.050505050505052,-43.43434343434343,-2598.575
7.070707070707073,-43.43434343434343,-2750.8376
9.090909090909093,-43.43434343434343,-3163.0376
11.111111111111114,-43.43434343434343,-2789.829
13.131313131313135,-43.43434343434343,-2532.367
15.151515151515156,-43.43434343434343,-1698.5806
17.171717171717177,-43.43434343434343,-2013.47
19.191919191919197,-43.43434343434343,-2241.107
21.212121212121218,-43.43434343434343,-3012.7432
23.23232323232324,-43.43434343434343,-4754.8037
25.25252525252526,-43.43434343434343,-2275.2178
27.27272727272728,-43.43434343434343,-2815.938
29.2929292929293,-43.43434343434343,-2223.7993
31.313131313131322,-43.43434343434343,-2449.6155
33.33333333333334,-43.43434343434343,-2803.0945
35.353535353535364,-43.43434343434343,-4014.8206
37.373737373737384,-43.43434343434343,-3736.916
39.393939393939405,-43.43434343434343,-3137.8796
41.414141414141426,-43.43434343434343,-4175.2534
43.43434343434345,-43.43434343434343,-4129.061
45.45454545454547,-43.43434343434343,-3923.4058
47.47474747474749,-43.43434343434343,-4704.1084
49.49494949494951,-43.43434343434343,-3889.8171
51.51515151515153,-43.43434343434343,-4400.671
53.53535353535355,-43.43434343434343,-5495.9214
55.55555555555557,-43.43434343434343,-5649.818
57.57575757575759,-43.43434343434343,-5790.9004
59.59595959595961,-43.43434343434343,-5758.881
61.616161616161634,-43.43434343434343,-5163.599
63.636363636363654,-43.43434343434343,-6367.2993
65.65656565656568,-43.43434343434343,-6593.836
67.6767676767677,-43.43434343434343,-7033.2007
69.69696969696972,-43.43434343434343,-7791.318
71.71717171717174,-43.43434343434343,-7423.9907
73.73737373737376,-43.43434343434343,-8027.4688
75.75757575757578,-43.43434343434343,-8740.903
77.7777777777778,-43.43434343434343,-7810.1953
79.79797979797982,-43.43434343434343,-7720.411
81.81818181818184,-43.43434343434343,-7736.5923
83.83838383838386,-43.43434343434343,-8510.216
85.85858585858588,-43.43434343434343,-9944.1045
87.8787878787879,-43.43434343434343,-9560.313
89.89898989898992,-43.43434343434343,-11021.343
91.91919191919195,-43.43434343434343,-10438.148
93.93939393939394,-43.43434343434343,-11010.397
95.95959595959596,-43.43434343434343,-12251.618
97.97979797979798,-43.43434343434343,-12521.177
100.0,-43.43434343434343,-13178.066
-100.0,-41.41414141414141,-10716.282
-97.97979797979798,-41.41414141414141,-8604.298
-95.95959595959596,-41.41414141414141,-11163.6875
-93.93939393939394,-41.41414141414141,-10467.956
-91.91919191919192,-41.41414141414141,-10751.671
-89.8989898989899,-41.41414141414141,-10703.815
-87.87878787878788,-41.41414141414141,-9812.424
-85.85858585858585,-41.41414141414141,-9778.668
-83.83838383838383,-41.41414141414141,-9778.668
-81.81818181818181,-41.41414141414141,-8902.57
-79.79797979797979,-41.41414141414141,-8755.1
-77.77777777777777,-41.41414141414141,-8114.092
-75.75757575757575,-41.41414141414141,-7452.5146
-73.73737373737373,-41.41414141414141,-6641.1177
-71.71717171717171,-41.41414141414141,-6616.402
-69.69696969696969,-41.41414141414141,-7358.6685
-67.67676767676767,-41.41414141414141,-5598.369
-65.65656565656565,-41.41414141414141,-5620.299
-63.63636363636363,-41.41414141414141,-5979.642
-61.61616161616161,-41.41414141414141,-5697.9683
-59.59595959595959,-41.41414141414141,-5188.8887
-57.57575757575757,-41.41414141414141,-5184.392
-55.55555555555555,-41.41414141414141,-5395.132
-53.53535353535353,-41.41414141414141,-5261.0806
-51.515151515151516,-41.41414141414141,-4815.188
-49.494949494949495,-41.41414141414141,-3086.2485
-47.474747474747474,-41.41414141414141,-4301.19
-45.45454545454545,-41.41414141414141,-3845.3804
-43.43434343434343,-41.41414141414141,-3327.9028
-41.41414141414141,-41.41414141414141,-3067.3022
-39.39393939393939,-41.41414141414141,-3894.4092
-37.37373737373737,-41.41414141414141,-3193.0068
-35.35353535353535,-41.41414141414141,-3316.5957
-33.33333333333333,-41.41414141414141,-2037.8625
-31.313131313131308,-41.41414141414141,-2764.997
-29.292929292929287,-41.41414141414141,-2926.8528
-27.272727272727266,-41.41414141414141,-3974.1477
-25.252525252525245,-41.41414141414141,-2632.6
-23.232323232323225,-41.41414141414141,-2260.6904
-21.212121212121204,-41.41414141414141,-3012.8662
-19.191919191919183,-41.41414141414141,-2098.4844
-17.171717171717162,-41.41414141414141,-2568.6472
-15.151515151515142,-41.41414141414141,-2521.7058
-13.13131313131312,-41.41414141414141,-2375.5342
-11.1111111111111,-41.41414141414141,-2205.2388
-9.09090909090908,-41.41414141414141,-2284.488
-7.0707070707070585,-41.41414141414141,-2375.175
-5.050505050505038,-41.41414141414141,-2588.6938
-3.030303030303031,-41.41414141414141,-2413.5298
-1.0101010101010104,-41.41414141414141,-2797.607
1.0101010101010104,-41.41414141414141,-2598.6218
3.030303030303031,-41.41414141414141,-2303.1921
5.050505050505052,-41.41414141414141,-2141.9487
7.070707070707073,-41.41414141414141,-2294.2114
9.090909090909093,-41.41414141414141,-2706.4114
11.111111111111114,-41.41414141414141,-2316.988
13.131313131313135,-41.41414141414141,-2059.5264
15.151515151515156,-41.41414141414141,-1636.2717
17.171717171717177,-41.41414141414141,-1951.1608
19.191919191919197,-41.41414141414141,-2178.7983
21.212121212121218,-41.41414141414141,-2950.4346
23.23232323232324,-41.41414141414141,-4692.4956
25.25252525252526,-41.41414141414141,-2835.127
27.27272727272728,-41.41414141414141,-3375.8472
29.2929292929293,-41.41414141414141,-2708.108
31.313131313131322,-41.41414141414141,-2933.9246
33.33333333333334,-41.41414141414141,-3287.4033
35.353535353535364,-41.41414141414141,-4195.0264
37.373737373737384,-41.41414141414141,-3917.1194
39.393939393939405,-41.41414141414141,-3512.9685
41.414141414141426,-41.41414141414141,-4051.9302
43.43434343434345,-41.41414141414141,-4005.7388
45.45454545454547,-41.41414141414141,-3800.0847
47.47474747474749,-41.41414141414141,-4408.9395
49.49494949494951,-41.41414141414141,-4481.247
51.51515151515153,-41.41414141414141,-4854.064
53.53535353535355,-41.41414141414141,-5300.187
55.55555555555557,-41.41414141414141,-5454.0835
57.57575757575759,-41.41414141414141,-5595.166
59.59595959595961,-41.41414141414141,-5634.964
61.616161616161634,-41.41414141414141,-5039.682
63.636363636363654,-41.41414141414141,-6750.1113
65.65656565656568,-41.41414141414141,-6469.919
67.6767676767677,-41.41414141414141,-6890.3364
69.69696969696972,-41.41414141414141,-7648.4536
71.71717171717174,-41.41414141414141,-7281.1265
73.73737373737376,-41.41414141414141,-7758.263
75.75757575757578,-41.41414141414141,-8376.112
77.7777777777778,-41.41414141414141,-6218.2197
79.79797979797982,-41.41414141414141,-7355.622
81.81818181818184,-41.41414141414141,-7594.437
83.83838383838386,-41.41414141414141,-7461.992
85.85858585858588,-41.41414141414141,-8619.018
87.8787878787879,-41.41414141414141,-8015.3223
89.89898989898992,-41.41414141414141,-9317.182
91.91919191919195,-41.41414141414141,-8630.823
93.93939393939394,-41.41414141414141,-9432.577
95.95959595959596,-41.41414141414141,-10769.882
97.97979797979798,-41.41414141414141,-11039.104
100.0,-41.41414141414141,-11609.829
-100.0,-39.39393939393939,-12524.509
-97.97979797979798,-39.39393939393939,-11406.716
-95.95959595959596,-39.39393939393939,-10893.1455
-93.93939393939394,-39.39393939393939,-10744.755
-91.91919191919192,-39.39393939393939,-10733.8
-89.8989898989899,-39.39393939393939,-10500.22
-87.87878787878788,-39.39393939393939,-9608.827
-85.85858585858585,-39.39393939393939,-8758.267
-83.83838383838383,-39.39393939393939,-9469.289
-81.81818181818181,-39.39393939393939,-8937.253
-79.79797979797979,-39.39393939393939,-8789.782
-77.77777777777777,-39.39393939393939,-8148.7725
-75.75757575757575,-39.39393939393939,-7487.1953
-73.73737373737373,-39.39393939393939,-7251.391
-71.71717171717171,-39.39393939393939,-6723.1743
-69.69696969696969,-39.39393939393939,-7465.441
-67.67676767676767,-39.39393939393939,-5705.1416
-65.65656565656565,-39.39393939393939,-5727.0713
-63.63636363636363,-39.39393939393939,-6015.906
-61.61616161616161,-39.39393939393939,-5734.232
-59.59595959595959,-39.39393939393939,-5225.1523
-57.57575757575757,-39.39393939393939,-5220.656
-55.55555555555555,-39.39393939393939,-5431.3955
-53.53535353535353,-39.39393939393939,-5432.1885
-51.515151515151516,-39.39393939393939,-4986.296
-49.494949494949495,-39.39393939393939,-3257.3577
-47.474747474747474,-39.39393939393939,-4472.298
-45.45454545454545,-39.39393939393939,-4016.4895
-43.43434343434343,-39.39393939393939,-3499.0122
-41.41414141414141,-39.39393939393939,-3180.1462
-39.39393939393939,-39.39393939393939,-3609.3228
-37.37373737373737,-39.39393939393939,-3671.486
-35.35353535353535,-39.39393939393939,-3031.5093
-33.33333333333333,-39.39393939393939,-3431.7437
-31.313131313131308,-39.39393939393939,-2423.8481
-29.292929292929287,-39.39393939393939,-2104.038
-27.272727272727266,-39.39393939393939,-2824.8027
-25.252525252525245,-39.39393939393939,-1836.982
-23.232323232323225,-39.39393939393939,-1949.9833
-21.212121212121204,-39.39393939393939,-2196.2854
-19.191919191919183,-39.39393939393939,-1787.7759
-17.171717171717162,-39.39393939393939,-2257.9387
-15.151515151515142,-39.39393939393939,-2210.9973
-13.13131313131312,-39.39393939393939,-2064.8254
-11.1111111111111,-39.39393939393939,-1894.5309
-9.09090909090908,-39.39393939393939,-2265.116
-7.0707070707070585,-39.39393939393939,-2355.803
-5.050505050505038,-39.39393939393939,-2569.3218
-3.030303030303031,-39.39393939393939,-2394.1577
-1.0101010101010104,-39.39393939393939,-4129.5376
1.0101010101010104,-39.39393939393939,-959.5674
3.030303030303031,-39.39393939393939,-1605.0084
5.050505050505052,-39.39393939393939,-1904.8994
7.070707070707073,-39.39393939393939,-2169.9785
9.090909090909093,-39.39393939393939,-3614.173
11.111111111111114,-39.39393939393939,-2192.7551
13.131313131313135,-39.39393939393939,-1935.294
15.151515151515156,-39.39393939393939,-1512.0392
17.171717171717177,-39.39393939393939,-1826.9285
19.191919191919197,-39.39393939393939,-2054.5654
21.212121212121218,-39.39393939393939,-2598.427
23.23232323232324,-39.39393939393939,-4164.662
25.25252525252526,-39.39393939393939,-1916.8232
27.27272727272728,-39.39393939393939,-2457.5425
29.2929292929293,-39.39393939393939,-3118.9988
31.313131313131322,-39.39393939393939,-2804.8743
33.33333333333334,-39.39393939393939,-3209.6704
35.353535353535364,-39.39393939393939,-4117.2925
37.373737373737384,-39.39393939393939,-3839.3865
39.393939393939405,-39.39393939393939,-3435.2356
41.414141414141426,-39.39393939393939,-3699.7166
43.43434343434345,-39.39393939393939,-3928.0059
45.45454545454547,-39.39393939393939,-3722.3518
47.47474747474749,-39.39393939393939,-4422.0063
49.49494949494951,-39.39393939393939,-4211.7725
51.51515151515153,-39.39393939393939,-4584.5894
53.53535353535355,-39.39393939393939,-4664.991
55.55555555555557,-39.39393939393939,-5576.6064
57.57575757575759,-39.39393939393939,-5717.689
59.59595959595961,-39.39393939393939,-5757.487
61.616161616161634,-39.39393939393939,-5430.2495
63.636363636363654,-39.39393939393939,-7140.6787
65.65656565656568,-39.39393939393939,-6491.3887
67.6767676767677,-39.39393939393939,-6911.806
69.69696969696972,-39.39393939393939,-7669.9233
71.71717171717174,-39.39393939393939,-7403.6494
73.73737373737376,-39.39393939393939,-7880.786
75.75757575757578,-39.39393939393939,-8030.7896
77.7777777777778,-39.39393939393939,-5804.7886
79.79797979797982,-39.39393939393939,-7214.8267
81.81818181818184,-39.39393939393939,-7277.466
83.83838383838386,-39.39393939393939,-7446.9487
85.85858585858588,-39.39393939393939,-8354.708
87.8787878787879,-39.39393939393939,-8800.938
89.89898989898992,-39.39393939393939,-10102.799
91.91919191919195,-39.39393939393939,-9810.26
93.93939393939394,-39.39393939393939,-10720.183
95.95959595959596,-39.39393939393939,-12057.487
97.97979797979798,-39.39393939393939,-12591.294
100.0,-39.39393939393939,-13019.689
-100.0,-37.37373737373737,-13177.761
-97.97979797979798,-37.37373737373737,-11946.292
-95.95959595959596,-37.37373737373737,-11204.701
-93.93939393939394,-37.37373737373737,-11056.311
-91.91919191919192,-37.37373737373737,-11045.355
-89.8989898989899,-37.37373737373737,-10811.775
-87.87878787878788,-37.37373737373737,-9920.383
-85.85858585858585,-37.37373737373737,-9069.822
-83.83838383838383,-37.37373737373737,-9780.845
-81.81818181818181,-37.37373737373737,-9248.809
-79.79797979797979,-37.37373737373737,-9101.338
-77.77777777777777,-37.37373737373737,-8460.319
-75.75757575757575,-37.37373737373737,-7798.75
-73.73737373737373,-37.37373737373737,-7457.0166
-71.71717171717171,-37.37373737373737,-7032.914
-69.69696969696969,-37.37373737373737,-7775.1807
-67.67676767676767,-37.37373737373737,-6014.8813
-65.65656565656565,-37.37373737373737,-6036.811
-63.63636363636363,-37.37373737373737,-6357.6074
-61.61616161616161,-37.37373737373737,-5881.787
-59.59595959595959,-37.37373737373737,-5372.7075
-57.57575757575757,-37.37373737373737,-5368.211
-55.55555555555555,-37.37373737373737,-5578.9507
-53.53535353535353,-37.37373737373737,-5579.7437
-51.515151515151516,-37.37373737373737,-4652.503
-49.494949494949495,-37.37373737373737,-3056.014
-47.474747474747474,-37.37373737373737,-4798.626
-45.45454545454545,-37.37373737373737,-3868.6436
-43.43434343434343,-37.37373737373737,-3564.8672
-41.41414141414141,-37.37373737373737,-4522.812
-39.39393939393939,-37.37373737373737,-3675.1777
-37.37373737373737,-37.37373737373737,-3976.4902
-35.35353535353535,-37.37373737373737,-3243.6921
-33.33333333333333,-37.37373737373737,-2861.0217
-31.313131313131308,-37.37373737373737,-2622.0835
-29.292929292929287,-37.37373737373737,-3507.4658
-27.272727272727266,-37.37373737373737,-3023.038
-25.252525252525245,-37.37373737373737,-1931.1023
-23.232323232323225,-37.37373737373737,-1734.2891
-21.212121212121204,-37.37373737373737,-1909.318
-19.191919191919183,-37.37373737373737,-1500.8083
-17.171717171717162,-37.37373737373737,-1970.9717
-15.151515151515142,-37.37373737373737,-1924.0305
-13.13131313131312,-37.37373737373737,-1777.8585
-11.1111111111111,-37.37373737373737,-1607.5634
-9.09090909090908,-37.37373737373737,-1978.1488
-7.0707070707070585,-37.37373737373737,-2068.835
-5.050505050505038,-37.37373737373737,-2282.354
-3.030303030303031,-37.37373737373737,-2107.1907
-1.0101010101010104,-37.37373737373737,-3842.5703
1.0101010101010104,-37.37373737373737,-672.5998
3.030303030303031,-37.37373737373737,-1318.0406
5.050505050505052,-37.37373737373737,-1617.9318
7.070707070707073,-37.37373737373737,-1883.0107
9.090909090909093,-37.37373737373737,-1236.3828
11.111111111111114,-37.37373737373737,-1905.7875
13.131313131313135,-37.37373737373737,-1648.326
15.151515151515156,-37.37373737373737,-1225.0713
17.171717171717177,-37.37373737373737,-1539.961
19.191919191919197,-37.37373737373737,-1767.5975
21.212121212121218,-37.37373737373737,-2311.4592
23.23232323232324,-37.37373737373737,-3877.6936
25.25252525252526,-37.37373737373737,-1574.752
27.27272727272728,-37.37373737373737,-2115.4717
29.2929292929293,-37.37373737373737,-2776.928
31.313131313131322,-37.37373737373737,-2462.8035
33.33333333333334,-37.37373737373737,-2867.5996
35.353535353535364,-37.37373737373737,-3775.2202
37.373737373737384,-37.37373737373737,-3497.3157
39.393939393939405,-37.37373737373737,-3093.1648
41.414141414141426,-37.37373737373737,-3357.6458
43.43434343434345,-37.37373737373737,-3585.935
45.45454545454547,-37.37373737373737,-3380.2808
47.47474747474749,-37.37373737373737,-4079.9333
49.49494949494951,-37.37373737373737,-4077.2966
51.51515151515153,-37.37373737373737,-4213.946
53.53535353535355,-37.37373737373737,-4865.755
55.55555555555557,-37.37373737373737,-5278.705
57.57575757575759,-37.37373737373737,-5419.7876
59.59595959595961,-37.37373737373737,-5459.5854
61.616161616161634,-37.37373737373737,-5132.348
63.636363636363654,-37.37373737373737,-6842.7773
65.65656565656568,-37.37373737373737,-6193.4873
67.6767676767677,-37.37373737373737,-6713.667
69.69696969696972,-37.37373737373737,-7471.784
71.71717171717174,-37.37373737373737,-7205.5103
73.73737373737376,-37.37373737373737,-7682.647
75.75757575757578,-37.37373737373737,-8055.369
77.7777777777778,-37.37373737373737,-7835.194
79.79797979797982,-37.37373737373737,-7545.136
81.81818181818184,-37.37373737373737,-7646.719
83.83838383838386,-37.37373737373737,-7816.2075
85.85858585858588,-37.37373737373737,-8723.962
87.8787878787879,-37.37373737373737,-8908.69
89.89898989898992,-37.37373737373737,-10210.551
91.91919191919195,-37.37373737373737,-9001.305
93.93939393939394,-37.37373737373737,-9802.956
95.95959595959596,-37.37373737373737,-11140.261
97.97979797979798,-37.37373737373737,-11191.46
100.0,-37.37373737373737,-11462.901
-100.0,-35.35353535353535,-11816.2295
-97.97979797979798,-35.35353535353535,-10455.572
-95.95959595959596,-35.35353535353535,-9467.467
-93.93939393939394,-35.35353535353535,-9553.908
-91.91919191919192,-35.35353535353535,-9388.668
-89.8989898989899,-35.35353535353535,-8847.615
-87.87878787878788,-35.35353535353535,-7681.972
-85.85858585858585,-35.35353535353535,-7648.215
-83.83838383838383,-35.35353535353535,-7873.819
-81.81818181818181,-35.35353535353535,-6915.787
-79.79797979797979,-35.35353535353535,-6768.3145
-77.77777777777777,-35.35353535353535,-6264.517
-75.75757575757575,-35.35353535353535,-5780.469
-73.73737373737373,-35.35353535353535,-5696.7686
-71.71717171717171,-35.35353535353535,-5782.872
-69.69696969696969,-35.35353535353535,-6441.072
-67.67676767676767,-35.35353535353535,-4886.4873
-65.65656565656565,-35.35353535353535,-4908.417
-63.63636363636363,-35.35353535353535,-5309.965
-61.61616161616161,-35.35353535353535,-5245.967
-59.59595959595959,-35.35353535353535,-4879.4097
-57.57575757575757,-35.35353535353535,-4682.5947
-55.55555555555555,-35.35353535353535,-4893.3345
-53.53535353535353,-35.35353535353535,-4894.1274
-51.515151515151516,-35.35353535353535,-3842.6326
-49.494949494949495,-35.35353535353535,-2246.1462
-47.474747474747474,-35.35353535353535,-3988.755
-45.45454545454545,-35.35353535353535,-3196.683
-43.43434343434343,-35.35353535353535,-2892.9067
-41.41414141414141,-35.35353535353535,-3909.1165
-39.39393939393939,-35.35353535353535,-3061.4827
-37.37373737373737,-35.35353535353535,-2745.2559
-35.35353535353535,-35.35353535353535,-2390.8481
-33.33333333333333,-35.35353535353535,-1522.7115
-31.313131313131308,-35.35353535353535,-1962.7986
-29.292929292929287,-35.35353535353535,-1668.2894
-27.272727272727266,-35.35353535353535,-2363.7524
-25.252525252525245,-35.35353535353535,-1499.6821
-23.232323232323225,-35.35353535353535,-1302.8689
-21.212121212121204,-35.35353535353535,-1536.8718
-19.191919191919183,-35.35353535353535,-1128.3623
-17.171717171717162,-35.35353535353535,-1598.5255
-15.151515151515142,-35.35353535353535,-1551.584
-13.13131313131312,-35.35353535353535,-1405.4124
-11.1111111111111,-35.35353535353535,-1235.1172
-9.09090909090908,-35.35353535353535,-1605.7026
-7.0707070707070585,-35.35353535353535,-1696.3892
-5.050505050505038,-35.35353535353535,-1909.9084
-3.030303030303031,-35.35353535353535,-1734.7439
-1.0101010101010104,-35.35353535353535,-3470.1245
1.0101010101010104,-35.35353535353535,-471.21906
3.030303030303031,-35.35353535353535,-945.5944
5.050505050505052,-35.35353535353535,-1245.4856
7.070707070707073,-35.35353535353535,-1510.5646
9.090909090909093,-35.35353535353535,-863.9367
11.111111111111114,-35.35353535353535,-1533.3413
13.131313131313135,-35.35353535353535,-1275.8799
15.151515151515156,-35.35353535353535,-1084.814
17.171717171717177,-35.35353535353535,-1399.7037
19.191919191919197,-35.35353535353535,-1395.1514
21.212121212121218,-35.35353535353535,-1939.0137
23.23232323232324,-35.35353535353535,851.8924
25.25252525252526,-35.35353535353535,-2221.0107
27.27272727272728,-35.35353535353535,-2277.9292
29.2929292929293,-35.35353535353535,-2404.4832
31.313131313131322,-35.35353535353535,-2052.322
33.33333333333334,-35.35353535353535,-2388.468
35.353535353535364,-35.35353535353535,-3296.0884
37.373737373737384,-35.35353535353535,-3018.1838
39.393939393939405,-35.35353535353535,-2492.7922
41.414141414141426,-35.35353535353535,-2757.2732
43.43434343434345,-35.35353535353535,-3032.8691
45.45454545454547,-35.35353535353535,-2705.0598
47.47474747474749,-35.35353535353535,-3404.7122
49.49494949494951,-35.35353535353535,-3402.0754
51.51515151515153,-35.35353535353535,-3584.566
53.53535353535355,-35.35353535353535,-3929.9004
55.55555555555557,-35.35353535353535,-4233.398
57.57575757575759,-35.35353535353535,-4374.4805
59.59595959595961,-35.35353535353535,-4414.2783
61.616161616161634,-35.35353535353535,-3566.1604
63.636363636363654,-35.35353535353535,-4999.0522
65.65656565656568,-35.35353535353535,-5012.9985
67.6767676767677,-35.35353535353535,-5718.9873
69.69696969696972,-35.35353535353535,-6623.358
71.71717171717174,-35.35353535353535,-5352.3857
73.73737373737376,-35.35353535353535,-5382.7544
75.75757575757578,-35.35353535353535,-5906.8477
77.7777777777778,-35.35353535353535,-6535.334
79.79797979797982,-35.35353535353535,-6235.1665
81.81818181818184,-35.35353535353535,-6336.7495
83.83838383838386,-35.35353535353535,-6690.9023
85.85858585858588,-35.35353535353535,-7598.6577
87.8787878787879,-35.35353535353535,-7181.5273
89.89898989898992,-35.35353535353535,-8361.769
91.91919191919195,-35.35353535353535,-7366.432
93.93939393939394,-35.35353535353535,-7953.0527
95.95959595959596,-35.35353535353535,-9226.262
97.97979797979798,-35.35353535353535,-8867.488
100.0,-35.35353535353535,-8360.347
-100.0,-33.33333333333333,-12262.773
-97.97979797979798,-33.33333333333333,-10902.116
-95.95959595959596,-33.33333333333333,-9949.935
-93.93939393939394,-33.33333333333333,-10036.376
-91.91919191919192,-33.33333333333333,-10025.421
-89.8989898989899,-33.33333333333333,-9484.367
-87.87878787878788,-33.33333333333333,-8318.715
-85.85858585858585,-33.33333333333333,-8284.958
-83.83838383838383,-33.33333333333333,-8284.958
-81.81818181818181,-33.33333333333333,-7326.938
-79.79797979797979,-33.33333333333333,-7179.4653
-77.77777777777777,-33.33333333333333,-6883.545
-75.75757575757575,-33.33333333333333,-6399.497
-73.73737373737373,-33.33333333333333,-6315.7964
-71.71717171717171,-33.33333333333333,-6401.9
-69.69696969696969,-33.33333333333333,-7060.0996
-67.67676767676767,-33.33333333333333,-5505.515
-65.65656565656565,-33.33333333333333,-5527.445
-63.63636363636363,-33.33333333333333,-5928.9927
-61.61616161616161,-33.33333333333333,-5453.1724
-59.59595959595959,-33.33333333333333,-5086.615
-57.57575757575757,-33.33333333333333,-4786.1953
-55.55555555555555,-33.33333333333333,-5665.7886
-53.53535353535353,-33.33333333333333,-5666.5815
-51.515151515151516,-33.33333333333333,-4615.092
-49.494949494949495,-33.33333333333333,-3018.6003
-47.474747474747474,-33.33333333333333,-4761.213
-45.45454545454545,-33.33333333333333,-3027.6008
-43.43434343434343,-33.33333333333333,-2723.8245
-41.41414141414141,-33.33333333333333,-3722.754
-39.39393939393939,-33.33333333333333,-3288.0757
-37.37373737373737,-33.33333333333333,-2971.8486
-35.35353535353535,-33.33333333333333,-2617.441
-33.33333333333333,-33.33333333333333,-1749.3047
-31.313131313131308,-33.33333333333333,-2189.3909
-29.292929292929287,-33.33333333333333,-1087.2385
-27.272727272727266,-33.33333333333333,-2590.3455
-25.252525252525245,-33.33333333333333,-1726.275
-23.232323232323225,-33.33333333333333,-1529.4619
-21.212121212121204,-33.33333333333333,-1763.4647
-19.191919191919183,-33.33333333333333,-1575.6066
-17.171717171717162,-33.33333333333333,-2045.7697
-15.151515151515142,-33.33333333333333,-1998.8286
-13.13131313131312,-33.33333333333333,-1852.6567
-11.1111111111111,-33.33333333333333,-1682.3616
-9.09090909090908,-33.33333333333333,-2052.9465
-7.0707070707070585,-33.33333333333333,-2143.633
-5.050505050505038,-33.33333333333333,-2357.1523
-3.030303030303031,-33.33333333333333,-2181.988
-1.0101010101010104,-33.33333333333333,-3917.3684
1.0101010101010104,-33.33333333333333,-1047.2029
3.030303030303031,-33.33333333333333,-1862.2653
5.050505050505052,-33.33333333333333,-2162.156
7.070707070707073,-33.33333333333333,-1957.8088
9.090909090909093,-33.33333333333333,-1311.181
11.111111111111114,-33.33333333333333,-1980.5857
13.131313131313135,-33.33333333333333,-1723.1243
15.151515151515156,-33.33333333333333,-1532.0583
17.171717171717177,-33.33333333333333,-1846.9481
19.191919191919197,-33.33333333333333,-1842.3958
21.212121212121218,-33.33333333333333,-2299.2954
23.23232323232324,-33.33333333333333,491.60995
25.25252525252526,-33.33333333333333,-2581.2922
27.27272727272728,-33.33333333333333,-2638.2107
29.2929292929293,-33.33333333333333,-2764.7646
31.313131313131322,-33.33333333333333,-2412.6035
33.33333333333334,-33.33333333333333,-2748.7495
35.353535353535364,-33.33333333333333,-3656.37
37.373737373737384,-33.33333333333333,-3378.4656
39.393939393939405,-33.33333333333333,-2974.3147
41.414141414141426,-33.33333333333333,-2803.7786
43.43434343434345,-33.33333333333333,-3514.3914
45.45454545454547,-33.33333333333333,-3276.8103
47.47474747474749,-33.33333333333333,-3976.463
49.49494949494951,-33.33333333333333,-3973.8262
51.51515151515153,-33.33333333333333,-4156.3184
53.53535353535355,-33.33333333333333,-4501.654
55.55555555555557,-33.33333333333333,-4805.148
57.57575757575759,-33.33333333333333,-4946.2305
59.59595959595961,-33.33333333333333,-4986.0283
61.616161616161634,-33.33333333333333,-3071.2888
63.636363636363654,-33.33333333333333,-5579.786
65.65656565656568,-33.33333333333333,-5593.7324
67.6767676767677,-33.33333333333333,-5930.518
69.69696969696972,-33.33333333333333,-6834.8887
71.71717171717174,-33.33333333333333,-6190.224
73.73737373737376,-33.33333333333333,-6220.593
75.75757575757578,-33.33333333333333,-6744.686
77.7777777777778,-33.33333333333333,-7158.9297
79.79797979797982,-33.33333333333333,-6923.358
81.81818181818184,-33.33333333333333,-7024.941
83.83838383838386,-33.33333333333333,-7379.0938
85.85858585858588,-33.33333333333333,-8210.137
87.8787878787879,-33.33333333333333,-7793.007
89.89898989898992,-33.33333333333333,-8973.249
91.91919191919195,-33.33333333333333,-7977.921
93.93939393939394,-33.33333333333333,-8971.719
95.95959595959596,-33.33333333333333,-9627.8
97.97979797979798,-33.33333333333333,-9321.674
100.0,-33.33333333333333,-10135.306
-100.0,-31.313131313131308,-12628.434
-97.97979797979798,-31.313131313131308,-10669.438
-95.95959595959596,-31.313131313131308,-9855.465
-93.93939393939394,-31.313131313131308,-9941.906
-91.91919191919192,-31.313131313131308,-9930.951
-89.8989898989899,-31.313131313131308,-9389.897
-87.87878787878788,-31.313131313131308,-8224.245
-85.85858585858585,-31.313131313131308,-8190.489
-83.83838383838383,-31.313131313131308,-8190.489
-81.81818181818181,-31.313131313131308,-7232.468
-79.79797979797979,-31.313131313131308,-7084.995
-77.77777777777777,-31.313131313131308,-6789.0747
-75.75757575757575,-31.313131313131308,-6305.027
-73.73737373737373,-31.313131313131308,-6221.326
-71.71717171717171,-31.313131313131308,-6307.4297
-69.69696969696969,-31.313131313131308,-6965.6294
-67.67676767676767,-31.313131313131308,-5291.708
-65.65656565656565,-31.313131313131308,-5313.6377
-63.63636363636363,-31.313131313131308,-5468.0654
-61.61616161616161,-31.313131313131308,-4992.245
-59.59595959595959,-31.313131313131308,-4625.688
-57.57575757575757,-31.313131313131308,-4456.5347
-55.55555555555555,-31.313131313131308,-5336.1284
-53.53535353535353,-31.313131313131308,-5336.9214
-51.515151515151516,-31.313131313131308,-4395.5005
-49.494949494949495,-31.313131313131308,-3157.8157
-47.474747474747474,-31.313131313131308,-4341.2603
-45.45454545454545,-31.313131313131308,-2395.8872
-43.43434343434343,-31.313131313131308,-2092.1113
-41.41414141414141,-31.313131313131308,-3302.8022
-39.39393939393939,-31.313131313131308,-2868.124
-37.37373737373737,-31.313131313131308,-2671.2341
-35.35353535353535,-31.313131313131308,-2316.8262
-33.33333333333333,-31.313131313131308,-1448.6892
-31.313131313131308,-31.313131313131308,-2459.494
-29.292929292929287,-31.313131313131308,-786.6231
-27.272727272727266,-31.313131313131308,-2289.73
-25.252525252525245,-31.313131313131308,-1535.6404
-23.232323232323225,-31.313131313131308,-1489.8567
-21.212121212121204,-31.313131313131308,-1424.0662
-19.191919191919183,-31.313131313131308,-1236.2079
-17.171717171717162,-31.313131313131308,-1706.3712
-15.151515151515142,-31.313131313131308,-1659.4297
-13.13131313131312,-31.313131313131308,-1513.258
-11.1111111111111,-31.313131313131308,-1342.9629
-9.09090909090908,-31.313131313131308,-1713.5483
-7.0707070707070585,-31.313131313131308,-1804.2349
-5.050505050505038,-31.313131313131308,-2017.7542
-3.030303030303031,-31.313131313131308,-1842.5896
-1.0101010101010104,-31.313131313131308,-2163.5679
1.0101010101010104,-31.313131313131308,-232.24239
3.030303030303031,-31.313131313131308,-706.6179
5.050505050505052,-31.313131313131308,-1251.3167
7.070707070707073,-31.313131313131308,-1618.4103
9.090909090909093,-31.313131313131308,-971.7824
11.111111111111114,-31.313131313131308,-1641.187
13.131313131313135,-31.313131313131308,-1383.7256
15.151515151515156,-31.313131313131308,-1192.6597
17.171717171717177,-31.313131313131308,-1507.5494
19.191919191919197,-31.313131313131308,-1502.9971
21.212121212121218,-31.313131313131308,-1492.4656
23.23232323232324,-31.313131313131308,-1441.5643
25.25252525252526,-31.313131313131308,-2011.6478
27.27272727272728,-31.313131313131308,-2068.5671
29.2929292929293,-31.313131313131308,-2305.2107
31.313131313131322,-31.313131313131308,-1953.0494
33.33333333333334,-31.313131313131308,-2152.9744
35.353535353535364,-31.313131313131308,-3060.5945
37.373737373737384,-31.313131313131308,-2782.69
39.393939393939405,-31.313131313131308,-2378.539
41.414141414141426,-31.313131313131308,-2638.5603
43.43434343434345,-31.313131313131308,-3193.985
45.45454545454547,-31.313131313131308,-2956.404
47.47474747474749,-31.313131313131308,-3656.0564
49.49494949494951,-31.313131313131308,-3653.4202
51.51515151515153,-31.313131313131308,-3835.9102
53.53535353535355,-31.313131313131308,-4181.2476
55.55555555555557,-31.313131313131308,-4484.7417
57.57575757575759,-31.313131313131308,-4625.824
59.59595959595961,-31.313131313131308,-4665.622
61.616161616161634,-31.313131313131308,-2873.4397
63.636363636363654,-31.313131313131308,-5381.9365
65.65656565656568,-31.313131313131308,-5395.883
67.6767676767677,-31.313131313131308,-5732.6685
69.69696969696972,-31.313131313131308,-6637.039
71.71717171717174,-31.313131313131308,-5992.3745
73.73737373737376,-31.313131313131308,-6248.679
75.75757575757578,-31.313131313131308,-6819.659
77.7777777777778,-31.313131313131308,-7233.903
79.79797979797982,-31.313131313131308,-6998.331
81.81818181818184,-31.313131313131308,-7099.914
83.83838383838386,-31.313131313131308,-7584.149
85.85858585858588,-31.313131313131308,-8415.191
87.8787878787879,-31.313131313131308,-7723.9873
89.89898989898992,-31.313131313131308,-8853.137
91.91919191919195,-31.313131313131308,-8061.5186
93.93939393939394,-31.313131313131308,-8948.712
95.95959595959596,-31.313131313131308,-9604.793
97.97979797979798,-31.313131313131308,-9298.667
100.0,-31.313131313131308,-9710.868
-100.0,-29.292929292929287,-13411.843
-97.97979797979798,-29.292929292929287,-8506.122
-95.95959595959596,-29.292929292929287,-9123.328
-93.93939393939394,-29.292929292929287,-9209.77
-91.91919191919192,-29.292929292929287,-9162.125
-89.8989898989899,-29.292929292929287,-8621.071
-87.87878787878788,-29.292929292929287,-7455.429
-85.85858585858585,-29.292929292929287,-7421.673
-83.83838383838383,-29.292929292929287,-7332.108
-81.81818181818181,-29.292929292929287,-6179.3696
-79.79797979797979,-29.292929292929287,-6031.897
-77.77777777777777,-29.292929292929287,-5735.9766
-75.75757575757575,-29.292929292929287,-5253.644
-73.73737373737373,-29.292929292929287,-5169.1353
-71.71717171717171,-29.292929292929287,-5321.681
-69.69696969696969,-29.292929292929287,-5979.881
-67.67676767676767,-29.292929292929287,-4352.539
-65.65656565656565,-29.292929292929287,-4519.399
-63.63636363636363,-29.292929292929287,-5175.6396
-61.61616161616161,-29.292929292929287,-4783.7417
-59.59595959595959,-29.292929292929287,-4417.1846
-57.57575757575757,-29.292929292929287,-4502.172
-55.55555555555555,-29.292929292929287,-4661.207
-53.53535353535353,-29.292929292929287,-4384.293
-51.515151515151516,-29.292929292929287,-3344.559
-49.494949494949495,-29.292929292929287,-2269.4749
-47.474747474747474,-29.292929292929287,-2692.5898
-45.45454545454545,-29.292929292929287,-2711.3752
-43.43434343434343,-29.292929292929287,-2407.5986
-41.41414141414141,-29.292929292929287,-3010.8528
-39.39393939393939,-29.292929292929287,-2576.1746
-37.37373737373737,-29.292929292929287,-2379.2847
-35.35353535353535,-29.292929292929287,-2024.8768
-33.33333333333333,-29.292929292929287,-789.6241
-31.313131313131308,-29.292929292929287,-1977.0531
-29.292929292929287,-29.292929292929287,-739.1888
-27.272727272727266,-29.292929292929287,-1807.2898
-25.252525252525245,-29.292929292929287,-1114.5618
-23.232323232323225,-29.292929292929287,-1068.7782
-21.212121212121204,-29.292929292929287,-903.8232
-19.191919191919183,-29.292929292929287,-466.65735
-17.171717171717162,-29.292929292929287,-936.82074
-15.151515151515142,-29.292929292929287,630.4808
-13.13131313131312,-29.292929292929287,-743.70764
-11.1111111111111,-29.292929292929287,-573.41205
-9.09090909090908,-29.292929292929287,-943.9979
-7.0707070707070585,-29.292929292929287,-1034.6841
-5.050505050505038,-29.292929292929287,-1248.203
-3.030303030303031,-29.292929292929287,-1073.0391
-1.0101010101010104,-29.292929292929287,-1246.4738
1.0101010101010104,-29.292929292929287,145.1382
3.030303030303031,-29.292929292929287,-329.23752
5.050505050505052,-29.292929292929287,-1009.83606
7.070707070707073,-29.292929292929287,-945.5217
9.090909090909093,-29.292929292929287,-202.23192
11.111111111111114,-29.292929292929287,-871.63586
13.131313131313135,-29.292929292929287,-614.1745
15.151515151515156,-29.292929292929287,-423.10892
17.171717171717177,-29.292929292929287,-737.9986
19.191919191919197,-29.292929292929287,-733.44653
21.212121212121218,-29.292929292929287,-633.96405
23.23232323232324,-29.292929292929287,-583.06287
25.25252525252526,-29.292929292929287,-1232.48
27.27272727272728,-29.292929292929287,-1289.3987
29.2929292929293,-29.292929292929287,-1526.0422
31.313131313131322,-29.292929292929287,-1173.8811
33.33333333333334,-29.292929292929287,-1373.8057
35.353535353535364,-29.292929292929287,-2331.2957
37.373737373737384,-29.292929292929287,-2053.3892
39.393939393939405,-29.292929292929287,-1649.2394
41.414141414141426,-29.292929292929287,-1909.2616
43.43434343434345,-29.292929292929287,-2464.686
45.45454545454547,-29.292929292929287,-2227.105
47.47474747474749,-29.292929292929287,-2926.7578
49.49494949494951,-29.292929292929287,-2924.121
51.51515151515153,-29.292929292929287,-3027.8958
53.53535353535355,-29.292929292929287,-3457.7417
55.55555555555557,-29.292929292929287,-3761.236
57.57575757575759,-29.292929292929287,-3827.238
59.59595959595961,-29.292929292929287,-3867.0354
61.616161616161634,-29.292929292929287,-2303.2512
63.636363636363654,-29.292929292929287,-4651.659
65.65656565656568,-29.292929292929287,-4665.6055
67.6767676767677,-29.292929292929287,-5002.391
69.69696969696972,-29.292929292929287,-6010.2354
71.71717171717174,-29.292929292929287,-5365.571
73.73737373737376,-29.292929292929287,-5382.016
75.75757575757578,-29.292929292929287,-6057.493
77.7777777777778,-29.292929292929287,-6711.596
79.79797979797982,-29.292929292929287,-6482.2856
81.81818181818184,-29.292929292929287,-6583.8687
83.83838383838386,-29.292929292929287,-7133.014
85.85858585858588,-29.292929292929287,-7975.251
87.8787878787879,-29.292929292929287,-7284.046
89.89898989898992,-29.292929292929287,-8354.682
91.91919191919195,-29.292929292929287,-7563.058
93.93939393939394,-29.292929292929287,-7865.716
95.95959595959596,-29.292929292929287,-8647.644
97.97979797979798,-29.292929292929287,-8807.8955
100.0,-29.292929292929287,-9220.097
-100.0,-27.272727272727266,-11958.702
-97.97979797979798,-27.272727272727266,-11576.953
-95.95959595959596,-27.272727272727266,-9796.458
-93.93939393939394,-27.272727272727266,-9645.029
-91.91919191919192,-27.272727272727266,-9646.491
-89.8989898989899,-27.272727272727266,-9712.563
-87.87878787878788,-27.272727272727266,-8546.91
-85.85858585858585,-27.272727272727266,-8513.158
-83.83838383838383,-27.272727272727266,-8423.599
-81.81818181818181,-27.272727272727266,-6806.0137
-79.79797979797979,-27.272727272727266,-6898.9546
-77.77777777777777,-27.272727272727266,-6603.034
-75.75757575757575,-27.272727272727266,-6120.7017
-73.73737373737373,-27.272727272727266,-6248.679
-71.71717171717171,-27.272727272727266,-6152.143
-69.69696969696969,-27.272727272727266,-6810.343
-67.67676767676767,-27.272727272727266,-5183.001
-65.65656565656565,-27.272727272727266,-5204.9307
-63.63636363636363,-27.272727272727266,-6402.3286
-61.61616161616161,-27.272727272727266,-5982.027
-59.59595959595959,-27.272727272727266,-5615.4697
-57.57575757575757,-27.272727272727266,-5307.0786
-55.55555555555555,-27.272727272727266,-4837.36
-53.53535353535353,-27.272727272727266,-4560.446
-51.515151515151516,-27.272727272727266,-3651.806
-49.494949494949495,-27.272727272727266,-2883.8765
-47.474747474747474,-27.272727272727266,-2970.992
-45.45454545454545,-27.272727272727266,-2989.7773
-43.43434343434343,-27.272727272727266,-2686.001
-41.41414141414141,-27.272727272727266,-3289.2551
-39.39393939393939,-27.272727272727266,-2900.4324
-37.37373737373737,-27.272727272727266,-2703.5425
-35.35353535353535,-27.272727272727266,-2349.1348
-33.33333333333333,-27.272727272727266,-1113.8822
-31.313131313131308,-27.272727272727266,-2301.3103
-29.292929292929287,-27.272727272727266,-1063.4473
-27.272727272727266,-27.272727272727266,-2131.5469
-25.252525252525245,-27.272727272727266,-1438.8201
-23.232323232323225,-27.272727272727266,-1393.0365
-21.212121212121204,-27.272727272727266,-1228.0807
-19.191919191919183,-27.272727272727266,-780.92255
-17.171717171717162,-27.272727272727266,-1375.1678
-15.151515151515142,-27.272727272727266,-1829.2852
-13.13131313131312,-27.272727272727266,-1057.9723
-11.1111111111111,-27.272727272727266,-887.6773
-9.09090909090908,-27.272727272727266,-1258.2623
-7.0707070707070585,-27.272727272727266,-1603.522
-5.050505050505038,-27.272727272727266,-1817.0413
-3.030303030303031,-27.272727272727266,-2013.0658
-1.0101010101010104,-27.272727272727266,-1112.0184
1.0101010101010104,-27.272727272727266,-221.61707
3.030303030303031,-27.272727272727266,-695.9926
5.050505050505052,-27.272727272727266,-995.8838
7.070707070707073,-27.272727272727266,-1227.5397
9.090909090909093,-27.272727272727266,-484.24997
11.111111111111114,-27.272727272727266,-1153.6543
13.131313131313135,-27.272727272727266,-896.19305
15.151515151515156,-27.272727272727266,-705.1272
17.171717171717177,-27.272727272727266,-1020.0164
19.191919191919197,-27.272727272727266,-1015.464
21.212121212121218,-27.272727272727266,-915.9823
23.23232323232324,-27.272727272727266,-865.0811
25.25252525252526,-27.272727272727266,-1514.4987
27.27272727272728,-27.272727272727266,-1571.4174
29.2929292929293,-27.272727272727266,-1808.0609
31.313131313131322,-27.272727272727266,-424.7564
33.33333333333334,-27.272727272727266,-1655.8242
35.353535353535364,-27.272727272727266,-2621.5957
37.373737373737384,-27.272727272727266,-2343.6912
39.393939393939405,-27.272727272727266,-2285.4275
41.414141414141426,-27.272727272727266,-2199.5613
43.43434343434345,-27.272727272727266,-2812.624
45.45454545454547,-27.272727272727266,-2575.043
47.47474747474749,-27.272727272727266,-3274.6958
49.49494949494951,-27.272727272727266,-3272.059
51.51515151515153,-27.272727272727266,-3375.8337
53.53535353535355,-27.272727272727266,-3805.6794
55.55555555555557,-27.272727272727266,-4109.1772
57.57575757575759,-27.272727272727266,-4175.179
59.59595959595961,-27.272727272727266,-4214.9775
61.616161616161634,-27.272727272727266,-2651.1892
63.636363636363654,-27.272727272727266,-4999.598
65.65656565656568,-27.272727272727266,-5013.5444
67.6767676767677,-27.272727272727266,-5350.33
69.69696969696972,-27.272727272727266,-6358.1743
71.71717171717174,-27.272727272727266,-5713.51
73.73737373737376,-27.272727272727266,-5729.955
75.75757575757578,-27.272727272727266,-5815.456
77.7777777777778,-27.272727272727266,-6469.559
79.79797979797982,-27.272727272727266,-6510.3984
81.81818181818184,-27.272727272727266,-6984.715
83.83838383838386,-27.272727272727266,-7330.813
85.85858585858588,-27.272727272727266,-8579.056
87.8787878787879,-27.272727272727266,-7253.413
89.89898989898992,-27.272727272727266,-8324.051
91.91919191919195,-27.272727272727266,-7532.426
93.93939393939394,-27.272727272727266,-7945.395
95.95959595959596,-27.272727272727266,-8727.322
97.97979797979798,-27.272727272727266,-8887.574
100.0,-27.272727272727266,-9299.775
-100.0,-25.252525252525245,-10732.731
-97.97979797979798,-25.252525252525245,-9586.4
-95.95959595959596,-25.252525252525245,-8518.304
-93.93939393939394,-25.252525252525245,-9076.294
-91.91919191919192,-25.252525252525245,-9077.756
-89.8989898989899,-25.252525252525245,-8839.347
-87.87878787878788,-25.252525252525245,-7750.6094
-85.85858585858585,-25.252525252525245,-7716.853
-83.83838383838383,-25.252525252525245,-7627.288
-81.81818181818181,-25.252525252525245,-6865.092
-79.79797979797979,-25.252525252525245,-6327.077
-77.77777777777777,-25.252525252525245,-5942.6387
-75.75757575757575,-25.252525252525245,-5460.306
-73.73737373737373,-25.252525252525245,-5555.8354
-71.71717171717171,-25.252525252525245,-5508.373
-69.69696969696969,-25.252525252525245,-6166.5728
-67.67676767676767,-25.252525252525245,-4362.9688
-65.65656565656565,-25.252525252525245,-4384.8984
-63.63636363636363,-25.252525252525245,-5342.933
-61.61616161616161,-25.252525252525245,-4881.9507
-59.59595959595959,-25.252525252525245,-4473.9897
-57.57575757575757,-25.252525252525245,-3831.7622
-55.55555555555555,-25.252525252525245,-3786.3916
-53.53535353535353,-25.252525252525245,-3723.9026
-51.515151515151516,-25.252525252525245,-3240.9502
-49.494949494949495,-25.252525252525245,-2838.1812
-47.474747474747474,-25.252525252525245,-2838.2424
-45.45454545454545,-25.252525252525245,-2857.0278
-43.43434343434343,-25.252525252525245,-2553.2517
-41.41414141414141,-25.252525252525245,-3156.5056
-39.39393939393939,-25.252525252525245,-2767.6829
-37.37373737373737,-25.252525252525245,-2570.793
-35.35353535353535,-25.252525252525245,-2216.3853
-33.33333333333333,-25.252525252525245,-891.02045
-31.313131313131308,-25.252525252525245,-2078.4482
-29.292929292929287,-25.252525252525245,-840.58527
-27.272727272727266,-25.252525252525245,-1908.6862
-25.252525252525245,-25.252525252525245,-1093.7167
-23.232323232323225,-25.252525252525245,-999.1938
-21.212121212121204,-25.252525252525245,-943.6791
-19.191919191919183,-25.252525252525245,-85.01724
-17.171717171717162,-25.252525252525245,-679.2634
-15.151515151515142,-25.252525252525245,-1133.3807
-13.13131313131312,-25.252525252525245,-362.0679
-11.1111111111111,-25.252525252525245,-191.77211
-9.09090909090908,-25.252525252525245,-562.358
-7.0707070707070585,-25.252525252525245,-653.0445
-5.050505050505038,-25.252525252525245,-866.56354
-3.030303030303031,-25.252525252525245,-1062.5874
-1.0101010101010104,-25.252525252525245,-1064.0879
1.0101010101010104,-25.252525252525245,-530.5896
3.030303030303031,-25.252525252525245,-248.09937
5.050505050505052,-25.252525252525245,-547.99054
7.070707070707073,-25.252525252525245,-779.64703
9.090909090909093,-25.252525252525245,-36.35714
11.111111111111114,-25.252525252525245,-705.76117
13.131313131313135,-25.252525252525245,-448.2999
15.151515151515156,-25.252525252525245,-257.23404
17.171717171717177,-25.252525252525245,-572.1239
19.191919191919197,-25.252525252525245,-567.57184
21.212121212121218,-25.252525252525245,-582.6072
23.23232323232324,-25.252525252525245,-531.706
25.25252525252526,-25.252525252525245,-1325.9888
27.27272727272728,-25.252525252525245,-1382.9075
29.2929292929293,-25.252525252525245,-1619.551
31.313131313131322,-25.252525252525245,-326.17004
33.33333333333334,-25.252525252525245,-1557.2379
35.353535353535364,-25.252525252525245,-2569.279
37.373737373737384,-25.252525252525245,-2291.374
39.393939393939405,-25.252525252525245,-2233.108
41.414141414141426,-25.252525252525245,-2147.2444
43.43434343434345,-25.252525252525245,-2806.8113
45.45454545454547,-25.252525252525245,-2569.2302
47.47474747474749,-25.252525252525245,-3268.883
49.49494949494951,-25.252525252525245,-3266.2463
51.51515151515153,-25.252525252525245,-3449.815
53.53535353535355,-25.252525252525245,-3895.603
55.55555555555557,-25.252525252525245,-4199.101
57.57575757575759,-25.252525252525245,-4265.103
59.59595959595961,-25.252525252525245,-4304.901
61.616161616161634,-25.252525252525245,-2741.1125
63.636363636363654,-25.252525252525245,-5089.5215
65.65656565656568,-25.252525252525245,-5103.468
67.6767676767677,-25.252525252525245,-5440.2534
69.69696969696972,-25.252525252525245,-6947.271
71.71717171717174,-25.252525252525245,-6482.6313
73.73737373737376,-25.252525252525245,-7212.159
75.75757575757578,-25.252525252525245,-6760.9355
77.7777777777778,-25.252525252525245,-6701.956
79.79797979797982,-25.252525252525245,-6742.795
81.81818181818184,-25.252525252525245,-7217.1113
83.83838383838386,-25.252525252525245,-7563.2095
85.85858585858588,-25.252525252525245,-8868.073
87.8787878787879,-25.252525252525245,-7627.037
89.89898989898992,-25.252525252525245,-8422.902
91.91919191919195,-25.252525252525245,-7338.1733
93.93939393939394,-25.252525252525245,-9384.7705
95.95959595959596,-25.252525252525245,-9704.115
97.97979797979798,-25.252525252525245,-9261.197
100.0,-25.252525252525245,-9280.539
-100.0,-23.232323232323225,-11645.657
-97.97979797979798,-23.232323232323225,-11061.358
-95.95959595959596,-23.232323232323225,-9993.262
-93.93939393939394,-23.232323232323225,-9318.058
-91.91919191919192,-23.232323232323225,-9319.52
-89.8989898989899,-23.232323232323225,-8677.863
-87.87878787878788,-23.232323232323225,-7589.126
-85.85858585858585,-23.232323232323225,-7555.3696
-83.83838383838383,-23.232323232323225,-7465.8047
-81.81818181818181,-23.232323232323225,-5882.891
-79.79797979797979,-23.232323232323225,-6165.5938
-77.77777777777777,-23.232323232323225,-5781.1553
-75.75757575757575,-23.232323232323225,-5298.8228
-73.73737373737373,-23.232323232323225,-5394.352
-71.71717171717171,-23.232323232323225,-5240.1074
-69.69696969696969,-23.232323232323225,-5898.307
-67.67676767676767,-23.232323232323225,-3932.082
-65.65656565656565,-23.232323232323225,-3954.013
-63.63636363636363,-23.232323232323225,-5193.6675
-61.61616161616161,-23.232323232323225,-4806.2935
-59.59595959595959,-23.232323232323225,-4370.2544
-57.57575757575757,-23.232323232323225,-3728.0269
-55.55555555555555,-23.232323232323225,-3725.7874
-53.53535353535353,-23.232323232323225,-3723.9026
-51.515151515151516,-23.232323232323225,-3240.9502
-49.494949494949495,-23.232323232323225,-2461.6062
-47.474747474747474,-23.232323232323225,-3127.5159
-45.45454545454545,-23.232323232323225,-2857.0278
-43.43434343434343,-23.232323232323225,-2553.2517
-41.41414141414141,-23.232323232323225,-3156.5056
-39.39393939393939,-23.232323232323225,-2767.6829
-37.37373737373737,-23.232323232323225,-2570.793
-35.35353535353535,-23.232323232323225,-2216.3853
-33.33333333333333,-23.232323232323225,-891.02045
-31.313131313131308,-23.232323232323225,-2078.4482
-29.292929292929287,-23.232323232323225,-840.58527
-27.272727272727266,-23.232323232323225,-1908.6862
-25.252525252525245,-23.232323232323225,-1093.7167
-23.232323232323225,-23.232323232323225,-999.1938
-21.212121212121204,-23.232323232323225,-943.6791
-19.191919191919183,-23.232323232323225,-85.01724
-17.171717171717162,-23.232323232323225,-679.2634
-15.151515151515142,-23.232323232323225,-1133.3807
-13.13131313131312,-23.232323232323225,-362.0679
-11.1111111111111,-23.232323232323225,-191.77211
-9.09090909090908,-23.232323232323225,-562.358
-7.0707070707070585,-23.232323232323225,-653.0445
-5.050505050505038,-23.232323232323225,-866.56354
-3.030303030303031,-23.232323232323225,-558.4962
-1.0101010101010104,-23.232323232323225,-1009.5211
1.0101010101010104,-23.232323232323225,-530.5896
3.030303030303031,-23.232323232323225,-248.09937
5.050505050505052,-23.232323232323225,-547.99054
7.070707070707073,-23.232323232323225,-779.64703
9.090909090909093,-23.232323232323225,-536.6837
11.111111111111114,-23.232323232323225,-705.76117
13.131313131313135,-23.232323232323225,-448.2999
15.151515151515156,-23.232323232323225,-257.23404
17.171717171717177,-23.232323232323225,-572.1239
19.191919191919197,-23.232323232323225,-567.57184
21.212121212121218,-23.232323232323225,-582.6072
23.23232323232324,-23.232323232323225,-531.706
25.25252525252526,-23.232323232323225,-1325.9888
27.27272727272728,-23.232323232323225,-1382.9075
29.2929292929293,-23.232323232323225,-1619.551
31.313131313131322,-23.232323232323225,-326.17004
33.33333333333334,-23.232323232323225,-1557.2379
35.353535353535364,-23.232323232323225,-2569.279
37.373737373737384,-23.232323232323225,-2291.374
39.393939393939405,-23.232323232323225,-1817.1249
41.414141414141426,-23.232323232323225,-2147.2444
43.43434343434345,-23.232323232323225,-3070.2473
45.45454545454547,-23.232323232323225,-2569.2302
47.47474747474749,-23.232323232323225,-3268.883
49.49494949494951,-23.232323232323225,-3266.2463
51.51515151515153,-23.232323232323225,-3449.815
53.53535353535355,-23.232323232323225,-4071.8748
55.55555555555557,-23.232323232323225,-4375.373
57.57575757575759,-23.232323232323225,-4441.375
59.59595959595961,-23.232323232323225,-4481.173
61.616161616161634,-23.232323232323225,-3403.3186
63.636363636363654,-23.232323232323225,-5341.9087
65.65656565656568,-23.232323232323225,-5103.468
67.6767676767677,-23.232323232323225,-5440.2534
69.69696969696972,-23.232323232323225,-6479.409
71.71717171717174,-23.232323232323225,-5880.3916
73.73737373737376,-23.232323232323225,-6215.9097
75.75757575757578,-23.232323232323225,-6468.155
77.7777777777778,-23.232323232323225,-6843.072
79.79797979797982,-23.232323232323225,-6545.1245
81.81818181818184,-23.232323232323225,-7017.107
83.83838383838386,-23.232323232323225,-7363.205
85.85858585858588,-23.232323232323225,-8716.791
87.8787878787879,-23.232323232323225,-7475.7544
89.89898989898992,-23.232323232323225,-8123.223
91.91919191919195,-23.232323232323225,-7038.4883
93.93939393939394,-23.232323232323225,-7537.846
95.95959595959596,-23.232323232323225,-9460.105
97.97979797979798,-23.232323232323225,-9229.092
100.0,-23.232323232323225,-9664.194
-100.0,-21.212121212121204,-11376.293
-97.97979797979798,-21.212121212121204,-10721.815
-95.95959595959596,-21.212121212121204,-9653.719
-93.93939393939394,-21.212121212121204,-9208.52
-91.91919191919192,-21.212121212121204,-9209.981
-89.8989898989899,-21.212121212121204,-8568.325
-87.87878787878788,-21.212121212121204,-7479.5884
-85.85858585858585,-21.212121212121204,-7403.662
-83.83838383838383,-21.212121212121204,-7314.097
-81.81818181818181,-21.212121212121204,-5731.1836
-79.79797979797979,-21.212121212121204,-6013.886
-77.77777777777777,-21.212121212121204,-5531.8394
-75.75757575757575,-21.212121212121204,-5090.996
-73.73737373737373,-21.212121212121204,-5186.5254
-71.71717171717171,-21.212121212121204,-5032.281
-69.69696969696969,-21.212121212121204,-5690.4805
-67.67676767676767,-21.212121212121204,-4043.371
-65.65656565656565,-21.212121212121204,-3707.0305
-63.63636363636363,-21.212121212121204,-4316.094
-61.61616161616161,-21.212121212121204,-3491.8835
-59.59595959595959,-21.212121212121204,-3121.8142
-57.57575757575757,-21.212121212121204,-3444.6152
-55.55555555555555,-21.212121212121204,-3366.626
-53.53535353535353,-21.212121212121204,-2098.6616
-51.515151515151516,-21.212121212121204,-3223.4944
-49.494949494949495,-21.212121212121204,-2752.875
-47.474747474747474,-21.212121212121204,-3036.8281
-45.45454545454545,-21.212121212121204,-2904.699
-43.43434343434343,-21.212121212121204,-2442.9563
-41.41414141414141,-21.212121212121204,-3046.2102
-39.39393939393939,-21.212121212121204,-2657.3875
-37.37373737373737,-21.212121212121204,-2460.4976
-35.35353535353535,-21.212121212121204,-2106.089
-33.33333333333333,-21.212121212121204,-1249.0072
-31.313131313131308,-21.212121212121204,-2066.442
-29.292929292929287,-21.212121212121204,-828.5789
-27.272727272727266,-21.212121212121204,-1896.6794
-25.252525252525245,-21.212121212121204,-1081.7102
-23.232323232323225,-21.212121212121204,-987.1872
-21.212121212121204,-21.212121212121204,-761.1275
-19.191919191919183,-21.212121212121204,-269.17484
-17.171717171717162,-21.212121212121204,-863.421
-15.151515151515142,-21.212121212121204,-1317.5383
-13.13131313131312,-21.212121212121204,-546.22534
-11.1111111111111,-21.212121212121204,-375.92975
-9.09090909090908,-21.212121212121204,-746.51556
-7.0707070707070585,-21.212121212121204,-837.2021
-5.050505050505038,-21.212121212121204,-1050.7212
-3.030303030303031,-21.212121212121204,-585.51215
-1.0101010101010104,-21.212121212121204,-635.75995
1.0101010101010104,-21.212121212121204,-540.55945
3.030303030303031,-21.212121212121204,-258.0692
5.050505050505052,-21.212121212121204,-557.9604
7.070707070707073,-21.212121212121204,-789.6167
9.090909090909093,-21.212121212121204,-546.65344
11.111111111111114,-21.212121212121204,-715.7309
13.131313131313135,-21.212121212121204,-458.26987
15.151515151515156,-21.212121212121204,-540.1753
17.171717171717177,-21.212121212121204,-582.09357
19.191919191919197,-21.212121212121204,-446.72266
21.212121212121218,-21.212121212121204,-461.75803
23.23232323232324,-21.212121212121204,-410.8569
25.25252525252526,-21.212121212121204,-1384.242
27.27272727272728,-21.212121212121204,-1147.6493
29.2929292929293,-21.212121212121204,-1384.2928
31.313131313131322,-21.212121212121204,-306.50513
33.33333333333334,-21.212121212121204,-1232.552
35.353535353535364,-21.212121212121204,-2190.0403
37.373737373737384,-21.212121212121204,-1912.1361
39.393939393939405,-21.212121212121204,-1437.8877
41.414141414141426,-21.212121212121204,-1768.0066
43.43434343434345,-21.212121212121204,-2691.01
45.45454545454547,-21.212121212121204,-2189.993
47.47474747474749,-21.212121212121204,-2978.4067
49.49494949494951,-21.212121212121204,-3191.3052
51.51515151515153,-21.212121212121204,-3325.1226
53.53535353535355,-21.212121212121204,-3947.1824
55.55555555555557,-21.212121212121204,-4250.6797
57.57575757575759,-21.212121212121204,-4316.682
59.59595959595961,-21.212121212121204,-4356.4795
61.616161616161634,-21.212121212121204,-4759.415
63.636363636363654,-21.212121212121204,-5217.2163
65.65656565656568,-21.212121212121204,-4954.768
67.6767676767677,-21.212121212121204,-5291.5537
69.69696969696972,-21.212121212121204,-6456.6787
71.71717171717174,-21.212121212121204,-6186.472
73.73737373737376,-21.212121212121204,-5658.3286
75.75757575757578,-21.212121212121204,-5819.4136
77.7777777777778,-21.212121212121204,-6140.1294
79.79797979797982,-21.212121212121204,-6451.8335
81.81818181818184,-21.212121212121204,-6464.808
83.83838383838386,-21.212121212121204,-6810.9062
85.85858585858588,-21.212121212121204,-8164.4927
87.8787878787879,-21.212121212121204,-7067.2603
89.89898989898992,-21.212121212121204,-7714.719
91.91919191919195,-21.212121212121204,-6186.6533
93.93939393939394,-21.212121212121204,-7058.1533
95.95959595959596,-21.212121212121204,-9168.174
97.97979797979798,-21.212121212121204,-9351.474
100.0,-21.212121212121204,-9306.442
-100.0,-19.191919191919183,-10553.625
-97.97979797979798,-19.191919191919183,-9602.129
-95.95959595959596,-19.191919191919183,-8534.032
-93.93939393939394,-19.191919191919183,-8684.626
-91.91919191919192,-19.191919191919183,-8647.395
-89.8989898989899,-19.191919191919183,-8005.755
-87.87878787878788,-19.191919191919183,-6917.001
-85.85858585858585,-19.191919191919183,-6841.0747
-83.83838383838383,-19.191919191919183,-6751.51
-81.81818181818181,-19.191919191919183,-5168.596
-79.79797979797979,-19.191919191919183,-5451.299
-77.77777777777777,-19.191919191919183,-4969.252
-75.75757575757575,-19.191919191919183,-4528.4087
-73.73737373737373,-19.191919191919183,-4448.439
-71.71717171717171,-19.191919191919183,-4677.0503
-69.69696969696969,-19.191919191919183,-5335.25
-67.67676767676767,-19.191919191919183,-3688.1372
-65.65656565656565,-19.191919191919183,-3094.8389
-63.63636363636363,-19.191919191919183,-4050.275
-61.61616161616161,-19.191919191919183,-3419.0598
-59.59595959595959,-19.191919191919183,-2987.4138
-57.57575757575757,-19.191919191919183,-2850.0762
-55.55555555555555,-19.191919191919183,-2772.087
-53.53535353535353,-19.191919191919183,-1504.1222
-51.515151515151516,-19.191919191919183,-2306.6492
-49.494949494949495,-19.191919191919183,-2459.5771
-47.474747474747474,-19.191919191919183,-3059.1904
-45.45454545454545,-19.191919191919183,-2611.4011
-43.43434343434343,-19.191919191919183,-2149.6584
-41.41414141414141,-19.191919191919183,-2752.9124
-39.39393939393939,-19.191919191919183,-2318.2341
-37.37373737373737,-19.191919191919183,-2121.3435
-35.35353535353535,-19.191919191919183,-1766.9364
-33.33333333333333,-19.191919191919183,-909.85455
-31.313131313131308,-19.191919191919183,-1727.2897
-29.292929292929287,-19.191919191919183,-489.42624
-27.272727272727266,-19.191919191919183,-1557.5264
-25.252525252525245,-19.191919191919183,-742.5577
-23.232323232323225,-19.191919191919183,-648.034
-21.212121212121204,-19.191919191919183,-421.97388
-19.191919191919183,-19.191919191919183,69.9784
-17.171717171717162,-19.191919191919183,-524.2677
-15.151515151515142,-19.191919191919183,-978.3852
-13.13131313131312,-19.191919191919183,-207.0717
-11.1111111111111,-19.191919191919183,-36.776276
-9.09090909090908,-19.191919191919183,-407.36234
-7.0707070707070585,-19.191919191919183,-498.04877
-5.050505050505038,-19.191919191919183,-711.568
-3.030303030303031,-19.191919191919183,-246.35892
-1.0101010101010104,-19.191919191919183,-296.6067
1.0101010101010104,-19.191919191919183,-223.66495
3.030303030303031,-19.191919191919183,58.825596
5.050505050505052,-19.191919191919183,-241.06563
7.070707070707073,-19.191919191919183,-358.71884
9.090909090909093,-19.191919191919183,-229.7587
11.111111111111114,-19.191919191919183,-398.8364
13.131313131313135,-19.191919191919183,-141.37492
15.151515151515156,-19.191919191919183,-223.28058
17.171717171717177,-19.191919191919183,-265.19907
19.191919191919197,-19.191919191919183,-260.64694
21.212121212121218,-19.191919191919183,-275.6824
23.23232323232324,-19.191919191919183,-224.78117
25.25252525252526,-19.191919191919183,-1122.1014
27.27272727272728,-19.191919191919183,-885.5092
29.2929292929293,-19.191919191919183,-998.04443
31.313131313131322,-19.191919191919183,139.6417
33.33333333333334,-19.191919191919183,-660.8793
35.353535353535364,-19.191919191919183,-1618.3678
37.373737373737384,-19.191919191919183,-1340.463
39.393939393939405,-19.191919191919183,-866.2146
41.414141414141426,-19.191919191919183,-1196.3334
43.43434343434345,-19.191919191919183,-2061.696
45.45454545454547,-19.191919191919183,-1560.681
47.47474747474749,-19.191919191919183,-2226.4575
49.49494949494951,-19.191919191919183,-2223.8208
51.51515151515153,-19.191919191919183,-2389.3765
53.53535353535355,-19.191919191919183,-2634.7659
55.55555555555557,-19.191919191919183,-2938.2603
57.57575757575759,-19.191919191919183,-3162.1292
59.59595959595961,-19.191919191919183,-3201.9263
61.616161616161634,-19.191919191919183,-3900.5889
63.636363636363654,-19.191919191919183,-4358.391
65.65656565656568,-19.191919191919183,-3983.3306
67.6767676767677,-19.191919191919183,-3919.2427
69.69696969696972,-19.191919191919183,-5071.1055
71.71717171717174,-19.191919191919183,-5279.8877
73.73737373737376,-19.191919191919183,-5529.9453
75.75757575757578,-19.191919191919183,-6148.842
77.7777777777778,-19.191919191919183,-6469.557
79.79797979797982,-19.191919191919183,-6240.2466
81.81818181818184,-19.191919191919183,-6252.069
83.83838383838386,-19.191919191919183,-6406.5894
85.85858585858588,-19.191919191919183,-7675.223
87.8787878787879,-19.191919191919183,-6927.397
89.89898989898992,-19.191919191919183,-7574.856
91.91919191919195,-19.191919191919183,-5724.577
93.93939393939394,-19.191919191919183,-6572.9297
95.95959595959596,-19.191919191919183,-8973.594
97.97979797979798,-19.191919191919183,-8742.58
100.0,-19.191919191919183,-8512.2705
-100.0,-17.171717171717162,-9809.979
-97.97979797979798,-17.171717171717162,-9621.011
-95.95959595959596,-17.171717171717162,-8139.1978
-93.93939393939394,-17.171717171717162,-8676.561
-91.91919191919192,-17.171717171717162,-8639.329
-89.8989898989899,-17.171717171717162,-7997.689
-87.87878787878788,-17.171717171717162,-6917.1367
-85.85858585858585,-17.171717171717162,-6841.2104
-83.83838383838383,-17.171717171717162,-6751.6455
-81.81818181818181,-17.171717171717162,-5168.732
-79.79797979797979,-17.171717171717162,-5451.4346
-77.77777777777777,-17.171717171717162,-4969.3877
-75.75757575757575,-17.171717171717162,-4528.5444
-73.73737373737373,-17.171717171717162,-4448.5747
-71.71717171717171,-17.171717171717162,-4677.186
-69.69696969696969,-17.171717171717162,-5335.3857
-67.67676767676767,-17.171717171717162,-3688.2727
-65.65656565656565,-17.171717171717162,-3094.9744
-63.63636363636363,-17.171717171717162,-4050.4104
-61.61616161616161,-17.171717171717162,-3419.1953
-59.59595959595959,-17.171717171717162,-2987.5493
-57.57575757575757,-17.171717171717162,-2850.2117
-55.55555555555555,-17.171717171717162,-2772.2224
-53.53535353535353,-17.171717171717162,-270.23303
-51.515151515151516,-17.171717171717162,-2306.7847
-49.494949494949495,-17.171717171717162,-2459.7126
-47.474747474747474,-17.171717171717162,-3059.326
-45.45454545454545,-17.171717171717162,-2611.5366
-43.43434343434343,-17.171717171717162,-2149.7937
-41.41414141414141,-17.171717171717162,-2753.0479
-39.39393939393939,-17.171717171717162,-2318.3696
-37.37373737373737,-17.171717171717162,-2121.479
-35.35353535353535,-17.171717171717162,-1767.072
-33.33333333333333,-17.171717171717162,-909.9901
-31.313131313131308,-17.171717171717162,-1500.115
-29.292929292929287,-17.171717171717162,-489.56177
-27.272727272727266,-17.171717171717162,-1557.662
-25.252525252525245,-17.171717171717162,-742.69324
-23.232323232323225,-17.171717171717162,-648.16956
-21.212121212121204,-17.171717171717162,-422.10947
-19.191919191919183,-17.171717171717162,69.84284
-17.171717171717162,-17.171717171717162,-524.40314
-15.151515151515142,-17.171717171717162,-978.52075
-13.13131313131312,-17.171717171717162,-207.20726
-11.1111111111111,-17.171717171717162,-36.911865
-9.09090909090908,-17.171717171717162,-407.49792
-7.0707070707070585,-17.171717171717162,-498.1844
-5.050505050505038,-17.171717171717162,-1840.3046
-3.030303030303031,-17.171717171717162,-246.4945
-1.0101010101010104,-17.171717171717162,-296.74225
1.0101010101010104,-17.171717171717162,-223.80054
3.030303030303031,-17.171717171717162,159.91309
5.050505050505052,-17.171717171717162,-95.26785
7.070707070707073,-17.171717171717162,-212.92113
9.090909090909093,-17.171717171717162,-83.96098
11.111111111111114,-17.171717171717162,-253.03871
13.131313131313135,-17.171717171717162,4.4228005
15.151515151515156,-17.171717171717162,-77.48289
17.171717171717177,-17.171717171717162,-285.6912
19.191919191919197,-17.171717171717162,-114.84915
21.212121212121218,-17.171717171717162,-129.88466
23.23232323232324,-17.171717171717162,-78.98336
25.25252525252526,-17.171717171717162,-976.3036
27.27272727272728,-17.171717171717162,-739.7115
29.2929292929293,-17.171717171717162,-1055.2068
31.313131313131322,-17.171717171717162,285.43936
33.33333333333334,-17.171717171717162,-515.08154
35.353535353535364,-17.171717171717162,-1472.5702
37.373737373737384,-17.171717171717162,-1194.6654
39.393939393939405,-17.171717171717162,-720.41724
41.414141414141426,-17.171717171717162,-1201.3737
43.43434343434345,-17.171717171717162,-1343.8009
45.45454545454547,-17.171717171717162,-1414.8834
47.47474747474749,-17.171717171717162,-2080.6594
49.49494949494951,-17.171717171717162,-1913.3187
51.51515151515153,-17.171717171717162,-2078.8735
53.53535353535355,-17.171717171717162,-2324.263
55.55555555555557,-17.171717171717162,-2792.4626
57.57575757575759,-17.171717171717162,-3016.3315
59.59595959595961,-17.171717171717162,-3056.1287
61.616161616161634,-17.171717171717162,-2706.513
63.636363636363654,-17.171717171717162,-4212.5933
65.65656565656568,-17.171717171717162,-3837.533
67.6767676767677,-17.171717171717162,-3773.4434
69.69696969696972,-17.171717171717162,-4989.7363
71.71717171717174,-17.171717171717162,-5198.5186
73.73737373737376,-17.171717171717162,-5448.576
75.75757575757578,-17.171717171717162,-6067.4727
77.7777777777778,-17.171717171717162,-6388.188
79.79797979797982,-17.171717171717162,-6158.8774
81.81818181818184,-17.171717171717162,-6170.6997
83.83838383838386,-17.171717171717162,-6734.396
85.85858585858588,-17.171717171717162,-7608.8022
87.8787878787879,-17.171717171717162,-6164.687
89.89898989898992,-17.171717171717162,-8173.1997
91.91919191919195,-17.171717171717162,-5842.435
93.93939393939394,-17.171717171717162,-5802.423
95.95959595959596,-17.171717171717162,-8799.043
97.97979797979798,-17.171717171717162,-8568.029
100.0,-17.171717171717162,-5008.3413
-100.0,-15.151515151515142,-7860.8735
-97.97979797979798,-15.151515151515142,-8086.8154
-95.95959595959596,-15.151515151515142,-8680.266
-93.93939393939394,-15.151515151515142,-9265.099
-91.91919191919192,-15.151515151515142,-9227.867
-89.8989898989899,-15.151515151515142,-8586.211
-87.87878787878788,-15.151515151515142,-7505.676
-85.85858585858585,-15.151515151515142,-7915.8384
-83.83838383838383,-15.151515151515142,-7826.2734
-81.81818181818181,-15.151515151515142,-4980.137
-79.79797979797979,-15.151515151515142,-5533.122
-77.77777777777777,-15.151515151515142,-5444.425
-75.75757575757575,-15.151515151515142,-5003.5815
-73.73737373737373,-15.151515151515142,-4923.612
-71.71717171717171,-15.151515151515142,-5152.223
-69.69696969696969,-15.151515151515142,-5810.423
-67.67676767676767,-15.151515151515142,-3844.198
-65.65656565656565,-15.151515151515142,-3609.1672
-63.63636363636363,-15.151515151515142,-4564.605
-61.61616161616161,-15.151515151515142,-3933.386
-59.59595959595959,-15.151515151515142,-3501.74
-57.57575757575757,-15.151515151515142,-3364.4023
-55.55555555555555,-15.151515151515142,-3286.413
-53.53535353535353,-15.151515151515142,-1332.2179
-51.515151515151516,-15.151515151515142,-2827.7827
-49.494949494949495,-15.151515151515142,-2223.7273
-47.474747474747474,-15.151515151515142,-2993.223
-45.45454545454545,-15.151515151515142,-2545.4336
-43.43434343434343,-15.151515151515142,-2241.6572
-41.41414141414141,-15.151515151515142,-2844.9114
-39.39393939393939,-15.151515151515142,-2410.2332
-37.37373737373737,-15.151515151515142,-2213.3433
-35.35353535353535,-15.151515151515142,-1858.9352
-33.33333333333333,-15.151515151515142,-1001.85266
-31.313131313131308,-15.151515151515142,-1591.9781
-29.292929292929287,-15.151515151515142,-581.42426
-27.272727272727266,-15.151515151515142,-1649.5251
-25.252525252525245,-15.151515151515142,-639.1348
-23.232323232323225,-15.151515151515142,-544.61145
-21.212121212121204,-15.151515151515142,-349.5549
-19.191919191919183,-15.151515151515142,142.3974
-17.171717171717162,-15.151515151515142,-683.2602
-15.151515151515142,-15.151515151515142,-1137.3776
-13.13131313131312,-15.151515151515142,-366.06442
-11.1111111111111,-15.151515151515142,-195.76874
-9.09090909090908,-15.151515151515142,-530.3647
-7.0707070707070585,-15.151515151515142,-621.0512
-5.050505050505038,-15.151515151515142,-1963.171
-3.030303030303031,-15.151515151515142,-369.36148
-1.0101010101010104,-15.151515151515142,-419.60928
1.0101010101010104,-15.151515151515142,-346.66748
3.030303030303031,-15.151515151515142,-64.17692
5.050505050505052,-15.151515151515142,-319.35782
7.070707070707073,-15.151515151515142,-437.01108
9.090909090909093,-15.151515151515142,-308.05096
11.111111111111114,-15.151515151515142,-477.12863
13.131313131313135,-15.151515151515142,-219.66714
15.151515151515156,-15.151515151515142,-301.57297
17.171717171717177,-15.151515151515142,-509.781
19.191919191919197,-15.151515151515142,-338.93918
21.212121212121218,-15.151515151515142,-353.97464
23.23232323232324,-15.151515151515142,-303.07343
25.25252525252526,-15.151515151515142,-1013.701
27.27272727272728,-15.151515151515142,-1070.6199
29.2929292929293,-15.151515151515142,-1510.2234
31.313131313131322,-15.151515151515142,40.141468
33.33333333333334,-15.151515151515142,-970.0985
35.353535353535364,-15.151515151515142,-1927.5876
37.373737373737384,-15.151515151515142,-1649.6829
39.393939393939405,-15.151515151515142,-1175.4344
41.414141414141426,-15.151515151515142,-1741.9244
43.43434343434345,-15.151515151515142,-1798.8191
45.45454545454547,-15.151515151515142,-1869.9026
47.47474747474749,-15.151515151515142,-2632.2588
49.49494949494951,-15.151515151515142,-2464.9167
51.51515151515153,-15.151515151515142,-2595.601
53.53535353535355,-15.151515151515142,-2809.9868
55.55555555555557,-15.151515151515142,-3278.1865
57.57575757575759,-15.151515151515142,-3502.0554
59.59595959595961,-15.151515151515142,-1607.9805
61.616161616161634,-15.151515151515142,-2008.7089
63.636363636363654,-15.151515151515142,-3514.7866
65.65656565656568,-15.151515151515142,-3139.7275
67.6767676767677,-15.151515151515142,-3075.6377
69.69696969696972,-15.151515151515142,-7450.5137
71.71717171717174,-15.151515151515142,-7471.3247
73.73737373737376,-15.151515151515142,-7757.667
75.75757575757578,-15.151515151515142,-6378.8154
77.7777777777778,-15.151515151515142,-6699.531
79.79797979797982,-15.151515151515142,-6470.22
81.81818181818184,-15.151515151515142,-6709.2954
83.83838383838386,-15.151515151515142,-7258.441
85.85858585858588,-15.151515151515142,-8418.717
87.8787878787879,-15.151515151515142,-6564.631
89.89898989898992,-15.151515151515142,-8990.079
91.91919191919195,-15.151515151515142,-7840.888
93.93939393939394,-15.151515151515142,-6606.1597
95.95959595959596,-15.151515151515142,-9614.671
97.97979797979798,-15.151515151515142,-9383.657
100.0,-15.151515151515142,-9853.327
-100.0,-13.13131313131312,-11124.634
-97.97979797979798,-13.13131313131312,-11664.784
-95.95959595959596,-13.13131313131312,-10094.408
-93.93939393939394,-13.13131313131312,-10265.857
-91.91919191919192,-13.13131313131312,-9541.698
-89.8989898989899,-13.13131313131312,-8643.514
-87.87878787878788,-13.13131313131312,-7562.9795
-85.85858585858585,-13.13131313131312,-7487.053
-83.83838383838383,-13.13131313131312,-7500.9136
-81.81818181818181,-13.13131313131312,-5647.718
-79.79797979797979,-13.13131313131312,-5764.85
-77.77777777777777,-13.13131313131312,-5282.803
-75.75757575757575,-13.13131313131312,-4841.96
-73.73737373737373,-13.13131313131312,-4761.99
-71.71717171717171,-13.13131313131312,-5328.5366
-69.69696969696969,-13.13131313131312,-5986.7363
-67.67676767676767,-13.13131313131312,-4020.5122
-65.65656565656565,-13.13131313131312,-3785.4817
-63.63636363636363,-13.13131313131312,-4541.078
-61.61616161616161,-13.13131313131312,-4430.4365
-59.59595959595959,-13.13131313131312,-2706.586
-57.57575757575757,-13.13131313131312,-3884.0728
-55.55555555555555,-13.13131313131312,-4453.3745
-53.53535353535353,-13.13131313131312,-4175.3076
-51.515151515151516,-13.13131313131312,-3864.7607
-49.494949494949495,-13.13131313131312,-3260.7053
-47.474747474747474,-13.13131313131312,-4030.201
-45.45454545454545,-13.13131313131312,-3582.4116
-43.43434343434343,-13.13131313131312,-3278.6353
-41.41414141414141,-13.13131313131312,-4658.2314
-39.39393939393939,-13.13131313131312,-4223.5537
-37.37373737373737,-13.13131313131312,-4026.6616
-35.35353535353535,-13.13131313131312,-2535.6118
-33.33333333333333,-13.13131313131312,-1526.0466
-31.313131313131308,-13.13131313131312,-2268.6536
-29.292929292929287,-13.13131313131312,-1613.0134
-27.272727272727266,-13.13131313131312,-2622.056
-25.252525252525245,-13.13131313131312,-1578.3695
-23.232323232323225,-13.13131313131312,-441.9318
-21.212121212121204,-13.13131313131312,-1039.7405
-19.191919191919183,-13.13131313131312,-547.78754
-17.171717171717162,-13.13131313131312,-686.87836
-15.151515151515142,-13.13131313131312,-1140.9957
-13.13131313131312,-13.13131313131312,-369.6826
-11.1111111111111,-13.13131313131312,-199.38702
-9.09090909090908,-13.13131313131312,-790.0266
-7.0707070707070585,-13.13131313131312,-1379.9186
-5.050505050505038,-13.13131313131312,-2722.0378
-3.030303030303031,-13.13131313131312,-497.49765
-1.0101010101010104,-13.13131313131312,-547.7455
1.0101010101010104,-13.13131313131312,-474.8035
3.030303030303031,-13.13131313131312,-192.31325
5.050505050505052,-13.13131313131312,-498.44394
7.070707070707073,-13.13131313131312,-656.39874
9.090909090909093,-13.13131313131312,-566.70386
11.111111111111114,-13.13131313131312,-735.7814
13.131313131313135,-13.13131313131312,-478.3201
15.151515151515156,-13.13131313131312,-183.70717
17.171717171717177,-13.13131313131312,-725.0973
19.191919191919197,-13.13131313131312,-668.8937
21.212121212121218,-13.13131313131312,-852.19135
23.23232323232324,-13.13131313131312,-633.02783
25.25252525252526,-13.13131313131312,-1474.8972
27.27272727272728,-13.13131313131312,-1531.8159
29.2929292929293,-13.13131313131312,-1971.4194
31.313131313131322,-13.13131313131312,-2395.6108
33.33333333333334,-13.13131313131312,-1431.2944
35.353535353535364,-13.13131313131312,-2388.7834
37.373737373737384,-13.13131313131312,-2146.3945
39.393939393939405,-13.13131313131312,-2116.516
41.414141414141426,-13.13131313131312,-2526.5845
43.43434343434345,-13.13131313131312,-2295.533
45.45454545454547,-13.13131313131312,-2366.615
47.47474747474749,-13.13131313131312,-2943.6296
49.49494949494951,-13.13131313131312,-2776.2876
51.51515151515153,-13.13131313131312,-2771.87
53.53535353535355,-13.13131313131312,-2986.2559
55.55555555555557,-13.13131313131312,-3454.4556
57.57575757575759,-13.13131313131312,-3678.3245
59.59595959595961,-13.13131313131312,-4006.923
61.616161616161634,-13.13131313131312,-3360.1965
63.636363636363654,-13.13131313131312,-4866.2773
65.65656565656568,-13.13131313131312,-4486.2656
67.6767676767677,-13.13131313131312,-4544.7173
69.69696969696972,-13.13131313131312,-5948.1294
71.71717171717174,-13.13131313131312,-5503.898
73.73737373737376,-13.13131313131312,-5763.941
75.75757575757578,-13.13131313131312,-6895.1924
77.7777777777778,-13.13131313131312,-7215.9077
79.79797979797982,-13.13131313131312,-6986.597
81.81818181818184,-13.13131313131312,-6977.8423
83.83838383838386,-13.13131313131312,-7241.835
85.85858585858588,-13.13131313131312,-8847.226
87.8787878787879,-13.13131313131312,-8041.034
89.89898989898992,-13.13131313131312,-9096.087
91.91919191919195,-13.13131313131312,-9184.233
93.93939393939394,-13.13131313131312,-7003.46
95.95959595959596,-13.13131313131312,-9105.595
97.97979797979798,-13.13131313131312,-8874.581
100.0,-13.13131313131312,-9631.699
-100.0,-11.1111111111111,-11014.93
-97.97979797979798,-11.1111111111111,-11878.917
-95.95959595959596,-11.1111111111111,-8513.011
-93.93939393939394,-11.1111111111111,-8899.533
-91.91919191919192,-11.1111111111111,-8576.668
-89.8989898989899,-11.1111111111111,-8658.106
-87.87878787878788,-11.1111111111111,-7800.285
-85.85858585858585,-11.1111111111111,-8156.5117
-83.83838383838383,-11.1111111111111,-7730.501
-81.81818181818181,-11.1111111111111,-5893.7524
-79.79797979797979,-11.1111111111111,-6636.1396
-77.77777777777777,-11.1111111111111,-6107.0244
-75.75757575757575,-11.1111111111111,-5666.181
-73.73737373737373,-11.1111111111111,-5586.2114
-71.71717171717171,-11.1111111111111,-5625.224
-69.69696969696969,-11.1111111111111,-6283.424
-67.67676767676767,-11.1111111111111,-4580.0483
-65.65656565656565,-11.1111111111111,-4345.019
-63.63636363636363,-11.1111111111111,-4895.4727
-61.61616161616161,-11.1111111111111,-4494.362
-59.59595959595959,-11.1111111111111,-4039.3882
-57.57575757575757,-11.1111111111111,-4032.031
-55.55555555555555,-11.1111111111111,-3954.0417
-53.53535353535353,-11.1111111111111,-4137.132
-51.515151515151516,-11.1111111111111,-3252.9692
-49.494949494949495,-11.1111111111111,-2379.7183
-47.474747474747474,-11.1111111111111,-2993.5852
-45.45454545454545,-11.1111111111111,-2545.796
-43.43434343434343,-11.1111111111111,-2588.6763
-41.41414141414141,-11.1111111111111,-3191.9302
-39.39393939393939,-11.1111111111111,-2757.252
-37.37373737373737,-11.1111111111111,-2560.362
-35.35353535353535,-11.1111111111111,-2414.6467
-33.33333333333333,-11.1111111111111,-942.68677
-31.313131313131308,-11.1111111111111,-1852.8339
-29.292929292929287,-11.1111111111111,-842.27985
-27.272727272727266,-11.1111111111111,-1878.044
-25.252525252525245,-11.1111111111111,-1060.6445
-23.232323232323225,-11.1111111111111,-880.5361
-21.212121212121204,-11.1111111111111,-685.4798
-19.191919191919183,-11.1111111111111,-120.5781
-17.171717171717162,-11.1111111111111,702.734
-15.151515151515142,-11.1111111111111,654.5507
-13.13131313131312,-11.1111111111111,421.34134
-11.1111111111111,-11.1111111111111,591.6369
-9.09090909090908,-11.1111111111111,395.47128
-7.0707070707070585,-11.1111111111111,105.399475
-5.050505050505038,-11.1111111111111,-1391.5232
-3.030303030303031,-11.1111111111111,-777.82043
-1.0101010101010104,-11.1111111111111,-872.001
1.0101010101010104,-11.1111111111111,-473.23386
3.030303030303031,-11.1111111111111,-190.7437
5.050505050505052,-11.1111111111111,-679.2346
7.070707070707073,-11.1111111111111,-837.1895
9.090909090909093,-11.1111111111111,-747.49445
11.111111111111114,-11.1111111111111,-228.01898
13.131313131313135,-11.1111111111111,29.4425
15.151515151515156,-11.1111111111111,324.0554
17.171717171717177,-11.1111111111111,-217.33488
19.191919191919197,-11.1111111111111,-161.13121
21.212121212121218,-11.1111111111111,-344.429
23.23232323232324,-11.1111111111111,-125.2653
25.25252525252526,-11.1111111111111,-1019.0191
27.27272727272728,-11.1111111111111,-1075.9377
29.2929292929293,-11.1111111111111,-1515.5413
31.313131313131322,-11.1111111111111,-1080.8564
33.33333333333334,-11.1111111111111,-1515.3064
35.353535353535364,-11.1111111111111,-1382.7335
37.373737373737384,-11.1111111111111,-1034.7194
39.393939393939405,-11.1111111111111,-2826.9001
41.414141414141426,-11.1111111111111,-3236.968
43.43434343434345,-11.1111111111111,-1667.8734
45.45454545454547,-11.1111111111111,-2238.8008
47.47474747474749,-11.1111111111111,-2815.8154
49.49494949494951,-11.1111111111111,-2648.4734
51.51515151515153,-11.1111111111111,-2779.1577
53.53535353535355,-11.1111111111111,-2993.5435
55.55555555555557,-11.1111111111111,-3461.7432
57.57575757575759,-11.1111111111111,-3685.612
59.59595959595961,-11.1111111111111,-3915.746
61.616161616161634,-11.1111111111111,-3253.624
63.636363636363654,-11.1111111111111,-4700.4233
65.65656565656568,-11.1111111111111,-4320.412
67.6767676767677,-11.1111111111111,-4173.1226
69.69696969696972,-11.1111111111111,-5324.9854
71.71717171717174,-11.1111111111111,-5345.797
73.73737373737376,-11.1111111111111,-5294.6743
75.75757575757578,-11.1111111111111,-5760.448
77.7777777777778,-11.1111111111111,-6081.164
79.79797979797982,-11.1111111111111,-5851.853
81.81818181818184,-11.1111111111111,-5843.098
83.83838383838386,-11.1111111111111,-6107.091
85.85858585858588,-11.1111111111111,-8115.9854
87.8787878787879,-11.1111111111111,-7065.346
89.89898989898992,-11.1111111111111,-8967.243
91.91919191919195,-11.1111111111111,-9572.976
93.93939393939394,-11.1111111111111,-7496.838
95.95959595959596,-11.1111111111111,-9311.977
97.97979797979798,-11.1111111111111,-9080.963
100.0,-11.1111111111111,-9871.794
-100.0,-9.09090909090908,-10227.519
-97.97979797979798,-9.09090909090908,-10978.1045
-95.95959595959596,-9.09090909090908,-7850.7007
-93.93939393939394,-9.09090909090908,-8344.6045
-91.91919191919192,-9.09090909090908,-8021.74
-89.8989898989899,-9.09090909090908,-9155.2295
-87.87878787878788,-9.09090909090908,-7339.2334
-85.85858585858585,-9.09090909090908,-7263.307
-83.83838383838383,-9.09090909090908,-7173.742
-81.81818181818181,-9.09090909090908,-5289.189
-79.79797979797979,-9.09090909090908,-6031.576
-77.77777777777777,-9.09090909090908,-5895.2207
-75.75757575757575,-9.09090909090908,-5061.6177
-73.73737373737373,-9.09090909090908,-4927.2886
-71.71717171717171,-9.09090909090908,-5266.635
-69.69696969696969,-9.09090909090908,-5847.2046
-67.67676767676767,-9.09090909090908,-4361.839
-65.65656565656565,-9.09090909090908,-4126.8096
-63.63636363636363,-9.09090909090908,-4645.6377
-61.61616161616161,-9.09090909090908,-4211.673
-59.59595959595959,-9.09090909090908,-3756.7004
-57.57575757575757,-9.09090909090908,-3749.3433
-55.55555555555555,-9.09090909090908,-3671.354
-53.53535353535353,-9.09090909090908,-3420.2886
-51.515151515151516,-9.09090909090908,-2970.2817
-49.494949494949495,-9.09090909090908,-2309.225
-47.474747474747474,-9.09090909090908,-3078.7207
-45.45454545454545,-9.09090909090908,-2630.9314
-43.43434343434343,-9.09090909090908,-2453.2383
-41.41414141414141,-9.09090909090908,-3056.4922
-39.39393939393939,-9.09090909090908,-2621.814
-37.37373737373737,-9.09090909090908,-2424.924
-35.35353535353535,-9.09090909090908,-2279.2085
-33.33333333333333,-9.09090909090908,-594.6929
-31.313131313131308,-9.09090909090908,-1632.4287
-29.292929292929287,-9.09090909090908,-2152.547
-27.272727272727266,-9.09090909090908,-1657.6387
-25.252525252525245,-9.09090909090908,-839.23145
-23.232323232323225,-9.09090909090908,-744.7077
-21.212121212121204,-9.09090909090908,-503.57794
-19.191919191919183,-9.09090909090908,61.32373
-17.171717171717162,-9.09090909090908,317.76456
-15.151515151515142,-9.09090909090908,269.5812
-13.13131313131312,-9.09090909090908,36.372097
-11.1111111111111,-9.09090909090908,206.6675
-9.09090909090908,-9.09090909090908,64.169464
-7.0707070707070585,-9.09090909090908,-85.159935
-5.050505050505038,-9.09090909090908,-353.05084
-3.030303030303031,-9.09090909090908,180.74335
-1.0101010101010104,-9.09090909090908,-141.9077
1.0101010101010104,-9.09090909090908,77.7578
3.030303030303031,-9.09090909090908,223.62993
5.050505050505052,-9.09090909090908,-82.50083
7.070707070707073,-9.09090909090908,-240.45567
9.090909090909093,-9.09090909090908,-150.76071
11.111111111111114,-9.09090909090908,-319.8383
13.131313131313135,-9.09090909090908,-62.376793
15.151515151515156,-9.09090909090908,232.23619
17.171717171717177,-9.09090909090908,-309.15427
19.191919191919197,-9.09090909090908,-252.95055
21.212121212121218,-9.09090909090908,-436.2482
23.23232323232324,-9.09090909090908,-217.0847
25.25252525252526,-9.09090909090908,-1110.8385
27.27272727272728,-9.09090909090908,-1167.7572
29.2929292929293,-9.09090909090908,-1607.3607
31.313131313131322,-9.09090909090908,-1172.6759
33.33333333333334,-9.09090909090908,-1607.1259
35.353535353535364,-9.09090909090908,-2963.1416
37.373737373737384,-9.09090909090908,-1856.2445
39.393939393939405,-9.09090909090908,-1401.6113
41.414141414141426,-9.09090909090908,-1971.1156
43.43434343434345,-9.09090909090908,-1958.3785
45.45454545454547,-9.09090909090908,-2029.4612
47.47474747474749,-9.09090909090908,-2606.4746
49.49494949494951,-9.09090909090908,-2616.1836
51.51515151515153,-9.09090909090908,-2781.7395
53.53535353535355,-9.09090909090908,-3113.403
55.55555555555557,-9.09090909090908,-3404.5518
57.57575757575759,-9.09090909090908,-3628.4207
59.59595959595961,-9.09090909090908,-3792.5818
61.616161616161634,-9.09090909090908,-3130.4597
63.636363636363654,-9.09090909090908,-4516.432
65.65656565656568,-9.09090909090908,-4136.418
67.6767676767677,-9.09090909090908,-4180.514
69.69696969696972,-9.09090909090908,-5140.994
71.71717171717174,-9.09090909090908,-5161.805
73.73737373737376,-9.09090909090908,-5421.848
75.75757575757578,-9.09090909090908,-5887.6226
77.7777777777778,-9.09090909090908,-6208.338
79.79797979797982,-9.09090909090908,-6039.854
81.81818181818184,-9.09090909090908,-6031.099
83.83838383838386,-9.09090909090908,-6580.2446
85.85858585858588,-9.09090909090908,-7437.6587
87.8787878787879,-9.09090909090908,-6174.893
89.89898989898992,-9.09090909090908,-8224.925
91.91919191919195,-9.09090909090908,-8529.423
93.93939393939394,-9.09090909090908,-9199.113
95.95959595959596,-9.09090909090908,-9317.117
97.97979797979798,-9.09090909090908,-9086.104
100.0,-9.09090909090908,-10046.355
-100.0,-7.0707070707070585,-10128.354
-97.97979797979798,-7.0707070707070585,-12456.567
-95.95959595959596,-7.0707070707070585,-9401.176
-93.93939393939394,-7.0707070707070585,-7743.915
-91.91919191919192,-7.0707070707070585,-9686.8125
-89.8989898989899,-7.0707070707070585,-10430.8125
-87.87878787878788,-7.0707070707070585,-8616.956
-85.85858585858585,-7.0707070707070585,-8541.033
-83.83838383838383,-7.0707070707070585,-8690.531
-81.81818181818181,-7.0707070707070585,-6599.723
-79.79797979797979,-7.0707070707070585,-7497.852
-77.77777777777777,-7.0707070707070585,-6963.53
-75.75757575757575,-7.0707070707070585,-6891.0737
-73.73737373737373,-7.0707070707070585,-6491.9595
-71.71717171717171,-7.0707070707070585,-6831.3057
-69.69696969696969,-7.0707070707070585,-7697.6484
-67.67676767676767,-7.0707070707070585,-6315.8447
-65.65656565656565,-7.0707070707070585,-6217.7524
-63.63636363636363,-7.0707070707070585,-5726.8516
-61.61616161616161,-7.0707070707070585,-4941.126
-59.59595959595959,-7.0707070707070585,-4599.5527
-57.57575757575757,-7.0707070707070585,-4586.9443
-55.55555555555555,-7.0707070707070585,-3758.8545
-53.53535353535353,-7.0707070707070585,-4385.0444
-51.515151515151516,-7.0707070707070585,-3512.0771
-49.494949494949495,-7.0707070707070585,-2851.0205
-47.474747474747474,-7.0707070707070585,-2935.863
-45.45454545454545,-7.0707070707070585,-3158.0217
-43.43434343434343,-7.0707070707070585,-3572.0747
-41.41414141414141,-7.0707070707070585,-4153.465
-39.39393939393939,-7.0707070707070585,-2806.8328
-37.37373737373737,-7.0707070707070585,-2609.9429
-35.35353535353535,-7.0707070707070585,-2821.6328
-33.33333333333333,-7.0707070707070585,-1021.6562
-31.313131313131308,-7.0707070707070585,-2059.391
-29.292929292929287,-7.0707070707070585,-2579.512
-27.272727272727266,-7.0707070707070585,-2084.6008
-25.252525252525245,-7.0707070707070585,-1283.4459
-23.232323232323225,-7.0707070707070585,-1188.9225
-21.212121212121204,-7.0707070707070585,-904.0422
-19.191919191919183,-7.0707070707070585,-537.9578
-17.171717171717162,-7.0707070707070585,-1040.9905
-15.151515151515142,-7.0707070707070585,-1089.1737
-13.13131313131312,-7.0707070707070585,-870.63293
-11.1111111111111,-7.0707070707070585,-700.33746
-9.09090909090908,-7.0707070707070585,-466.1827
-7.0707070707070585,-7.0707070707070585,-432.07703
-5.050505050505038,-7.0707070707070585,-286.69446
-3.030303030303031,-7.0707070707070585,39.882782
-1.0101010101010104,-7.0707070707070585,-850.2083
1.0101010101010104,-7.0707070707070585,-1202.7065
3.030303030303031,-7.0707070707070585,-1056.8342
5.050505050505052,-7.0707070707070585,-522.2756
7.070707070707073,-7.0707070707070585,-508.8383
9.090909090909093,-7.0707070707070585,-419.1434
11.111111111111114,-7.0707070707070585,-588.2208
13.131313131313135,-7.0707070707070585,-330.75937
15.151515151515156,-7.0707070707070585,-591.7896
17.171717171717177,-7.0707070707070585,-506.2351
19.191919191919197,-7.0707070707070585,-446.40274
21.212121212121218,-7.0707070707070585,-629.7004
23.23232323232324,-7.0707070707070585,-410.53705
25.25252525252526,-7.0707070707070585,-1169.9158
27.27272727272728,-7.0707070707070585,-1226.8345
29.2929292929293,-7.0707070707070585,-1666.438
31.313131313131322,-7.0707070707070585,-1231.7532
33.33333333333334,-7.0707070707070585,-1459.2759
35.353535353535364,-7.0707070707070585,-2784.9583
37.373737373737384,-7.0707070707070585,-1777.9188
39.393939393939405,-7.0707070707070585,-1323.2856
41.414141414141426,-7.0707070707070585,-1892.7899
43.43434343434345,-7.0707070707070585,-2067.5796
45.45454545454547,-7.0707070707070585,-1486.2852
47.47474747474749,-7.0707070707070585,-620.92285
49.49494949494951,-7.0707070707070585,-2605.3738
51.51515151515153,-7.0707070707070585,-3210.5972
53.53535353535355,-7.0707070707070585,-2132.7039
55.55555555555557,-7.0707070707070585,-2423.8528
57.57575757575759,-7.0707070707070585,-2628.6704
59.59595959595961,-7.0707070707070585,-2792.8313
61.616161616161634,-7.0707070707070585,-2130.7092
63.636363636363654,-7.0707070707070585,-3727.856
65.65656565656568,-7.0707070707070585,-3342.9558
67.6767676767677,-7.0707070707070585,-3387.049
69.69696969696972,-7.0707070707070585,-4211.896
71.71717171717174,-7.0707070707070585,-4165.104
73.73737373737376,-7.0707070707070585,-4425.147
75.75757575757578,-7.0707070707070585,-4890.9214
77.7777777777778,-7.0707070707070585,-4921.9023
79.79797979797982,-7.0707070707070585,-4753.4185
81.81818181818184,-7.0707070707070585,-4669.496
83.83838383838386,-7.0707070707070585,-5218.6416
85.85858585858588,-7.0707070707070585,-6076.056
87.8787878787879,-7.0707070707070585,-5671.427
89.89898989898992,-7.0707070707070585,-6100.9126
91.91919191919195,-7.0707070707070585,-6214.7705
93.93939393939394,-7.0707070707070585,-6460.015
95.95959595959596,-7.0707070707070585,-8968.195
97.97979797979798,-7.0707070707070585,-8626.324
100.0,-7.0707070707070585,-9245.3
-100.0,-5.050505050505038,-10668.519
-97.97979797979798,-5.050505050505038,-12064.382
-95.95959595959596,-5.050505050505038,-9617.023
-93.93939393939394,-5.050505050505038,-9660.07
-91.91919191919192,-5.050505050505038,-9788.0625
-89.8989898989899,-5.050505050505038,-10532.0625
-87.87878787878788,-5.050505050505038,-8273.009
-85.85858585858585,-5.050505050505038,-8180.069
-83.83838383838383,-5.050505050505038,-8090.505
-81.81818181818181,-5.050505050505038,-5834.8833
-79.79797979797979,-5.050505050505038,-6733.012
-77.77777777777777,-5.050505050505038,-6198.69
-75.75757575757575,-5.050505050505038,-5561.513
-73.73737373737373,-5.050505050505038,-4793.531
-71.71717171717171,-5.050505050505038,-5882.2207
-69.69696969696969,-5.050505050505038,-6700.7603
-67.67676767676767,-5.050505050505038,-5318.9565
-65.65656565656565,-5.050505050505038,-4439.0703
-63.63636363636363,-5.050505050505038,-4940.7896
-61.61616161616161,-5.050505050505038,-4309.984
-59.59595959595959,-5.050505050505038,-3968.402
-57.57575757575757,-5.050505050505038,-3749.4548
-55.55555555555555,-5.050505050505038,-3671.4656
-53.53535353535353,-5.050505050505038,-4297.655
-51.515151515151516,-5.050505050505038,-2970.3933
-49.494949494949495,-5.050505050505038,-2309.3367
-47.474747474747474,-5.050505050505038,-2394.1794
-45.45454545454545,-5.050505050505038,-2616.338
-43.43434343434343,-5.050505050505038,-2516.166
-41.41414141414141,-5.050505050505038,-3097.5535
-39.39393939393939,-5.050505050505038,-2662.8752
-37.37373737373737,-5.050505050505038,-2465.9856
-35.35353535353535,-5.050505050505038,-2320.271
-33.33333333333333,-5.050505050505038,-520.296
-31.313131313131308,-5.050505050505038,-1558.0317
-29.292929292929287,-5.050505050505038,-2078.1504
-27.272727272727266,-5.050505050505038,-1583.242
-25.252525252525245,-5.050505050505038,-782.08563
-23.232323232323225,-5.050505050505038,-687.562
-21.212121212121204,-5.050505050505038,-402.68118
-19.191919191919183,-5.050505050505038,-36.597027
-17.171717171717162,-5.050505050505038,-539.6302
-15.151515151515142,-5.050505050505038,-587.81354
-13.13131313131312,-5.050505050505038,-369.2722
-11.1111111111111,-5.050505050505038,-198.97676
-9.09090909090908,-5.050505050505038,35.177986
-7.0707070707070585,-5.050505050505038,69.28359
-5.050505050505038,-5.050505050505038,214.6661
-3.030303030303031,-5.050505050505038,914.26733
-1.0101010101010104,-5.050505050505038,-330.25064
1.0101010101010104,-5.050505050505038,-293.2272
3.030303030303031,-5.050505050505038,1004.79456
5.050505050505052,-5.050505050505038,66.65144
7.070707070707073,-5.050505050505038,148.6589
9.090909090909093,-5.050505050505038,109.407005
11.111111111111114,-5.050505050505038,-36.184673
13.131313131313135,-5.050505050505038,221.27682
15.151515151515156,-5.050505050505038,596.4836
17.171717171717177,-5.050505050505038,45.801163
19.191919191919197,-5.050505050505038,105.63358
21.212121212121218,-5.050505050505038,-77.66405
23.23232323232324,-5.050505050505038,141.49947
25.25252525252526,-5.050505050505038,-617.88043
27.27272727272728,-5.050505050505038,-674.799
29.2929292929293,-5.050505050505038,-1114.4021
31.313131313131322,-5.050505050505038,-679.71765
33.33333333333334,-5.050505050505038,-639.20874
35.353535353535364,-5.050505050505038,-2611.8901
37.373737373737384,-5.050505050505038,-813.6958
39.393939393939405,-5.050505050505038,479.6806
41.414141414141426,-5.050505050505038,-1242.1249
43.43434343434345,-5.050505050505038,-1416.9163
45.45454545454547,-5.050505050505038,-1300.4686
47.47474747474749,-5.050505050505038,-2343.9177
49.49494949494951,-5.050505050505038,-2353.6274
51.51515151515153,-5.050505050505038,-1394.2859
53.53535353535355,-5.050505050505038,-2069.5754
55.55555555555557,-5.050505050505038,-2187.665
57.57575757575759,-5.050505050505038,-2392.4827
59.59595959595961,-5.050505050505038,-2556.6438
61.616161616161634,-5.050505050505038,-2056.5833
63.636363636363654,-5.050505050505038,-3442.5535
65.65656565656568,-5.050505050505038,-3057.6533
67.6767676767677,-5.050505050505038,-3101.7466
69.69696969696972,-5.050505050505038,-4023.1287
71.71717171717174,-5.050505050505038,-3976.336
73.73737373737376,-5.050505050505038,-4236.382
75.75757575757578,-5.050505050505038,-4702.1562
77.7777777777778,-5.050505050505038,-4976.584
79.79797979797982,-5.050505050505038,-5005.647
81.81818181818184,-5.050505050505038,-4588.2637
83.83838383838386,-5.050505050505038,-5128.655
85.85858585858588,-5.050505050505038,-5986.069
87.8787878787879,-5.050505050505038,-4927.3037
89.89898989898992,-5.050505050505038,-6091.192
91.91919191919195,-5.050505050505038,-6205.05
93.93939393939394,-5.050505050505038,-6722.5103
95.95959595959596,-5.050505050505038,-8637.592
97.97979797979798,-5.050505050505038,-8733.542
100.0,-5.050505050505038,-9892.2705
-100.0,-3.030303030303031,-9726.227
-97.97979797979798,-3.030303030303031,-9734.994
-95.95959595959596,-3.030303030303031,-9412.69
-93.93939393939394,-3.030303030303031,-7945.8184
-91.91919191919192,-3.030303030303031,-8073.8066
-89.8989898989899,-3.030303030303031,-9131.449
-87.87878787878788,-3.030303030303031,-6774.772
-85.85858585858585,-3.030303030303031,-7108.2866
-83.83838383838383,-3.030303030303031,-7018.7217
-81.81818181818181,-3.030303030303031,-4757.0337
-79.79797979797979,-3.030303030303031,-5655.1626
-77.77777777777777,-3.030303030303031,-5120.8403
-75.75757575757575,-3.030303030303031,-4483.6636
-73.73737373737373,-3.030303030303031,-4255.5405
-71.71717171717171,-3.030303030303031,-5627.7217
-69.69696969696969,-3.030303030303031,-6054.306
-67.67676767676767,-3.030303030303031,-3572.2483
-65.65656565656565,-3.030303030303031,-4200.2085
-63.63636363636363,-3.030303030303031,-4683.611
-61.61616161616161,-3.030303030303031,-3894.943
-59.59595959595959,-3.030303030303031,-3553.3694
-57.57575757575757,-3.030303030303031,-3313.5073
-55.55555555555555,-3.030303030303031,-3235.518
-53.53535353535353,-3.030303030303031,-4217.559
-51.515151515151516,-3.030303030303031,-2595.8381
-49.494949494949495,-3.030303030303031,-1934.7826
-47.474747474747474,-3.030303030303031,-2019.6254
-45.45454545454545,-3.030303030303031,-2241.7825
-43.43434343434343,-3.030303030303031,-2064.0894
-41.41414141414141,-3.030303030303031,-2725.79
-39.39393939393939,-3.030303030303031,-2291.1118
-37.37373737373737,-3.030303030303031,-2094.223
-35.35353535353535,-3.030303030303031,-1739.8159
-33.33333333333333,-3.030303030303031,-391.88834
-31.313131313131308,-3.030303030303031,-1436.8617
-29.292929292929287,-3.030303030303031,-1054.0798
-27.272727272727266,-3.030303030303031,-1533.7009
-25.252525252525245,-3.030303030303031,-940.98346
-23.232323232323225,-3.030303030303031,-846.45984
-21.212121212121204,-3.030303030303031,-389.3735
-19.191919191919183,-3.030303030303031,46.037746
-17.171717171717162,-3.030303030303031,316.02466
-15.151515151515142,-3.030303030303031,267.84134
-13.13131313131312,-3.030303030303031,630.4171
-11.1111111111111,-3.030303030303031,800.71246
-9.09090909090908,-3.030303030303031,690.95667
-7.0707070707070585,-3.030303030303031,513.18896
-5.050505050505038,-3.030303030303031,160.9097
-3.030303030303031,-3.030303030303031,-98.79589
-1.0101010101010104,-3.030303030303031,-308.60437
1.0101010101010104,-3.030303030303031,-872.9736
3.030303030303031,-3.030303030303031,-727.1014
5.050505050505052,-3.030303030303031,-345.494
7.070707070707073,-3.030303030303031,-273.78128
9.090909090909093,-3.030303030303031,-356.25632
11.111111111111114,-3.030303030303031,-501.84805
13.131313131313135,-3.030303030303031,-244.3865
15.151515151515156,-3.030303030303031,130.82004
17.171717171717177,-3.030303030303031,-419.86227
19.191919191919197,-3.030303030303031,-360.0297
21.212121212121218,-3.030303030303031,-543.3275
23.23232323232324,-3.030303030303031,-324.16385
25.25252525252526,-3.030303030303031,-1167.3752
27.27272727272728,-3.030303030303031,-1224.2931
29.2929292929293,-3.030303030303031,-1663.8966
31.313131313131322,-3.030303030303031,-1229.2122
33.33333333333334,-3.030303030303031,-1188.7039
35.353535353535364,-3.030303030303031,-3161.3848
37.373737373737384,-3.030303030303031,-1751.4324
39.393939393939405,-3.030303030303031,-2209.1287
41.414141414141426,-3.030303030303031,-1866.3035
43.43434343434345,-3.030303030303031,-2138.0703
45.45454545454547,-3.030303030303031,-2021.623
47.47474747474749,-3.030303030303031,-2598.637
49.49494949494951,-3.030303030303031,-2608.346
51.51515151515153,-3.030303030303031,-2579.1846
53.53535353535355,-3.030303030303031,-2561.159
55.55555555555557,-3.030303030303031,-2385.477
57.57575757575759,-3.030303030303031,-2590.2947
59.59595959595961,-3.030303030303031,-2754.4558
61.616161616161634,-3.030303030303031,-2254.3953
63.636363636363654,-3.030303030303031,-3640.3655
65.65656565656568,-3.030303030303031,-3255.4653
67.6767676767677,-3.030303030303031,-3299.5586
69.69696969696972,-3.030303030303031,-4220.943
71.71717171717174,-3.030303030303031,-4174.151
73.73737373737376,-3.030303030303031,-4530.831
75.75757575757578,-3.030303030303031,-4996.6055
77.7777777777778,-3.030303030303031,-5271.033
79.79797979797982,-3.030303030303031,-5300.096
81.81818181818184,-3.030303030303031,-4882.713
83.83838383838386,-3.030303030303031,-5651.9785
85.85858585858588,-3.030303030303031,-6509.393
87.8787878787879,-3.030303030303031,-5795.7656
89.89898989898992,-3.030303030303031,-7050.15
91.91919191919195,-3.030303030303031,-7600.427
93.93939393939394,-3.030303030303031,-7075.751
95.95959595959596,-3.030303030303031,-9066.28
97.97979797979798,-3.030303030303031,-8957.854
100.0,-3.030303030303031,-9586.806
-100.0,-1.0101010101010104,-12105.696
-97.97979797979798,-1.0101010101010104,-11095.496
-95.95959595959596,-1.0101010101010104,-9580.12
-93.93939393939394,-1.0101010101010104,-9645.8125
-91.91919191919192,-1.0101010101010104,-9500.44
-89.8989898989899,-1.0101010101010104,-11408.923
-87.87878787878788,-1.0101010101010104,-7549.64
-85.85858585858585,-1.0101010101010104,-7883.1567
-83.83838383838383,-1.0101010101010104,-7793.592
-81.81818181818181,-1.0101010101010104,-5258.703
-79.79797979797979,-1.0101010101010104,-6156.832
-77.77777777777777,-1.0101010101010104,-5804.48
-75.75757575757575,-1.0101010101010104,-4929.7637
-73.73737373737373,-1.0101010101010104,-4701.6406
-71.71717171717171,-1.0101010101010104,-5413.6147
-69.69696969696969,-1.0101010101010104,-5840.199
-67.67676767676767,-1.0101010101010104,-4335.144
-65.65656565656565,-1.0101010101010104,-4357.0737
-63.63636363636363,-1.0101010101010104,-4224.0303
-61.61616161616161,-1.0101010101010104,-3713.9692
-59.59595959595959,-1.0101010101010104,-3372.395
-57.57575757575757,-1.0101010101010104,-3132.5332
-55.55555555555555,-1.0101010101010104,-3054.544
-53.53535353535353,-1.0101010101010104,-4036.5833
-51.515151515151516,-1.0101010101010104,-2414.8635
-49.494949494949495,-1.0101010101010104,-1753.8085
-47.474747474747474,-1.0101010101010104,-2001.3539
-45.45454545454545,-1.0101010101010104,-2060.808
-43.43434343434343,-1.0101010101010104,-1883.1161
-41.41414141414141,-1.0101010101010104,-2399.3503
-39.39393939393939,-1.0101010101010104,-2053.6235
-37.37373737373737,-1.0101010101010104,-1856.736
-35.35353535353535,-1.0101010101010104,-1502.328
-33.33333333333333,-1.0101010101010104,-440.02243
-31.313131313131308,-1.0101010101010104,-1199.374
-29.292929292929287,-1.0101010101010104,-816.5925
-27.272727272727266,-1.0101010101010104,-1441.473
-25.252525252525245,-1.0101010101010104,-1033.0868
-23.232323232323225,-1.0101010101010104,-938.56335
-21.212121212121204,-1.0101010101010104,-481.47705
-19.191919191919183,-1.0101010101010104,-46.06577
-17.171717171717162,-1.0101010101010104,-395.36163
-15.151515151515142,-1.0101010101010104,-443.54504
-13.13131313131312,-1.0101010101010104,428.8486
-11.1111111111111,-1.0101010101010104,89.32646
-9.09090909090908,-1.0101010101010104,54.18649
-7.0707070707070585,-1.0101010101010104,-123.58134
-5.050505050505038,-1.0101010101010104,257.2705
-3.030303030303031,-1.0101010101010104,-237.90434
-1.0101010101010104,-1.0101010101010104,-447.7129
1.0101010101010104,-1.0101010101010104,-259.45114
3.030303030303031,-1.0101010101010104,-113.57896
5.050505050505052,-1.0101010101010104,-265.12943
7.070707070707073,-1.0101010101010104,-193.41676
9.090909090909093,-1.0101010101010104,-275.89188
11.111111111111114,-1.0101010101010104,-421.4835
13.131313131313135,-1.0101010101010104,-164.02194
15.151515151515156,-1.0101010101010104,211.18462
17.171717171717177,-1.0101010101010104,-339.4977
19.191919191919197,-1.0101010101010104,-279.6653
21.212121212121218,-1.0101010101010104,-462.96292
23.23232323232324,-1.0101010101010104,-243.79942
25.25252525252526,-1.0101010101010104,-1087.0104
27.27272727272728,-1.0101010101010104,-1143.9286
29.2929292929293,-1.0101010101010104,-1583.5321
31.313131313131322,-1.0101010101010104,-1148.8473
33.33333333333334,-1.0101010101010104,34.34291
35.353535353535364,-1.0101010101010104,-3081.02
37.373737373737384,-1.0101010101010104,-1671.0676
39.393939393939405,-1.0101010101010104,-1252.1683
41.414141414141426,-1.0101010101010104,-1785.9387
43.43434343434345,-1.0101010101010104,-2057.7058
45.45454545454547,-1.0101010101010104,-1941.2583
47.47474747474749,-1.0101010101010104,-2518.2722
49.49494949494951,-1.0101010101010104,-2527.9812
51.51515151515153,-1.0101010101010104,-2703.3774
53.53535353535355,-1.0101010101010104,-3055.9924
55.55555555555557,-1.0101010101010104,-3370.3604
57.57575757575759,-1.0101010101010104,-3227.8442
59.59595959595961,-1.0101010101010104,-3392.0054
61.616161616161634,-1.0101010101010104,-2536.0088
63.636363636363654,-1.0101010101010104,-3921.979
65.65656565656568,-1.0101010101010104,-3537.0789
67.6767676767677,-1.0101010101010104,-3581.172
69.69696969696972,-1.0101010101010104,-4406.0215
71.71717171717174,-1.0101010101010104,-4359.2295
73.73737373737376,-1.0101010101010104,-4715.9097
75.75757575757578,-1.0101010101010104,-5369.0825
77.7777777777778,-1.0101010101010104,-5643.5103
79.79797979797982,-1.0101010101010104,-5672.573
81.81818181818184,-1.0101010101010104,-5255.19
83.83838383838386,-1.0101010101010104,-6024.4556
85.85858585858588,-1.0101010101010104,-6881.8696
87.8787878787879,-1.0101010101010104,-6168.2427
89.89898989898992,-1.0101010101010104,-7171.613
91.91919191919195,-1.0101010101010104,-7721.8896
93.93939393939394,-1.0101010101010104,-7152.8076
95.95959595959596,-1.0101010101010104,-9039.188
97.97979797979798,-1.0101010101010104,-8930.762
100.0,-1.0101010101010104,-8321.486
-100.0,1.0101010101010104,-10427.198
-97.97979797979798,1.0101010101010104,-8168.4556
-95.95959595959596,1.0101010101010104,-7689.6655
-93.93939393939394,1.0101010101010104,-7701.539
-91.91919191919192,1.0101010101010104,-7829.5312
-89.8989898989899,1.0101010101010104,-8615.196
-87.87878787878788,1.0101010101010104,-7865.807
-85.85858585858585,1.0101010101010104,-7185.238
-83.83838383838383,1.0101010101010104,-7095.673
-81.81818181818181,1.0101010101010104,-5960.6787
-79.79797979797979,1.0101010101010104,-6122.2905
-77.77777777777777,1.0101010101010104,-5769.9385
-75.75757575757575,1.0101010101010104,-4946.14
-73.73737373737373,1.0101010101010104,-4917.993
-71.71717171717171,1.0101010101010104,-5410.855
-69.69696969696969,1.0101010101010104,-5837.4395
-67.67676767676767,1.0101010101010104,-4142.8174
-65.65656565656565,1.0101010101010104,-4164.747
-63.63636363636363,1.0101010101010104,-3939.6663
-61.61616161616161,1.0101010101010104,-3081.859
-59.59595959595959,1.0101010101010104,-2740.2844
-57.57575757575757,1.0101010101010104,-2341.6282
-55.55555555555555,1.0101010101010104,-2263.639
-53.53535353535353,1.0101010101010104,-2727.3252
-51.515151515151516,1.0101010101010104,-1782.755
-49.494949494949495,1.0101010101010104,-1121.698
-47.474747474747474,1.0101010101010104,-905.6605
-45.45454545454545,1.0101010101010104,-1428.6985
-43.43434343434343,1.0101010101010104,-1124.9226
-41.41414141414141,1.0101010101010104,-1641.1583
-39.39393939393939,1.0101010101010104,-1295.4316
-37.37373737373737,1.0101010101010104,-1098.5425
-35.35353535353535,1.0101010101010104,-744.13446
-33.33333333333333,1.0101010101010104,-331.18387
-31.313131313131308,1.0101010101010104,-962.94696
-29.292929292929287,1.0101010101010104,-580.16516
-27.272727272727266,1.0101010101010104,-1205.0455
-25.252525252525245,1.0101010101010104,-996.0283
-23.232323232323225,1.0101010101010104,-901.5046
-21.212121212121204,1.0101010101010104,-260.5026
-19.191919191919183,1.0101010101010104,174.90872
-17.171717171717162,1.0101010101010104,-174.38708
-15.151515151515142,1.0101010101010104,-680.065
-13.13131313131312,1.0101010101010104,-522.5083
-11.1111111111111,1.0101010101010104,-147.19357
-9.09090909090908,1.0101010101010104,-182.33353
-7.0707070707070585,1.0101010101010104,-360.10144
-5.050505050505038,1.0101010101010104,20.7505
-3.030303030303031,1.0101010101010104,-474.42447
-1.0101010101010104,1.0101010101010104,-684.2329
1.0101010101010104,1.0101010101010104,-495.97122
3.030303030303031,1.0101010101010104,-350.0991
5.050505050505052,1.0101010101010104,-501.64957
7.070707070707073,1.0101010101010104,-429.93692
9.090909090909093,1.0101010101010104,-762.08575
11.111111111111114,1.0101010101010104,-907.67737
13.131313131313135,1.0101010101010104,-323.8124
15.151515151515156,1.0101010101010104,425.21915
17.171717171717177,1.0101010101010104,-499.28818
19.191919191919197,1.0101010101010104,-439.45572
21.212121212121218,1.0101010101010104,-622.7533
23.23232323232324,1.0101010101010104,-403.58987
25.25252525252526,1.0101010101010104,-1338.5851
27.27272727272728,1.0101010101010104,-1395.5035
29.2929292929293,1.0101010101010104,-1835.107
31.313131313131322,1.0101010101010104,-1308.6377
33.33333333333334,1.0101010101010104,-125.447395
35.353535353535364,1.0101010101010104,-3137.5762
37.373737373737384,1.0101010101010104,-1613.9696
39.393939393939405,1.0101010101010104,-1704.9329
41.414141414141426,1.0101010101010104,-1945.7291
43.43434343434345,1.0101010101010104,-2217.4949
45.45454545454547,1.0101010101010104,-2101.0474
47.47474747474749,1.0101010101010104,-2678.063
49.49494949494951,1.0101010101010104,-2687.772
51.51515151515153,1.0101010101010104,-2855.1929
53.53535353535355,1.0101010101010104,-3207.808
55.55555555555557,1.0101010101010104,-3522.1758
57.57575757575759,1.0101010101010104,-3379.66
59.59595959595961,1.0101010101010104,-3576.0173
61.616161616161634,1.0101010101010104,-2895.5347
63.636363636363654,1.0101010101010104,-4105.994
65.65656565656568,1.0101010101010104,-3721.0908
67.6767676767677,1.0101010101010104,-3765.184
69.69696969696972,1.0101010101010104,-4590.033
71.71717171717174,1.0101010101010104,-4543.241
73.73737373737376,1.0101010101010104,-4899.9214
75.75757575757578,1.0101010101010104,-5553.094
77.7777777777778,1.0101010101010104,-5827.522
79.79797979797982,1.0101010101010104,-5856.585
81.81818181818184,1.0101010101010104,-5439.2017
83.83838383838386,1.0101010101010104,-6044.616
85.85858585858588,1.0101010101010104,-7029.3354
87.8787878787879,1.0101010101010104,-6352.2544
89.89898989898992,1.0101010101010104,-7465.6304
91.91919191919195,1.0101010101010104,-7866.146
93.93939393939394,1.0101010101010104,-7243.4805
95.95959595959596,1.0101010101010104,-8093.412
97.97979797979798,1.0101010101010104,-8254.2295
100.0,1.0101010101010104,-7644.954
-100.0,3.030303030303031,-9239.232
-97.97979797979798,3.030303030303031,-9654.229
-95.95959595959596,3.030303030303031,-10115.066
-93.93939393939394,3.030303030303031,-9529.642
-91.91919191919192,3.030303030303031,-9657.634
-89.8989898989899,3.030303030303031,-10117.152
-87.87878787878788,3.030303030303031,-8111.2173
-85.85858585858585,3.030303030303031,-7770.9497
-83.83838383838383,3.030303030303031,-7199.2104
-81.81818181818181,3.030303030303031,-6064.2163
-79.79797979797979,3.030303030303031,-6225.828
-77.77777777777777,3.030303030303031,-5664.5625
-75.75757575757575,3.030303030303031,-5049.6777
-73.73737373737373,3.030303030303031,-5021.531
-71.71717171717171,3.030303030303031,-5900.7573
-69.69696969696969,3.030303030303031,-6327.342
-67.67676767676767,3.030303030303031,-4244.7217
-65.65656565656565,3.030303030303031,-4266.6514
-63.63636363636363,3.030303030303031,-4041.5698
-61.61616161616161,3.030303030303031,-3531.5151
-59.59595959595959,3.030303030303031,-3041.6
-57.57575757575757,3.030303030303031,-2642.9436
-55.55555555555555,3.030303030303031,-2564.9543
-53.53535353535353,3.030303030303031,-3028.6406
-51.515151515151516,3.030303030303031,-2084.0686
-49.494949494949495,3.030303030303031,-2321.1667
-47.474747474747474,3.030303030303031,-2837.417
-45.45454545454545,3.030303030303031,-2628.168
-43.43434343434343,3.030303030303031,-2324.3918
-41.41414141414141,3.030303030303031,-2840.6272
-39.39393939393939,3.030303030303031,-2494.901
-37.37373737373737,3.030303030303031,-2298.01
-35.35353535353535,3.030303030303031,-1943.604
-33.33333333333333,3.030303030303031,-1215.0948
-31.313131313131308,3.030303030303031,-1846.8577
-29.292929292929287,3.030303030303031,-1464.0759
-27.272727272727266,3.030303030303031,-2200.1277
-25.252525252525245,3.030303030303031,-1736.4502
-23.232323232323225,3.030303030303031,-1641.9268
-21.212121212121204,3.030303030303031,-476.64563
-19.191919191919183,3.030303030303031,-853.131
-17.171717171717162,3.030303030303031,-1202.4268
-15.151515151515142,3.030303030303031,-1250.61
-13.13131313131312,3.030303030303031,-1623.6173
-11.1111111111111,3.030303030303031,-1248.3025
-9.09090909090908,3.030303030303031,-771.27954
-7.0707070707070585,3.030303030303031,-949.04736
-5.050505050505038,3.030303030303031,-549.79456
-3.030303030303031,3.030303030303031,-1343.2971
-1.0101010101010104,3.030303030303031,-1734.9167
1.0101010101010104,3.030303030303031,-1176.6644
3.030303030303031,3.030303030303031,-817.1271
5.050505050505052,3.030303030303031,-916.34607
7.070707070707073,3.030303030303031,-844.6334
9.090909090909093,3.030303030303031,-927.10846
11.111111111111114,3.030303030303031,-1072.7006
13.131313131313135,3.030303030303031,-815.23865
15.151515151515156,3.030303030303031,-537.76447
17.171717171717177,3.030303030303031,-990.7143
19.191919191919197,3.030303030303031,-542.33514
21.212121212121218,3.030303030303031,-725.6328
23.23232323232324,3.030303030303031,-506.46927
25.25252525252526,3.030303030303031,-1441.4647
27.27272727272728,3.030303030303031,-1498.3832
29.2929292929293,3.030303030303031,-1937.9867
31.313131313131322,3.030303030303031,-1411.5173
33.33333333333334,3.030303030303031,813.5413
35.353535353535364,3.030303030303031,-1551.5891
37.373737373737384,3.030303030303031,-430.89505
39.393939393939405,3.030303030303031,-947.70953
41.414141414141426,3.030303030303031,-410.0424
43.43434343434345,3.030303030303031,-456.4574
45.45454545454547,3.030303030303031,-1903.7705
47.47474747474749,3.030303030303031,-2588.1494
49.49494949494951,3.030303030303031,-2270.2734
51.51515151515153,3.030303030303031,-2494.5469
53.53535353535355,3.030303030303031,-3335.9248
55.55555555555557,3.030303030303031,-3809.9504
57.57575757575759,3.030303030303031,-3667.4343
59.59595959595961,3.030303030303031,-3897.5684
61.616161616161634,3.030303030303031,-3217.0857
63.636363636363654,3.030303030303031,-4427.546
65.65656565656568,3.030303030303031,-4042.6418
67.6767676767677,3.030303030303031,-4086.7397
69.69696969696972,3.030303030303031,-4911.5835
71.71717171717174,3.030303030303031,-4940.1265
73.73737373737376,3.030303030303031,-5200.1694
75.75757575757578,3.030303030303031,-5853.3423
77.7777777777778,3.030303030303031,-6302.0337
79.79797979797982,3.030303030303031,-6438.424
81.81818181818184,3.030303030303031,-6112.916
83.83838383838386,3.030303030303031,-6978.152
85.85858585858588,3.030303030303031,-7962.871
87.8787878787879,3.030303030303031,-7025.9688
89.89898989898992,3.030303030303031,-7921.6675
91.91919191919195,3.030303030303031,-8377.242
93.93939393939394,3.030303030303031,-7104.72
95.95959595959596,3.030303030303031,-8224.723
97.97979797979798,3.030303030303031,-9017.566
100.0,3.030303030303031,-8639.74
-100.0,5.050505050505052,-8190.654
-97.97979797979798,5.050505050505052,-9205.053
-95.95959595959596,5.050505050505052,-7095.529
-93.93939393939394,5.050505050505052,-7039.279
-91.91919191919192,5.050505050505052,-7690.1133
-89.8989898989899,5.050505050505052,-8149.6333
-87.87878787878788,5.050505050505052,-6447.528
-85.85858585858585,5.050505050505052,-6107.2603
-83.83838383838383,5.050505050505052,-6017.6953
-81.81818181818181,5.050505050505052,-6295.98
-79.79797979797979,5.050505050505052,-6457.592
-77.77777777777777,5.050505050505052,-5896.326
-75.75757575757575,5.050505050505052,-5281.4414
-73.73737373737373,5.050505050505052,-5253.2944
-71.71717171717171,5.050505050505052,-5746.1562
-69.69696969696969,5.050505050505052,-6242.985
-67.67676767676767,5.050505050505052,-4798.515
-65.65656565656565,5.050505050505052,-4820.445
-63.63636363636363,5.050505050505052,-4355.612
-61.61616161616161,5.050505050505052,-3845.5527
-59.59595959595959,5.050505050505052,-3503.9785
-57.57575757575757,5.050505050505052,-3105.322
-55.55555555555555,5.050505050505052,-3027.3328
-53.53535353535353,5.050505050505052,-3491.019
-51.515151515151516,5.050505050505052,-2546.447
-49.494949494949495,5.050505050505052,-1885.392
-47.474747474747474,5.050505050505052,-2401.6409
-45.45454545454545,5.050505050505052,-2192.3918
-43.43434343434343,5.050505050505052,-1888.6162
-41.41414141414141,5.050505050505052,-2404.851
-39.39393939393939,5.050505050505052,-2059.1248
-37.37373737373737,5.050505050505052,-1862.2358
-35.35353535353535,5.050505050505052,-1507.8279
-33.33333333333333,5.050505050505052,-779.31866
-31.313131313131308,5.050505050505052,-1411.0815
-29.292929292929287,5.050505050505052,-1028.2998
-27.272727272727266,5.050505050505052,-1764.3531
-25.252525252525245,5.050505050505052,-1085.4738
-23.232323232323225,5.050505050505052,-757.2675
-21.212121212121204,5.050505050505052,-565.1485
-19.191919191919183,5.050505050505052,-129.73727
-17.171717171717162,5.050505050505052,-479.03308
-15.151515151515142,5.050505050505052,-527.2164
-13.13131313131312,5.050505050505052,-900.224
-11.1111111111111,5.050505050505052,-524.90894
-9.09090909090908,5.050505050505052,-47.88582
-7.0707070707070585,5.050505050505052,-225.65366
-5.050505050505038,5.050505050505052,173.59915
-3.030303030303031,5.050505050505052,-465.27344
-1.0101010101010104,5.050505050505052,-993.1333
1.0101010101010104,5.050505050505052,-361.8621
3.030303030303031,5.050505050505052,-215.98988
5.050505050505052,5.050505050505052,-315.2089
7.070707070707073,5.050505050505052,-243.49629
9.090909090909093,5.050505050505052,-325.97122
11.111111111111114,5.050505050505052,-471.5628
13.131313131313135,5.050505050505052,-214.10138
15.151515151515156,5.050505050505052,63.372665
17.171717171717177,5.050505050505052,-389.57724
19.191919191919197,5.050505050505052,-329.74472
21.212121212121218,5.050505050505052,-513.0424
23.23232323232324,5.050505050505052,-293.87885
25.25252525252526,5.050505050505052,-1228.8743
27.27272727272728,5.050505050505052,-1285.7926
29.2929292929293,5.050505050505052,-1725.3961
31.313131313131322,5.050505050505052,-1198.9269
33.33333333333334,5.050505050505052,-1056.1427
35.353535353535364,5.050505050505052,-2619.602
37.373737373737384,5.050505050505052,-1498.9092
39.393939393939405,5.050505050505052,-1589.8724
41.414141414141426,5.050505050505052,-1830.6687
43.43434343434345,5.050505050505052,-1877.084
45.45454545454547,5.050505050505052,-1760.6364
47.47474747474749,5.050505050505052,-2445.0156
49.49494949494951,5.050505050505052,-2454.7246
51.51515151515153,5.050505050505052,-2717.1653
53.53535353535355,5.050505050505052,-3767.203
55.55555555555557,5.050505050505052,-4724.3096
57.57575757575759,5.050505050505052,-4493.139
59.59595959595961,5.050505050505052,-4723.276
61.616161616161634,5.050505050505052,-3677.4775
63.636363636363654,5.050505050505052,-5112.8745
65.65656565656568,5.050505050505052,-4503.038
67.6767676767677,5.050505050505052,-4547.132
69.69696969696972,5.050505050505052,-5487.453
71.71717171717174,5.050505050505052,-5603.129
73.73737373737376,5.050505050505052,-5863.172
75.75757575757578,5.050505050505052,-6516.3447
77.7777777777778,5.050505050505052,-6790.7725
79.79797979797982,5.050505050505052,-6927.1626
81.81818181818184,5.050505050505052,-6601.655
83.83838383838386,5.050505050505052,-7466.8906
85.85858585858588,5.050505050505052,-8451.61
87.8787878787879,5.050505050505052,-7514.7075
89.89898989898992,5.050505050505052,-8410.406
91.91919191919195,5.050505050505052,-9025.848
93.93939393939394,5.050505050505052,-8442.872
95.95959595959596,5.050505050505052,-9804.7705
97.97979797979798,5.050505050505052,-9723.688
100.0,5.050505050505052,-9345.862
-100.0,7.070707070707073,-10536.882
-97.97979797979798,7.070707070707073,-11248.268
-95.95959595959596,7.070707070707073,-7590.658
-93.93939393939394,7.070707070707073,-8044.1577
-91.91919191919192,7.070707070707073,-9417.519
-89.8989898989899,7.070707070707073,-9877.037
-87.87878787878788,7.070707070707073,-7900.604
-85.85858585858585,7.070707070707073,-7405.4844
-83.83838383838383,7.070707070707073,-7315.9194
-81.81818181818181,7.070707070707073,-6044.573
-79.79797979797979,7.070707070707073,-6206.185
-77.77777777777777,7.070707070707073,-5636.363
-75.75757575757575,7.070707070707073,-5021.478
-73.73737373737373,7.070707070707073,-3611.5945
-71.71717171717171,7.070707070707073,-4760.0503
-69.69696969696969,7.070707070707073,-5819.4463
-67.67676767676767,7.070707070707073,-4374.9766
-65.65656565656565,7.070707070707073,-4396.9062
-63.63636363636363,7.070707070707073,-4171.8296
-61.61616161616161,7.070707070707073,-3661.77
-59.59595959595959,7.070707070707073,-3320.1958
-57.57575757575757,7.070707070707073,-2921.5393
-55.55555555555555,7.070707070707073,-2843.55
-53.53535353535353,7.070707070707073,-2520.7764
-51.515151515151516,7.070707070707073,-2362.6643
-49.494949494949495,7.070707070707073,-1701.6091
-47.474747474747474,7.070707070707073,-2217.8582
-45.45454545454545,7.070707070707073,-2008.6095
-43.43434343434343,7.070707070707073,-1704.8337
-41.41414141414141,7.070707070707073,-2221.068
-39.39393939393939,7.070707070707073,-1875.3431
-37.37373737373737,7.070707070707073,-1678.4534
-35.35353535353535,7.070707070707073,-1324.0454
-33.33333333333333,7.070707070707073,-595.5361
-31.313131313131308,7.070707070707073,-1227.2991
-29.292929292929287,7.070707070707073,-844.51733
-27.272727272727266,7.070707070707073,-1580.5707
-25.252525252525245,7.070707070707073,-622.3861
-23.232323232323225,7.070707070707073,-527.8623
-21.212121212121204,7.070707070707073,-242.98184
-19.191919191919183,7.070707070707073,192.42947
-17.171717171717162,7.070707070707073,-156.8663
-15.151515151515142,7.070707070707073,-205.0497
-13.13131313131312,7.070707070707073,-297.58133
-11.1111111111111,7.070707070707073,77.733444
-9.09090909090908,7.070707070707073,-121.32323
-7.0707070707070585,7.070707070707073,-143.48431
-5.050505050505038,7.070707070707073,255.76846
-3.030303030303031,7.070707070707073,73.62468
-1.0101010101010104,7.070707070707073,-454.23523
1.0101010101010104,7.070707070707073,-132.05574
3.030303030303031,7.070707070707073,13.816451
5.050505050505052,7.070707070707073,-85.4025
7.070707070707073,7.070707070707073,-13.689798
9.090909090909093,7.070707070707073,-96.16481
11.111111111111114,7.070707070707073,-241.75653
13.131313131313135,7.070707070707073,15.704948
15.151515151515156,7.070707070707073,-106.06467
17.171717171717177,7.070707070707073,-159.7708
19.191919191919197,7.070707070707073,-99.938255
21.212121212121218,7.070707070707073,-278.8509
23.23232323232324,7.070707070707073,-59.687336
25.25252525252526,7.070707070707073,-994.68317
27.27272727272728,7.070707070707073,-1051.6013
29.2929292929293,7.070707070707073,-1491.2047
31.313131313131322,7.070707070707073,-964.73566
33.33333333333334,7.070707070707073,-821.9513
35.353535353535364,7.070707070707073,-2510.9895
37.373737373737384,7.070707070707073,-1264.7178
39.393939393939405,7.070707070707073,-1355.681
41.414141414141426,7.070707070707073,-1596.4773
43.43434343434345,7.070707070707073,-1642.8926
45.45454545454547,7.070707070707073,-1526.445
47.47474747474749,7.070707070707073,-2210.8232
49.49494949494951,7.070707070707073,-2087.0962
51.51515151515153,7.070707070707073,-2625.2654
53.53535353535355,7.070707070707073,-3495.25
55.55555555555557,7.070707070707073,-4205.2485
57.57575757575759,7.070707070707073,-3936.9802
59.59595959595961,7.070707070707073,-4167.1167
61.616161616161634,7.070707070707073,-3234.0989
63.636363636363654,7.070707070707073,-4183.9873
65.65656565656568,7.070707070707073,-4059.6555
67.6767676767677,7.070707070707073,-4103.7544
69.69696969696972,7.070707070707073,-5044.0757
71.71717171717174,7.070707070707073,-5159.7515
73.73737373737376,7.070707070707073,-5419.7944
75.75757575757578,7.070707070707073,-6072.9673
77.7777777777778,7.070707070707073,-6347.395
79.79797979797982,7.070707070707073,-6483.785
81.81818181818184,7.070707070707073,-6158.2773
83.83838383838386,7.070707070707073,-7023.513
85.85858585858588,7.070707070707073,-8008.2324
87.8787878787879,7.070707070707073,-7071.33
89.89898989898992,7.070707070707073,-8116.123
91.91919191919195,7.070707070707073,-8731.5625
93.93939393939394,7.070707070707073,-8148.5894
95.95959595959596,7.070707070707073,-9510.487
97.97979797979798,7.070707070707073,-9429.405
100.0,7.070707070707073,-9334.454
-100.0,9.090909090909093,-7939.12
-97.97979797979798,9.090909090909093,-10142.839
-95.95959595959596,9.090909090909093,-8880.154
-93.93939393939394,9.090909090909093,-9022.667
-91.91919191919192,9.090909090909093,-9789.71
-89.8989898989899,9.090909090909093,-7457.6494
-87.87878787878788,9.090909090909093,-7947.46
-85.85858585858585,9.090909090909093,-7379.1553
-83.83838383838383,9.090909090909093,-7289.5903
-81.81818181818181,9.090909090909093,-5920.369
-79.79797979797979,9.090909090909093,-6179.856
-77.77777777777777,9.090909090909093,-5610.0337
-75.75757575757575,9.090909090909093,-4995.149
-73.73737373737373,9.090909090909093,-3351.7322
-71.71717171717171,9.090909090909093,-4500.188
-69.69696969696969,9.090909090909093,-5927.7583
-67.67676767676767,9.090909090909093,-4483.2886
-65.65656565656565,9.090909090909093,-4505.2183
-63.63636363636363,9.090909090909093,-4305.3594
-61.61616161616161,9.090909090909093,-3795.2996
-59.59595959595959,9.090909090909093,-3297.5093
-57.57575757575757,9.090909090909093,-3111.2922
-55.55555555555555,9.090909090909093,-3033.303
-53.53535353535353,9.090909090909093,-2710.5293
-51.515151515151516,9.090909090909093,-2552.4172
-49.494949494949495,9.090909090909093,-1891.3624
-47.474747474747474,9.090909090909093,-2407.611
-45.45454545454545,9.090909090909093,-2198.362
-43.43434343434343,9.090909090909093,-1894.5876
-41.41414141414141,9.090909090909093,-2410.8213
-39.39393939393939,9.090909090909093,-2315.6865
-37.37373737373737,9.090909090909093,-2118.7969
-35.35353535353535,9.090909090909093,-1764.39
-33.33333333333333,9.090909090909093,-1035.8811
-31.313131313131308,9.090909090909093,-668.3689
-29.292929292929287,9.090909090909093,-1863.6978
-27.272727272727266,9.090909090909093,-2599.7498
-25.252525252525245,9.090909090909093,-2183.658
-23.232323232323225,9.090909090909093,-2089.1345
-21.212121212121204,9.090909090909093,-1804.2556
-19.191919191919183,9.090909090909093,-1368.8444
-17.171717171717162,9.090909090909093,-503.98795
-15.151515151515142,9.090909090909093,-552.17145
-13.13131313131312,9.090909090909093,-853.705
-11.1111111111111,9.090909090909093,-269.38818
-9.09090909090908,9.090909090909093,-402.37567
-7.0707070707070585,9.090909090909093,-424.53674
-5.050505050505038,9.090909090909093,-25.283875
-3.030303030303031,9.090909090909093,-207.42763
-1.0101010101010104,9.090909090909093,-928.9026
1.0101010101010104,9.090909090909093,-406.21158
3.030303030303031,9.090909090909093,-260.33942
5.050505050505052,9.090909090909093,-359.5584
7.070707070707073,9.090909090909093,-287.8458
9.090909090909093,9.090909090909093,-370.32077
11.111111111111114,9.090909090909093,-515.9122
13.131313131313135,9.090909090909093,-258.4509
15.151515151515156,9.090909090909093,380.75214
17.171717171717177,9.090909090909093,-433.9267
19.191919191919197,9.090909090909093,-374.0942
21.212121212121218,9.090909090909093,-553.00653
23.23232323232324,9.090909090909093,-333.84317
25.25252525252526,9.090909090909093,-1018.3023
27.27272727272728,9.090909090909093,-1075.2206
29.2929292929293,9.090909090909093,-1514.8241
31.313131313131322,9.090909090909093,-1238.8912
33.33333333333334,9.090909090909093,-1096.107
35.353535353535364,9.090909090909093,-2785.1458
37.373737373737384,9.090909090909093,-1538.8738
39.393939393939405,9.090909090909093,-1483.6737
41.414141414141426,9.090909090909093,-1870.6333
43.43434343434345,9.090909090909093,-1917.0486
45.45454545454547,9.090909090909093,-1800.601
47.47474747474749,9.090909090909093,-2484.9797
49.49494949494951,9.090909090909093,-2361.252
51.51515151515153,9.090909090909093,-2899.4211
53.53535353535355,9.090909090909093,-3706.0771
55.55555555555557,9.090909090909093,-4798.385
57.57575757575759,9.090909090909093,-4530.115
59.59595959595961,9.090909090909093,-4760.2495
61.616161616161634,9.090909090909093,-3059.429
63.636363636363654,9.090909090909093,-3661.6458
65.65656565656568,9.090909090909093,-3884.985
67.6767676767677,9.090909090909093,-3929.0825
69.69696969696972,9.090909090909093,-5199.7686
71.71717171717174,9.090909090909093,-5315.4443
73.73737373737376,9.090909090909093,-5575.4873
75.75757575757578,9.090909090909093,-5681.1196
77.7777777777778,9.090909090909093,-5645.759
79.79797979797982,9.090909090909093,-6489.442
81.81818181818184,9.090909090909093,-6918.297
83.83838383838386,9.090909090909093,-7532.709
85.85858585858588,9.090909090909093,-8517.423
87.8787878787879,9.090909090909093,-5600.967
89.89898989898992,9.090909090909093,-5907.6294
91.91919191919195,9.090909090909093,-8999.218
93.93939393939394,9.090909090909093,-7923.961
95.95959595959596,9.090909090909093,-9285.86
97.97979797979798,9.090909090909093,-9142.587
100.0,9.090909090909093,-9397.297
-100.0,11.111111111111114,-8150.9985
-97.97979797979798,11.111111111111114,-10858.508
-95.95959595959596,11.111111111111114,-8606.396
-93.93939393939394,11.111111111111114,-10662.232
-91.91919191919192,11.111111111111114,-10082.076
-89.8989898989899,11.111111111111114,-7987.5938
-87.87878787878788,11.111111111111114,-8674.137
-85.85858585858585,11.111111111111114,-8105.8403
-83.83838383838383,11.111111111111114,-8016.2754
-81.81818181818181,11.111111111111114,-6647.054
-79.79797979797979,11.111111111111114,-6906.541
-77.77777777777777,11.111111111111114,-6296.806
-75.75757575757575,11.111111111111114,-5244.204
-73.73737373737373,11.111111111111114,-5813.0005
-71.71717171717171,11.111111111111114,-7097.2026
-69.69696969696969,11.111111111111114,-6149.0938
-67.67676767676767,11.111111111111114,-4686.484
-65.65656565656565,11.111111111111114,-4708.4136
-63.63636363636363,11.111111111111114,-4508.5547
-61.61616161616161,11.111111111111114,-3998.4956
-59.59595959595959,11.111111111111114,-3492.7239
-57.57575757575757,11.111111111111114,-3341.2822
-55.55555555555555,11.111111111111114,-3263.293
-53.53535353535353,11.111111111111114,-2940.5193
-51.515151515151516,11.111111111111114,-2782.4075
-49.494949494949495,11.111111111111114,-2121.3508
-47.474747474747474,11.111111111111114,-2637.601
-45.45454545454545,11.111111111111114,-2428.352
-43.43434343434343,11.111111111111114,-2124.5757
-41.41414141414141,11.111111111111114,-2640.8113
-39.39393939393939,11.111111111111114,-2276.6162
-37.37373737373737,11.111111111111114,-2079.7263
-35.35353535353535,11.111111111111114,-1725.3197
-33.33333333333333,11.111111111111114,-1243.0386
-31.313131313131308,11.111111111111114,-1491.8588
-29.292929292929287,11.111111111111114,-1109.0769
-27.272727272727266,11.111111111111114,-1713.2429
-25.252525252525245,11.111111111111114,-661.0356
-23.232323232323225,11.111111111111114,-566.51166
-21.212121212121204,11.111111111111114,-39.61919
-19.191919191919183,11.111111111111114,153.78004
-17.171717171717162,11.111111111111114,-195.51572
-15.151515151515142,11.111111111111114,-243.69908
-13.13131313131312,11.111111111111114,-776.74225
-11.1111111111111,11.111111111111114,-192.42538
-9.09090909090908,11.111111111111114,-253.99539
-7.0707070707070585,11.111111111111114,-276.15656
-5.050505050505038,11.111111111111114,123.09623
-3.030303030303031,11.111111111111114,-59.047447
-1.0101010101010104,11.111111111111114,-369.187
1.0101010101010104,11.111111111111114,-257.8315
3.030303030303031,11.111111111111114,-111.959274
5.050505050505052,11.111111111111114,-211.17828
7.070707070707073,11.111111111111114,-139.46568
9.090909090909093,11.111111111111114,-221.94069
11.111111111111114,11.111111111111114,-1030.5703
13.131313131313135,11.111111111111114,-773.10895
15.151515151515156,11.111111111111114,134.75479
17.171717171717177,11.111111111111114,-285.5465
19.191919191919197,11.111111111111114,-225.71408
21.212121212121218,11.111111111111114,-404.62665
23.23232323232324,11.111111111111114,-185.46301
25.25252525252526,11.111111111111114,-869.9226
27.27272727272728,11.111111111111114,-926.84045
29.2929292929293,11.111111111111114,-1366.444
31.313131313131322,11.111111111111114,-1090.5111
33.33333333333334,11.111111111111114,-947.7272
35.353535353535364,11.111111111111114,-1182.749
37.373737373737384,11.111111111111114,-1215.6879
39.393939393939405,11.111111111111114,-1335.2936
41.414141414141426,11.111111111111114,-1722.2532
43.43434343434345,11.111111111111114,-1768.6685
45.45454545454547,11.111111111111114,-1652.2208
47.47474747474749,11.111111111111114,-2336.5996
49.49494949494951,11.111111111111114,-2212.8718
51.51515151515153,11.111111111111114,-2751.041
53.53535353535355,11.111111111111114,-3868.0662
55.55555555555557,11.111111111111114,-4267.6963
57.57575757575759,11.111111111111114,-3999.4272
59.59595959595961,11.111111111111114,-4229.5635
61.616161616161634,11.111111111111114,-3296.546
63.636363636363654,11.111111111111114,-3898.764
65.65656565656568,11.111111111111114,-4122.104
67.6767676767677,11.111111111111114,-4646.3145
69.69696969696972,11.111111111111114,-5115.327
71.71717171717174,11.111111111111114,-5135.385
73.73737373737376,11.111111111111114,-5395.4277
75.75757575757578,11.111111111111114,-6048.6006
77.7777777777778,11.111111111111114,-6873.521
79.79797979797982,11.111111111111114,-6146.131
81.81818181818184,11.111111111111114,-6384.734
83.83838383838386,11.111111111111114,-6999.1465
85.85858585858588,11.111111111111114,-7983.8657
87.8787878787879,11.111111111111114,-7046.9634
89.89898989898992,11.111111111111114,-8402.765
91.91919191919195,11.111111111111114,-9040.224
93.93939393939394,11.111111111111114,-7376.6665
95.95959595959596,11.111111111111114,-8925.842
97.97979797979798,11.111111111111114,-8782.568
100.0,11.111111111111114,-9782.32
-100.0,13.131313131313135,-10198.502
-97.97979797979798,13.131313131313135,-8756.342
-95.95959595959596,13.131313131313135,-10164.877
-93.93939393939394,13.131313131313135,-10763.253
-91.91919191919192,13.131313131313135,-10183.097
-89.8989898989899,13.131313131313135,-8088.614
-87.87878787878788,13.131313131313135,-8775.157
-85.85858585858585,13.131313131313135,-8041.2944
-83.83838383838383,13.131313131313135,-7951.7295
-81.81818181818181,13.131313131313135,-6582.5083
-79.79797979797979,13.131313131313135,-6841.995
-77.77777777777777,13.131313131313135,-6232.2603
-75.75757575757575,13.131313131313135,-5179.658
-73.73737373737373,13.131313131313135,-5147.465
-71.71717171717171,13.131313131313135,-6091.6807
-69.69696969696969,13.131313131313135,-6084.548
-67.67676767676767,13.131313131313135,-4621.938
-65.65656565656565,13.131313131313135,-4643.8677
-63.63636363636363,13.131313131313135,-4444.009
-61.61616161616161,13.131313131313135,-3933.9495
-59.59595959595959,13.131313131313135,-3428.1777
-57.57575757575757,13.131313131313135,-3276.736
-55.55555555555555,13.131313131313135,-3198.7468
-53.53535353535353,13.131313131313135,-2875.9731
-51.515151515151516,13.131313131313135,-2717.8613
-49.494949494949495,13.131313131313135,-2056.805
-47.474747474747474,13.131313131313135,-2573.055
-45.45454545454545,13.131313131313135,-2363.806
-43.43434343434343,13.131313131313135,-2060.0303
-41.41414141414141,13.131313131313135,-2576.2651
-39.39393939393939,13.131313131313135,-2212.07
-37.37373737373737,13.131313131313135,-2015.1818
-35.35353535353535,13.131313131313135,-1660.7738
-33.33333333333333,13.131313131313135,-1178.4927
-31.313131313131308,13.131313131313135,-1427.3129
-29.292929292929287,13.131313131313135,-1044.531
-27.272727272727266,13.131313131313135,-1741.1161
-25.252525252525245,13.131313131313135,-688.90875
-23.232323232323225,13.131313131313135,-594.3848
-21.212121212121204,13.131313131313135,-67.49235
-19.191919191919183,13.131313131313135,125.90692
-17.171717171717162,13.131313131313135,-223.38889
-15.151515151515142,13.131313131313135,-271.57227
-13.13131313131312,13.131313131313135,-804.6154
-11.1111111111111,13.131313131313135,-220.29855
-9.09090909090908,13.131313131313135,-281.8686
-7.0707070707070585,13.131313131313135,-304.02972
-5.050505050505038,13.131313131313135,95.223076
-3.030303030303031,13.131313131313135,-86.92063
-1.0101010101010104,13.131313131313135,-85.92942
1.0101010101010104,13.131313131313135,-285.70468
3.030303030303031,13.131313131313135,-139.83249
5.050505050505052,13.131313131313135,-239.05145
7.070707070707073,13.131313131313135,-167.33885
9.090909090909093,13.131313131313135,-249.81386
11.111111111111114,13.131313131313135,248.07205
13.131313131313135,13.131313131313135,505.53354
15.151515151515156,13.131313131313135,106.88167
17.171717171717177,13.131313131313135,-313.41968
19.191919191919197,13.131313131313135,-253.58725
21.212121212121218,13.131313131313135,-432.49982
23.23232323232324,13.131313131313135,-213.33618
25.25252525252526,13.131313131313135,-897.79584
27.27272727272728,13.131313131313135,-954.7137
29.2929292929293,13.131313131313135,-1394.3171
31.313131313131322,13.131313131313135,-1118.3843
33.33333333333334,13.131313131313135,-975.60034
35.353535353535364,13.131313131313135,-1210.6222
37.373737373737384,13.131313131313135,-1243.561
39.393939393939405,13.131313131313135,-1363.1667
41.414141414141426,13.131313131313135,-1750.1263
43.43434343434345,13.131313131313135,-1905.1389
45.45454545454547,13.131313131313135,-1788.6913
47.47474747474749,13.131313131313135,-2473.0698
49.49494949494951,13.131313131313135,-2349.342
51.51515151515153,13.131313131313135,-2887.5112
53.53535353535355,13.131313131313135,-3648.0762
55.55555555555557,13.131313131313135,-4454.87
57.57575757575759,13.131313131313135,-4186.6016
59.59595959595961,13.131313131313135,-4416.7373
61.616161616161634,13.131313131313135,-3324.419
63.636363636363654,13.131313131313135,-3926.637
65.65656565656568,13.131313131313135,-3733.9294
67.6767676767677,13.131313131313135,-4115.295
69.69696969696972,13.131313131313135,-5143.2
71.71717171717174,13.131313131313135,-5522.907
73.73737373737376,13.131313131313135,-5782.95
75.75757575757578,13.131313131313135,-6359.4194
77.7777777777778,13.131313131313135,-4671.748
79.79797979797982,13.131313131313135,-6087.3413
81.81818181818184,13.131313131313135,-6325.9443
83.83838383838386,13.131313131313135,-6940.357
85.85858585858588,13.131313131313135,-7925.076
87.8787878787879,13.131313131313135,-6853.204
89.89898989898992,13.131313131313135,-8343.974
91.91919191919195,13.131313131313135,-8981.434
93.93939393939394,13.131313131313135,-7391.047
95.95959595959596,13.131313131313135,-9346.342
97.97979797979798,13.131313131313135,-9000.815
100.0,13.131313131313135,-10310.939
-100.0,15.151515151515156,-10997.66
-97.97979797979798,15.151515151515156,-8687.98
-95.95959595959596,15.151515151515156,-8919.607
-93.93939393939394,15.151515151515156,-8927.634
-91.91919191919192,15.151515151515156,-8784.972
-89.8989898989899,15.151515151515156,-6847.7837
-87.87878787878788,15.151515151515156,-8347.0
-85.85858585858585,15.151515151515156,-7873.2773
-83.83838383838383,15.151515151515156,-7783.7124
-81.81818181818181,15.151515151515156,-6414.491
-79.79797979797979,15.151515151515156,-6673.978
-77.77777777777777,15.151515151515156,-6064.243
-75.75757575757575,15.151515151515156,-5011.641
-73.73737373737373,15.151515151515156,-5262.6973
-71.71717171717171,15.151515151515156,-5966.307
-69.69696969696969,15.151515151515156,-6045.8896
-67.67676767676767,15.151515151515156,-4583.28
-65.65656565656565,15.151515151515156,-4605.2095
-63.63636363636363,15.151515151515156,-4513.056
-61.61616161616161,15.151515151515156,-3979.202
-59.59595959595959,15.151515151515156,-3473.4302
-57.57575757575757,15.151515151515156,-3321.9885
-55.55555555555555,15.151515151515156,-3243.9993
-53.53535353535353,15.151515151515156,-2738.0457
-51.515151515151516,15.151515151515156,-2579.9338
-49.494949494949495,15.151515151515156,-1918.879
-47.474747474747474,15.151515151515156,-2435.1274
-45.45454545454545,15.151515151515156,-2225.8784
-43.43434343434343,15.151515151515156,-1922.1038
-41.41414141414141,15.151515151515156,-2438.3376
-39.39393939393939,15.151515151515156,-2074.1426
-37.37373737373737,15.151515151515156,-1877.2544
-35.35353535353535,15.151515151515156,-1522.8464
-33.33333333333333,15.151515151515156,-1074.0409
-31.313131313131308,15.151515151515156,-1322.8611
-29.292929292929287,15.151515151515156,-940.079
-27.272727272727266,15.151515151515156,-1636.6643
-25.252525252525245,15.151515151515156,-584.45703
-23.232323232323225,15.151515151515156,-326.3909
-21.212121212121204,15.151515151515156,36.9594
-19.191919191919183,15.151515151515156,230.35864
-17.171717171717162,15.151515151515156,-118.93705
-15.151515151515142,15.151515151515156,-167.1205
-13.13131313131312,15.151515151515156,-700.16364
-11.1111111111111,15.151515151515156,-115.84679
-9.09090909090908,15.151515151515156,-177.41681
-7.0707070707070585,15.151515151515156,-150.1759
-5.050505050505038,15.151515151515156,249.07684
-3.030303030303031,15.151515151515156,66.93318
-1.0101010101010104,15.151515151515156,67.92433
1.0101010101010104,15.151515151515156,-131.85086
3.030303030303031,15.151515151515156,14.021293
5.050505050505052,15.151515151515156,-85.19763
7.070707070707073,15.151515151515156,-13.485025
9.090909090909093,15.151515151515156,-95.96
11.111111111111114,15.151515151515156,-340.56003
13.131313131313135,15.151515151515156,-83.09849
15.151515151515156,15.151515151515156,260.7354
17.171717171717177,15.151515151515156,-159.56595
19.191919191919197,15.151515151515156,-99.73343
21.212121212121218,15.151515151515156,-278.64606
23.23232323232324,15.151515151515156,-59.482426
25.25252525252526,15.151515151515156,-886.5621
27.27272727272728,15.151515151515156,-943.48
29.2929292929293,15.151515151515156,-1383.0835
31.313131313131322,15.151515151515156,-964.53076
33.33333333333334,15.151515151515156,-821.7466
35.353535353535364,15.151515151515156,-1056.7684
37.373737373737384,15.151515151515156,-1089.7073
39.393939393939405,15.151515151515156,-1209.313
41.414141414141426,15.151515151515156,-1596.2726
43.43434343434345,15.151515151515156,-1751.2852
45.45454545454547,15.151515151515156,-1634.8375
47.47474747474749,15.151515151515156,-2319.2163
49.49494949494951,15.151515151515156,-2195.4885
51.51515151515153,15.151515151515156,-2733.6577
53.53535353535355,15.151515151515156,-3494.2227
55.55555555555557,15.151515151515156,-4301.016
57.57575757575759,15.151515151515156,-4032.7476
59.59595959595961,15.151515151515156,-4262.882
61.616161616161634,15.151515151515156,-3170.5654
63.636363636363654,15.151515151515156,-3772.7834
65.65656565656568,15.151515151515156,-3919.6309
67.6767676767677,15.151515151515156,-3961.4412
69.69696969696972,15.151515151515156,-4989.3467
71.71717171717174,15.151515151515156,-5009.4043
73.73737373737376,15.151515151515156,-5269.4473
75.75757575757578,15.151515151515156,-5845.9165
77.7777777777778,15.151515151515156,-6231.3604
79.79797979797982,15.151515151515156,-6013.3066
81.81818181818184,15.151515151515156,-5261.7944
83.83838383838386,15.151515151515156,-8579.697
85.85858585858588,15.151515151515156,-8920.789
87.8787878787879,15.151515151515156,-6911.1543
89.89898989898992,15.151515151515156,-8163.497
91.91919191919195,15.151515151515156,-8800.953
93.93939393939394,15.151515151515156,-8107.5913
95.95959595959596,15.151515151515156,-10062.885
97.97979797979798,15.151515151515156,-9717.358
100.0,15.151515151515156,-12015.092
-100.0,17.171717171717177,-10099.869
-97.97979797979798,17.171717171717177,-9375.918
-95.95959595959596,17.171717171717177,-8243.571
-93.93939393939394,17.171717171717177,-8985.829
-91.91919191919192,17.171717171717177,-8843.167
-89.8989898989899,17.171717171717177,-6905.979
-87.87878787878788,17.171717171717177,-8405.191
-85.85858585858585,17.171717171717177,-7931.472
-83.83838383838383,17.171717171717177,-7841.907
-81.81818181818181,17.171717171717177,-6472.686
-79.79797979797979,17.171717171717177,-6732.173
-77.77777777777777,17.171717171717177,-6122.438
-75.75757575757575,17.171717171717177,-5128.2
-73.73737373737373,17.171717171717177,-5379.2563
-71.71717171717171,17.171717171717177,-6082.866
-69.69696969696969,17.171717171717177,-6162.4487
-67.67676767676767,17.171717171717177,-4699.839
-65.65656565656565,17.171717171717177,-4721.7686
-63.63636363636363,17.171717171717177,-4686.34
-61.61616161616161,17.171717171717177,-4340.2925
-59.59595959595959,17.171717171717177,-3834.5127
-57.57575757575757,17.171717171717177,-3713.6829
-55.55555555555555,17.171717171717177,-3635.6936
-53.53535353535353,17.171717171717177,-3848.8123
-51.515151515151516,17.171717171717177,-2971.6282
-49.494949494949495,17.171717171717177,-2546.8298
-47.474747474747474,17.171717171717177,-2826.8218
-45.45454545454545,17.171717171717177,-2617.5728
-43.43434343434343,17.171717171717177,-2313.7964
-41.41414141414141,17.171717171717177,-2830.032
-39.39393939393939,17.171717171717177,-2465.837
-37.37373737373737,17.171717171717177,-2268.947
-35.35353535353535,17.171717171717177,-2158.391
-33.33333333333333,17.171717171717177,-1709.5873
-31.313131313131308,17.171717171717177,-1958.4078
-29.292929292929287,17.171717171717177,-1575.626
-27.272727272727266,17.171717171717177,-2272.209
-25.252525252525245,17.171717171717177,-1603.9312
-23.232323232323225,17.171717171717177,-1345.8656
-21.212121212121204,17.171717171717177,-1130.6582
-19.191919191919183,17.171717171717177,-781.64136
-17.171717171717162,17.171717171717177,-1130.9368
-15.151515151515142,17.171717171717177,-1179.12
-13.13131313131312,17.171717171717177,-1480.654
-11.1111111111111,17.171717171717177,-380.16443
-9.09090909090908,17.171717171717177,-230.62425
-7.0707070707070585,17.171717171717177,-203.38335
-5.050505050505038,17.171717171717177,195.86932
-3.030303030303031,17.171717171717177,13.725735
-1.0101010101010104,17.171717171717177,14.716875
1.0101010101010104,17.171717171717177,-185.05829
3.030303030303031,17.171717171717177,-39.18609
5.050505050505052,17.171717171717177,-138.40512
7.070707070707073,17.171717171717177,-66.69247
9.090909090909093,17.171717171717177,-149.1675
11.111111111111114,17.171717171717177,-393.7675
13.131313131313135,17.171717171717177,137.34697
15.151515151515156,17.171717171717177,481.18076
17.171717171717177,17.171717171717177,36.131615
19.191919191919197,17.171717171717177,95.96408
21.212121212121218,17.171717171717177,-82.94849
23.23232323232324,17.171717171717177,136.215
25.25252525252526,17.171717171717177,-964.5172
27.27272727272728,17.171717171717177,-1021.4354
29.2929292929293,17.171717171717177,-1461.0391
31.313131313131322,17.171717171717177,-1042.4861
33.33333333333334,17.171717171717177,-899.7018
35.353535353535364,17.171717171717177,-1115.1891
37.373737373737384,17.171717171717177,-1148.1279
39.393939393939405,17.171717171717177,-1267.7336
41.414141414141426,17.171717171717177,-1859.5504
43.43434343434345,17.171717171717177,-2014.5625
45.45454545454547,17.171717171717177,-1951.691
47.47474747474749,17.171717171717177,-2636.0693
49.49494949494951,17.171717171717177,-2512.3416
51.51515151515153,17.171717171717177,-3156.4175
53.53535353535355,17.171717171717177,-3975.6746
55.55555555555557,17.171717171717177,-4782.4717
57.57575757575759,17.171717171717177,-4514.203
59.59595959595961,17.171717171717177,-4744.338
61.616161616161634,17.171717171717177,-3652.0173
63.636363636363654,17.171717171717177,-4254.24
65.65656565656568,17.171717171717177,-4401.0874
67.6767676767677,17.171717171717177,-4649.2964
69.69696969696972,17.171717171717177,-5470.799
71.71717171717174,17.171717171717177,-5490.8564
73.73737373737376,17.171717171717177,-5750.8994
75.75757575757578,17.171717171717177,-6270.644
77.7777777777778,17.171717171717177,-6068.337
79.79797979797982,17.171717171717177,-6320.1885
81.81818181818184,17.171717171717177,-5532.0273
83.83838383838386,17.171717171717177,-8849.932
85.85858585858588,17.171717171717177,-9191.022
87.8787878787879,17.171717171717177,-7247.811
89.89898989898992,17.171717171717177,-8500.156
91.91919191919195,17.171717171717177,-8844.851
93.93939393939394,17.171717171717177,-8411.258
95.95959595959596,17.171717171717177,-10366.553
97.97979797979798,17.171717171717177,-10021.026
100.0,17.171717171717177,-11856.705
-100.0,19.191919191919197,-8933.06
-97.97979797979798,19.191919191919197,-7197.513
-95.95959595959596,19.191919191919197,-7624.0483
-93.93939393939394,19.191919191919197,-9404.274
-91.91919191919192,19.191919191919197,-8092.6846
-89.8989898989899,19.191919191919197,-6327.6294
-87.87878787878788,19.191919191919197,-8361.905
-85.85858585858585,19.191919191919197,-7888.186
-83.83838383838383,19.191919191919197,-7798.621
-81.81818181818181,19.191919191919197,-6429.4
-79.79797979797979,19.191919191919197,-6779.7686
-77.77777777777777,19.191919191919197,-6317.825
-75.75757575757575,19.191919191919197,-5653.7075
-73.73737373737373,19.191919191919197,-4734.477
-71.71717171717171,19.191919191919197,-5438.087
-69.69696969696969,19.191919191919197,-6038.3174
-67.67676767676767,19.191919191919197,-4848.3223
-65.65656565656565,19.191919191919197,-4870.252
-63.63636363636363,19.191919191919197,-4469.0537
-61.61616161616161,19.191919191919197,-3988.0498
-59.59595959595959,19.191919191919197,-3482.2778
-57.57575757575757,19.191919191919197,-3443.7893
-55.55555555555555,19.191919191919197,-3365.8
-53.53535353535353,19.191919191919197,-3762.0986
-51.515151515151516,19.191919191919197,-2884.9146
-49.494949494949495,19.191919191919197,-2460.1162
-47.474747474747474,19.191919191919197,-2740.1082
-45.45454545454545,19.191919191919197,-2530.8591
-43.43434343434343,19.191919191919197,-2227.083
-41.41414141414141,19.191919191919197,-2743.3184
-39.39393939393939,19.191919191919197,-2379.1233
-37.37373737373737,19.191919191919197,-2182.2334
-35.35353535353535,19.191919191919197,-1827.8271
-33.33333333333333,19.191919191919197,-1503.0471
-31.313131313131308,19.191919191919197,-1751.8677
-29.292929292929287,19.191919191919197,-1369.0858
-27.272727272727266,19.191919191919197,-2065.669
-25.252525252525245,19.191919191919197,-1318.9425
-23.232323232323225,19.191919191919197,-946.57526
-21.212121212121204,19.191919191919197,-845.67
-19.191919191919183,19.191919191919197,-571.34973
-17.171717171717162,19.191919191919197,-815.3393
-15.151515151515142,19.191919191919197,-863.5226
-13.13131313131312,19.191919191919197,-884.7493
-11.1111111111111,19.191919191919197,-580.7394
-9.09090909090908,19.191919191919197,-726.6319
-7.0707070707070585,19.191919191919197,-819.8546
-5.050505050505038,19.191919191919197,-420.60187
-3.030303030303031,19.191919191919197,-602.7455
-1.0101010101010104,19.191919191919197,-1397.7909
1.0101010101010104,19.191919191919197,-801.5295
3.030303030303031,19.191919191919197,-655.6573
5.050505050505052,19.191919191919197,-754.8763
7.070707070707073,19.191919191919197,-683.1636
9.090909090909093,19.191919191919197,-765.63873
11.111111111111114,19.191919191919197,-1010.2387
13.131313131313135,19.191919191919197,-882.2065
15.151515151515156,19.191919191919197,-538.37256
17.171717171717177,19.191919191919197,-1331.9459
19.191919191919197,19.191919191919197,-1266.2426
21.212121212121218,19.191919191919197,-1445.1554
23.23232323232324,19.191919191919197,-1635.0695
25.25252525252526,19.191919191919197,-1430.0266
27.27272727272728,19.191919191919197,-1486.9453
29.2929292929293,19.191919191919197,-1926.5488
31.313131313131322,19.191919191919197,-1507.9957
33.33333333333334,19.191919191919197,-1365.2117
35.353535353535364,19.191919191919197,-1580.6981
37.373737373737384,19.191919191919197,-1613.637
39.393939393939405,19.191919191919197,-1733.2427
41.414141414141426,19.191919191919197,-2094.2478
43.43434343434345,19.191919191919197,-2249.2612
45.45454545454547,19.191919191919197,-1559.8911
47.47474747474749,19.191919191919197,-2244.2698
49.49494949494951,19.191919191919197,-2253.9788
51.51515151515153,19.191919191919197,-2133.836
53.53535353535355,19.191919191919197,-2869.6543
55.55555555555557,19.191919191919197,-2621.0164
57.57575757575759,19.191919191919197,-2276.5283
59.59595959595961,19.191919191919197,-3437.4592
61.616161616161634,19.191919191919197,-3146.0264
63.636363636363654,19.191919191919197,-3668.9492
65.65656565656568,19.191919191919197,-3815.7966
67.6767676767677,19.191919191919197,-4064.006
69.69696969696972,19.191919191919197,-4885.5117
71.71717171717174,19.191919191919197,-4905.5693
73.73737373737376,19.191919191919197,-5165.6123
75.75757575757578,19.191919191919197,-5685.357
77.7777777777778,19.191919191919197,-5509.6934
79.79797979797982,19.191919191919197,-5900.286
81.81818181818184,19.191919191919197,-5871.5903
83.83838383838386,19.191919191919197,-7064.3657
85.85858585858588,19.191919191919197,-6565.7886
87.8787878787879,19.191919191919197,-6563.196
89.89898989898992,19.191919191919197,-8003.448
91.91919191919195,19.191919191919197,-9306.034
93.93939393939394,19.191919191919197,-8981.063
95.95959595959596,19.191919191919197,-13005.154
97.97979797979798,19.191919191919197,-10088.628
100.0,19.191919191919197,-10855.387
-100.0,21.212121212121218,-9444.419
-97.97979797979798,21.212121212121218,-8262.847
-95.95959595959596,21.212121212121218,-7730.933
-93.93939393939394,21.212121212121218,-9010.359
-91.91919191919192,21.212121212121218,-8698.172
-89.8989898989899,21.212121212121218,-6657.9473
-87.87878787878788,21.212121212121218,-7726.351
-85.85858585858585,21.212121212121218,-7252.6255
-83.83838383838383,21.212121212121218,-7163.0605
-81.81818181818181,21.212121212121218,-5793.8394
-79.79797979797979,21.212121212121218,-5838.6714
-77.77777777777777,21.212121212121218,-5376.728
-75.75757575757575,21.212121212121218,-4712.6104
-73.73737373737373,21.212121212121218,-4633.5464
-71.71717171717171,21.212121212121218,-5337.1562
-69.69696969696969,21.212121212121218,-5333.3965
-67.67676767676767,21.212121212121218,-4143.4014
-65.65656565656565,21.212121212121218,-4165.331
-63.63636363636363,21.212121212121218,-3393.7817
-61.61616161616161,21.212121212121218,-2912.7842
-59.59595959595959,21.212121212121218,-895.3784
-57.57575757575757,21.212121212121218,-2173.3093
-55.55555555555555,21.212121212121218,-2095.32
-53.53535353535353,21.212121212121218,-2817.0232
-51.515151515151516,21.212121212121218,-1939.8402
-49.494949494949495,21.212121212121218,-1515.0421
-47.474747474747474,21.212121212121218,-1795.0336
-45.45454545454545,21.212121212121218,-1585.7845
-43.43434343434343,21.212121212121218,-1282.0084
-41.41414141414141,21.212121212121218,-1798.2439
-39.39393939393939,21.212121212121218,-1434.049
-37.37373737373737,21.212121212121218,-2104.9817
-35.35353535353535,21.212121212121218,-1750.5752
-33.33333333333333,21.212121212121218,-1617.1462
-31.313131313131308,21.212121212121218,-1865.9668
-29.292929292929287,21.212121212121218,-1483.1849
-27.272727272727266,21.212121212121218,-2179.768
-25.252525252525245,21.212121212121218,-1433.0416
-23.232323232323225,21.212121212121218,-1060.6747
-21.212121212121204,21.212121212121218,-959.76917
-19.191919191919183,21.212121212121218,-685.449
-17.171717171717162,21.212121212121218,-929.4385
-15.151515151515142,21.212121212121218,-977.62177
-13.13131313131312,21.212121212121218,-998.84845
-11.1111111111111,21.212121212121218,-694.83856
-9.09090909090908,21.212121212121218,-840.7311
-7.0707070707070585,21.212121212121218,-862.89215
-5.050505050505038,21.212121212121218,-768.12134
-3.030303030303031,21.212121212121218,-645.7831
-1.0101010101010104,21.212121212121218,-992.34766
1.0101010101010104,21.212121212121218,-844.567
3.030303030303031,21.212121212121218,-698.6948
5.050505050505052,21.212121212121218,-797.9138
7.070707070707073,21.212121212121218,-726.2011
9.090909090909093,21.212121212121218,-808.6763
11.111111111111114,21.212121212121218,-1053.2761
13.131313131313135,21.212121212121218,-925.244
15.151515151515156,21.212121212121218,-581.41
17.171717171717177,21.212121212121218,-1026.4597
19.191919191919197,21.212121212121218,-960.75635
21.212121212121218,21.212121212121218,-1139.6692
23.23232323232324,21.212121212121218,-1329.583
25.25252525252526,21.212121212121218,-1641.6722
27.27272727272728,21.212121212121218,-1698.591
29.2929292929293,21.212121212121218,-2138.1936
31.313131313131322,21.212121212121218,-1719.6414
33.33333333333334,21.212121212121218,-1576.8572
35.353535353535364,21.212121212121218,-1792.344
37.373737373737384,21.212121212121218,-1825.2828
39.393939393939405,21.212121212121218,-1944.8885
41.414141414141426,21.212121212121218,-2305.8938
43.43434343434345,21.212121212121218,-2460.907
45.45454545454547,21.212121212121218,-2308.116
47.47474747474749,21.212121212121218,-2938.0662
49.49494949494951,21.212121212121218,-2947.7751
51.51515151515153,21.212121212121218,-2827.6323
53.53535353535355,21.212121212121218,-3563.4507
55.55555555555557,21.212121212121218,-3689.6606
57.57575757575759,21.212121212121218,-3345.1724
59.59595959595961,21.212121212121218,-3717.432
61.616161616161634,21.212121212121218,-3425.999
63.636363636363654,21.212121212121218,-4039.5425
65.65656565656568,21.212121212121218,-4186.3936
67.6767676767677,21.212121212121218,-4434.6025
69.69696969696972,21.212121212121218,-5256.105
71.71717171717174,21.212121212121218,-5276.1626
73.73737373737376,21.212121212121218,-5536.2056
75.75757575757578,21.212121212121218,-6055.95
77.7777777777778,21.212121212121218,-5880.2866
79.79797979797982,21.212121212121218,-6271.819
81.81818181818184,21.212121212121218,-6083.4263
83.83838383838386,21.212121212121218,-7276.2017
85.85858585858588,21.212121212121218,-7476.3003
87.8787878787879,21.212121212121218,-6790.152
89.89898989898992,21.212121212121218,-8230.405
91.91919191919195,21.212121212121218,-8466.821
93.93939393939394,21.212121212121218,-8141.852
95.95959595959596,21.212121212121218,-11437.902
97.97979797979798,21.212121212121218,-9749.719
100.0,21.212121212121218,-11136.113
-100.0,23.23232323232324,-11176.288
-97.97979797979798,23.23232323232324,-10537.981
-95.95959595959596,23.23232323232324,-10189.729
-93.93939393939394,23.23232323232324,-11594.867
-91.91919191919192,23.23232323232324,-10703.094
-89.8989898989899,23.23232323232324,-8723.217
-87.87878787878788,23.23232323232324,-9457.463
-85.85858585858585,23.23232323232324,-8847.856
-83.83838383838383,23.23232323232324,-8758.291
-81.81818181818181,23.23232323232324,-7389.077
-79.79797979797979,23.23232323232324,-7595.5596
-77.77777777777777,23.23232323232324,-6668.369
-75.75757575757575,23.23232323232324,-5889.475
-73.73737373737373,23.23232323232324,-5643.078
-71.71717171717171,23.23232323232324,-6346.688
-69.69696969696969,23.23232323232324,-6342.928
-67.67676767676767,23.23232323232324,-5382.6055
-65.65656565656565,23.23232323232324,-5387.822
-63.63636363636363,23.23232323232324,-4929.9263
-61.61616161616161,23.23232323232324,-4448.928
-59.59595959595959,23.23232323232324,-2224.5469
-57.57575757575757,23.23232323232324,-3502.478
-55.55555555555555,23.23232323232324,-3175.2632
-53.53535353535353,23.23232323232324,-3896.9663
-51.515151515151516,23.23232323232324,-3019.7822
-49.494949494949495,23.23232323232324,-2594.984
-47.474747474747474,23.23232323232324,-2869.7637
-45.45454545454545,23.23232323232324,-2660.5146
-43.43434343434343,23.23232323232324,-2356.7385
-41.41414141414141,23.23232323232324,-2872.9739
-39.39393939393939,23.23232323232324,-2478.838
-37.37373737373737,23.23232323232324,-2281.948
-35.35353535353535,23.23232323232324,-1927.542
-33.33333333333333,23.23232323232324,-1678.0658
-31.313131313131308,23.23232323232324,-1926.8864
-29.292929292929287,23.23232323232324,-1498.846
-27.272727272727266,23.23232323232324,-2195.4294
-25.252525252525245,23.23232323232324,-1448.7029
-23.232323232323225,23.23232323232324,-1138.6184
-21.212121212121204,23.23232323232324,-1136.8784
-19.191919191919183,23.23232323232324,-836.4752
-17.171717171717162,23.23232323232324,-1080.4645
-15.151515151515142,23.23232323232324,-1128.6477
-13.13131313131312,23.23232323232324,-1175.4187
-11.1111111111111,23.23232323232324,-871.4088
-9.09090909090908,23.23232323232324,-1017.3014
-7.0707070707070585,23.23232323232324,-1039.4624
-5.050505050505038,23.23232323232324,-944.6917
-3.030303030303031,23.23232323232324,-822.3535
-1.0101010101010104,23.23232323232324,-1168.9183
1.0101010101010104,23.23232323232324,-1021.1379
3.030303030303031,23.23232323232324,-875.2653
5.050505050505052,23.23232323232324,-974.48425
7.070707070707073,23.23232323232324,-902.77167
9.090909090909093,23.23232323232324,-985.24664
11.111111111111114,23.23232323232324,-1229.8472
13.131313131313135,23.23232323232324,-977.60175
15.151515151515156,23.23232323232324,-633.7675
17.171717171717177,23.23232323232324,-1078.8173
19.191919191919197,23.23232323232324,-1013.1137
21.212121212121218,23.23232323232324,-1192.0265
23.23232323232324,23.23232323232324,-1381.9406
25.25252525252526,23.23232323232324,-1924.9645
27.27272727272728,23.23232323232324,-1981.883
29.2929292929293,23.23232323232324,-2421.4849
31.313131313131322,23.23232323232324,-1896.2122
33.33333333333334,23.23232323232324,-1753.428
35.353535353535364,23.23232323232324,-1968.9158
37.373737373737384,23.23232323232324,-2001.8536
39.393939393939405,23.23232323232324,-2121.4585
41.414141414141426,23.23232323232324,-2482.4639
43.43434343434345,23.23232323232324,-2590.669
45.45454545454547,23.23232323232324,-2437.878
47.47474747474749,23.23232323232324,-3000.5962
49.49494949494951,23.23232323232324,-3010.3054
51.51515151515153,23.23232323232324,-2975.2388
53.53535353535355,23.23232323232324,-3610.5432
55.55555555555557,23.23232323232324,-3736.7534
57.57575757575759,23.23232323232324,-3392.2651
59.59595959595961,23.23232323232324,-3576.1167
61.616161616161634,23.23232323232324,-3473.0918
63.636363636363654,23.23232323232324,-4223.6
65.65656565656568,23.23232323232324,-4233.4863
67.6767676767677,23.23232323232324,-4481.6953
69.69696969696972,23.23232323232324,-5303.1978
71.71717171717174,23.23232323232324,-5323.2554
73.73737373737376,23.23232323232324,-5679.9375
75.75757575757578,23.23232323232324,-6199.682
77.7777777777778,23.23232323232324,-6078.7656
79.79797979797982,23.23232323232324,-6470.2974
81.81818181818184,23.23232323232324,-6441.602
83.83838383838386,23.23232323232324,-7569.4663
85.85858585858588,23.23232323232324,-7769.565
87.8787878787879,23.23232323232324,-7083.4165
89.89898989898992,23.23232323232324,-8270.785
91.91919191919195,23.23232323232324,-8507.203
93.93939393939394,23.23232323232324,-9898.525
95.95959595959596,23.23232323232324,-9054.077
97.97979797979798,23.23232323232324,-9477.727
100.0,23.23232323232324,-11416.5
-100.0,25.25252525252526,-10261.754
-97.97979797979798,25.25252525252526,-8345.152
-95.95959595959596,25.25252525252526,-10116.512
-93.93939393939394,25.25252525252526,-11568.195
-91.91919191919192,25.25252525252526,-10904.645
-89.8989898989899,25.25252525252526,-9265.385
-87.87878787878788,25.25252525252526,-9408.326
-85.85858585858585,25.25252525252526,-8798.72
-83.83838383838383,25.25252525252526,-8709.154
-81.81818181818181,25.25252525252526,-7339.941
-79.79797979797979,25.25252525252526,-8669.476
-77.77777777777777,25.25252525252526,-6683.35
-75.75757575757575,25.25252525252526,-5904.456
-73.73737373737373,25.25252525252526,-5658.059
-71.71717171717171,25.25252525252526,-6361.669
-69.69696969696969,25.25252525252526,-6357.909
-67.67676767676767,25.25252525252526,-5298.2646
-65.65656565656565,25.25252525252526,-5303.481
-63.63636363636363,25.25252525252526,-4944.9067
-61.61616161616161,25.25252525252526,-4463.9097
-59.59595959595959,25.25252525252526,-3441.4944
-57.57575757575757,25.25252525252526,-3517.4587
-55.55555555555555,25.25252525252526,-3190.244
-53.53535353535353,25.25252525252526,-3911.947
-51.515151515151516,25.25252525252526,-3034.763
-49.494949494949495,25.25252525252526,-2609.9646
-47.474747474747474,25.25252525252526,-2884.7444
-45.45454545454545,25.25252525252526,-2675.4954
-43.43434343434343,25.25252525252526,-2371.7192
-41.41414141414141,25.25252525252526,-2887.9546
-39.39393939393939,25.25252525252526,-2493.8186
-37.37373737373737,25.25252525252526,-2383.4756
-35.35353535353535,25.25252525252526,-2029.0698
-33.33333333333333,25.25252525252526,-1779.5935
-31.313131313131308,25.25252525252526,-2028.4138
-29.292929292929287,25.25252525252526,-1600.3737
-27.272727272727266,25.25252525252526,-2228.006
-25.252525252525245,25.25252525252526,-1550.2307
-23.232323232323225,25.25252525252526,-1240.1464
-21.212121212121204,25.25252525252526,-1238.4061
-19.191919191919183,25.25252525252526,-938.00256
-17.171717171717162,25.25252525252526,-1181.9922
-15.151515151515142,25.25252525252526,-1230.1754
-13.13131313131312,25.25252525252526,-1276.9464
-11.1111111111111,25.25252525252526,-972.93665
-9.09090909090908,25.25252525252526,-1118.829
-7.0707070707070585,25.25252525252526,-1140.9901
-5.050505050505038,25.25252525252526,-1046.2194
-3.030303030303031,25.25252525252526,-923.881
-1.0101010101010104,25.25252525252526,-1270.446
1.0101010101010104,25.25252525252526,-1122.6654
3.030303030303031,25.25252525252526,-976.7925
5.050505050505052,25.25252525252526,-1076.0123
7.070707070707073,25.25252525252526,-1004.29974
9.090909090909093,25.25252525252526,-1086.7748
11.111111111111114,25.25252525252526,-1331.3749
13.131313131313135,25.25252525252526,-1116.47
15.151515151515156,25.25252525252526,-772.63544
17.171717171717177,25.25252525252526,-1217.6852
19.191919191919197,25.25252525252526,-1151.9818
21.212121212121218,25.25252525252526,-1293.5542
23.23232323232324,25.25252525252526,-1483.4683
25.25252525252526,25.25252525252526,-2026.4913
27.27272727272728,25.25252525252526,-1996.8639
29.2929292929293,25.25252525252526,-2436.4656
31.313131313131322,25.25252525252526,-1911.193
33.33333333333334,25.25252525252526,-1768.4088
35.353535353535364,25.25252525252526,-1797.2798
37.373737373737384,25.25252525252526,-1830.2183
39.393939393939405,25.25252525252526,-2136.4392
41.414141414141426,25.25252525252526,-2497.4446
43.43434343434345,25.25252525252526,-2605.6497
45.45454545454547,25.25252525252526,-2452.8586
47.47474747474749,25.25252525252526,-3015.577
49.49494949494951,25.25252525252526,-3025.2861
51.51515151515153,25.25252525252526,-2990.2195
53.53535353535355,25.25252525252526,-3625.524
55.55555555555557,25.25252525252526,-3885.0574
57.57575757575759,25.25252525252526,-3540.569
59.59595959595961,25.25252525252526,-3724.4207
61.616161616161634,25.25252525252526,-3488.0725
63.636363636363654,25.25252525252526,-4238.581
65.65656565656568,25.25252525252526,-4248.4673
67.6767676767677,25.25252525252526,-4496.6763
69.69696969696972,25.25252525252526,-5318.1787
71.71717171717174,25.25252525252526,-5338.2363
73.73737373737376,25.25252525252526,-5694.9185
75.75757575757578,25.25252525252526,-6214.663
77.7777777777778,25.25252525252526,-6291.4194
79.79797979797982,25.25252525252526,-6485.2783
81.81818181818184,25.25252525252526,-6456.583
83.83838383838386,25.25252525252526,-7584.4473
85.85858585858588,25.25252525252526,-7784.546
87.8787878787879,25.25252525252526,-7098.3975
89.89898989898992,25.25252525252526,-7958.4043
91.91919191919195,25.25252525252526,-8199.718
93.93939393939394,25.25252525252526,-10332.619
95.95959595959596,25.25252525252526,-9932.286
97.97979797979798,25.25252525252526,-9541.457
100.0,25.25252525252526,-10705.263
-100.0,27.27272727272728,-9994.802
-97.97979797979798,27.27272727272728,-8812.375
-95.95959595959596,27.27272727272728,-9100.744
-93.93939393939394,27.27272727272728,-10001.961
-91.91919191919192,27.27272727272728,-9496.074
-89.8989898989899,27.27272727272728,-8760.023
-87.87878787878788,27.27272727272728,-8262.265
-85.85858585858585,27.27272727272728,-8771.173
-83.83838383838383,27.27272727272728,-8332.968
-81.81818181818181,27.27272727272728,-6677.4917
-79.79797979797979,27.27272727272728,-8007.028
-77.77777777777777,27.27272727272728,-5738.4834
-75.75757575757575,27.27272727272728,-4913.237
-73.73737373737373,27.27272727272728,-4252.751
-71.71717171717171,27.27272727272728,-5480.1206
-69.69696969696969,27.27272727272728,-5749.542
-67.67676767676767,27.27272727272728,-4906.0605
-65.65656565656565,27.27272727272728,-4686.6357
-63.63636363636363,27.27272727272728,-4505.996
-61.61616161616161,27.27272727272728,-4354.319
-59.59595959595959,27.27272727272728,-3560.647
-57.57575757575757,27.27272727272728,-3636.6113
-55.55555555555555,27.27272727272728,-3558.622
-53.53535353535353,27.27272727272728,-3883.01
-51.515151515151516,27.27272727272728,-3005.826
-49.494949494949495,27.27272727272728,-2655.2812
-47.474747474747474,27.27272727272728,-3056.7207
-45.45454545454545,27.27272727272728,-2847.4717
-43.43434343434343,27.27272727272728,-2543.6953
-41.41414141414141,27.27272727272728,-3059.931
-39.39393939393939,27.27272727272728,-2665.795
-37.37373737373737,27.27272727272728,-2555.452
-35.35353535353535,27.27272727272728,-2201.0442
-33.33333333333333,27.27272727272728,-1951.5701
-31.313131313131308,27.27272727272728,-2200.3896
-29.292929292929287,27.27272727272728,-1772.3502
-27.272727272727266,27.27272727272728,-2399.9827
-25.252525252525245,27.27272727272728,-1649.9521
-23.232323232323225,27.27272727272728,-1283.4209
-21.212121212121204,27.27272727272728,-1281.6807
-19.191919191919183,27.27272727272728,-1014.1321
-17.171717171717162,27.27272727272728,-1258.1216
-15.151515151515142,27.27272727272728,-1306.3048
-13.13131313131312,27.27272727272728,-1353.0758
-11.1111111111111,27.27272727272728,-1049.0663
-9.09090909090908,27.27272727272728,-1194.9584
-7.0707070707070585,27.27272727272728,-1217.1195
-5.050505050505038,27.27272727272728,-1122.3488
-3.030303030303031,27.27272727272728,-1000.0106
-1.0101010101010104,27.27272727272728,-1346.5754
1.0101010101010104,27.27272727272728,-1198.7948
3.030303030303031,27.27272727272728,-1052.9226
5.050505050505052,27.27272727272728,-1152.1417
7.070707070707073,27.27272727272728,-1080.4292
9.090909090909093,27.27272727272728,-1162.9042
11.111111111111114,27.27272727272728,-1407.5043
13.131313131313135,27.27272727272728,-1192.5994
15.151515151515156,27.27272727272728,-848.76465
17.171717171717177,27.27272727272728,-1293.8146
19.191919191919197,27.27272727272728,-1228.1112
21.212121212121218,27.27272727272728,-1369.6836
23.23232323232324,27.27272727272728,-1559.5977
25.25252525252526,27.27272727272728,-1935.398
27.27272727272728,27.27272727272728,-1905.77
29.2929292929293,27.27272727272728,-2345.3718
31.313131313131322,27.27272727272728,-1987.3224
33.33333333333334,27.27272727272728,-1844.5382
35.353535353535364,27.27272727272728,-1873.409
37.373737373737384,27.27272727272728,-1906.3477
39.393939393939405,27.27272727272728,-2212.5686
41.414141414141426,27.27272727272728,-2573.574
43.43434343434345,27.27272727272728,-2681.779
45.45454545454547,27.27272727272728,-2564.5068
47.47474747474749,27.27272727272728,-3127.225
49.49494949494951,27.27272727272728,-3136.9343
51.51515151515153,27.27272727272728,-3101.8677
53.53535353535355,27.27272727272728,-3737.172
55.55555555555557,27.27272727272728,-3996.7056
57.57575757575759,27.27272727272728,-3652.2173
59.59595959595961,27.27272727272728,-3836.0688
61.616161616161634,27.27272727272728,-3599.7207
63.636363636363654,27.27272727272728,-4350.2295
65.65656565656568,27.27272727272728,-4360.1157
67.6767676767677,27.27272727272728,-4691.857
69.69696969696972,27.27272727272728,-5513.3594
71.71717171717174,27.27272727272728,-5533.417
73.73737373737376,27.27272727272728,-6014.522
75.75757575757578,27.27272727272728,-6566.1055
77.7777777777778,27.27272727272728,-6673.393
79.79797979797982,27.27272727272728,-6867.2524
81.81818181818184,27.27272727272728,-6838.556
83.83838383838386,27.27272727272728,-7966.4214
85.85858585858588,27.27272727272728,-8135.988
87.8787878787879,27.27272727272728,-7675.9614
89.89898989898992,27.27272727272728,-8203.778
91.91919191919195,27.27272727272728,-8445.091
93.93939393939394,27.27272727272728,-8613.908
95.95959595959596,27.27272727272728,-9706.469
97.97979797979798,27.27272727272728,-9435.928
100.0,27.27272727272728,-12909.256
-100.0,29.2929292929293,-11079.402
-97.97979797979798,29.2929292929293,-10112.578
-95.95959595959596,29.2929292929293,-9889.707
-93.93939393939394,29.2929292929293,-10645.09
-91.91919191919192,29.2929292929293,-9050.9
-89.8989898989899,29.2929292929293,-8540.192
-87.87878787878788,29.2929292929293,-8254.23
-85.85858585858585,29.2929292929293,-8751.357
-83.83838383838383,29.2929292929293,-8661.792
-81.81818181818181,29.2929292929293,-7006.316
-79.79797979797979,29.2929292929293,-8335.853
-77.77777777777777,29.2929292929293,-6349.7246
-75.75757575757575,29.2929292929293,-5328.1987
-73.73737373737373,29.2929292929293,-5454.2476
-71.71717171717171,29.2929292929293,-6104.027
-69.69696969696969,29.2929292929293,-6297.527
-67.67676767676767,29.2929292929293,-5854.4336
-65.65656565656565,29.2929292929293,-5402.1396
-63.63636363636363,29.2929292929293,-5158.827
-61.61616161616161,29.2929292929293,-4661.1006
-59.59595959595959,29.2929292929293,-4069.3804
-57.57575757575757,29.2929292929293,-4145.346
-55.55555555555555,29.2929292929293,-4067.3555
-53.53535353535353,29.2929292929293,-4391.7446
-51.515151515151516,29.2929292929293,-3577.2908
-49.494949494949495,29.2929292929293,-3226.746
-47.474747474747474,29.2929292929293,-3426.4358
-45.45454545454545,29.2929292929293,-3217.1868
-43.43434343434343,29.2929292929293,-2913.4104
-41.41414141414141,29.2929292929293,-3429.646
-39.39393939393939,29.2929292929293,-3025.2107
-37.37373737373737,29.2929292929293,-2914.8677
-35.35353535353535,29.2929292929293,-2560.46
-33.33333333333333,29.2929292929293,-2310.9834
-31.313131313131308,29.2929292929293,-2559.8044
-29.292929292929287,29.2929292929293,-2072.8813
-27.272727272727266,29.2929292929293,-2700.5146
-25.252525252525245,29.2929292929293,-1835.6123
-23.232323232323225,29.2929292929293,-1469.0809
-21.212121212121204,29.2929292929293,-1528.445
-19.191919191919183,29.2929292929293,-1246.2739
-17.171717171717162,29.2929292929293,-1490.2635
-15.151515151515142,29.2929292929293,-1538.4468
-13.13131313131312,29.2929292929293,-1585.2177
-11.1111111111111,29.2929292929293,-1281.2081
-9.09090909090908,29.2929292929293,-1427.1002
-7.0707070707070585,29.2929292929293,-1449.2614
-5.050505050505038,29.2929292929293,-1354.4906
-3.030303030303031,29.2929292929293,-1232.1525
-1.0101010101010104,29.2929292929293,-1578.7173
1.0101010101010104,29.2929292929293,-1388.8152
3.030303030303031,29.2929292929293,-1204.4911
5.050505050505052,29.2929292929293,-1264.5691
7.070707070707073,29.2929292929293,-1192.8566
9.090909090909093,29.2929292929293,-1275.3315
11.111111111111114,29.2929292929293,-1561.615
13.131313131313135,29.2929292929293,-1346.7101
15.151515151515156,29.2929292929293,-1002.87585
17.171717171717177,29.2929292929293,-1555.7554
19.191919191919197,29.2929292929293,-1423.651
21.212121212121218,29.2929292929293,-1565.2236
23.23232323232324,29.2929292929293,-1755.1377
25.25252525252526,29.2929292929293,-2130.9368
27.27272727272728,29.2929292929293,-2470.4978
29.2929292929293,29.2929292929293,-2540.9116
31.313131313131322,29.2929292929293,-2182.8613
33.33333333333334,29.2929292929293,-2040.0779
35.353535353535364,29.2929292929293,-2068.9473
37.373737373737384,29.2929292929293,-2101.8857
39.393939393939405,29.2929292929293,-2408.1084
41.414141414141426,29.2929292929293,-2769.1138
43.43434343434345,29.2929292929293,-2877.3188
45.45454545454547,29.2929292929293,-2664.9055
47.47474747474749,29.2929292929293,-3227.6238
49.49494949494951,29.2929292929293,-3237.333
51.51515151515153,29.2929292929293,-3109.1843
53.53535353535355,29.2929292929293,-3744.4888
55.55555555555557,29.2929292929293,-4004.0222
57.57575757575759,29.2929292929293,-3659.534
59.59595959595961,29.2929292929293,-3843.3855
61.616161616161634,29.2929292929293,-3607.0374
63.636363636363654,29.2929292929293,-4335.0156
65.65656565656568,29.2929292929293,-4344.902
67.6767676767677,29.2929292929293,-4676.643
69.69696969696972,29.2929292929293,-5498.1455
71.71717171717174,29.2929292929293,-5518.203
73.73737373737376,29.2929292929293,-5999.308
75.75757575757578,29.2929292929293,-5998.731
77.7777777777778,29.2929292929293,-6658.179
79.79797979797982,29.2929292929293,-7173.8496
81.81818181818184,29.2929292929293,-6929.1665
83.83838383838386,29.2929292929293,-8403.429
85.85858585858588,29.2929292929293,-8572.996
87.8787878787879,29.2929292929293,-8639.719
89.89898989898992,29.2929292929293,-8752.796
91.91919191919195,29.2929292929293,-8921.842
93.93939393939394,29.2929292929293,-9165.9375
95.95959595959596,29.2929292929293,-11088.77
97.97979797979798,29.2929292929293,-10553.512
100.0,29.2929292929293,-13531.344
-100.0,31.313131313131322,-11171.42
-97.97979797979798,31.313131313131322,-10204.596
-95.95959595959596,31.313131313131322,-10728.813
-93.93939393939394,31.313131313131322,-10822.751
-91.91919191919192,31.313131313131322,-9820.427
-89.8989898989899,31.313131313131322,-9309.719
-87.87878787878788,31.313131313131322,-9105.082
-85.85858585858585,31.313131313131322,-8675.404
-83.83838383838383,31.313131313131322,-8585.839
-81.81818181818181,31.313131313131322,-7216.6245
-79.79797979797979,31.313131313131322,-8800.949
-77.77777777777777,31.313131313131322,-6814.823
-75.75757575757575,31.313131313131322,-5793.2964
-73.73737373737373,31.313131313131322,-6337.2656
-71.71717171717171,31.313131313131322,-6770.0312
-69.69696969696969,31.313131313131322,-6280.2817
-67.67676767676767,31.313131313131322,-5605.2686
-65.65656565656565,31.313131313131322,-5384.8945
-63.63636363636363,31.313131313131322,-5141.582
-61.61616161616161,31.313131313131322,-4454.2183
-59.59595959595959,31.313131313131322,-3939.5527
-57.57575757575757,31.313131313131322,-4376.762
-55.55555555555555,31.313131313131322,-4298.773
-53.53535353535353,31.313131313131322,-4623.1606
-51.515151515151516,31.313131313131322,-3648.2615
-49.494949494949495,31.313131313131322,-3297.7168
-47.474747474747474,31.313131313131322,-3497.4065
-45.45454545454545,31.313131313131322,-3288.1575
-43.43434343434343,31.313131313131322,-2984.381
-41.41414141414141,31.313131313131322,-3500.6167
-39.39393939393939,31.313131313131322,-3096.1814
-37.37373737373737,31.313131313131322,-2985.8384
-35.35353535353535,31.313131313131322,-2631.4307
-33.33333333333333,31.313131313131322,-2381.954
-31.313131313131308,31.313131313131322,-2630.7751
-29.292929292929287,31.313131313131322,-2143.852
-27.272727272727266,31.313131313131322,-2771.4854
-25.252525252525245,31.313131313131322,-1906.5828
-23.232323232323225,31.313131313131322,-1540.0514
-21.212121212121204,31.313131313131322,-1566.3584
-19.191919191919183,31.313131313131322,-1257.4299
-17.171717171717162,31.313131313131322,-1501.4193
-15.151515151515142,31.313131313131322,-1549.6025
-13.13131313131312,31.313131313131322,-1596.3735
-11.1111111111111,31.313131313131322,-1292.364
-9.09090909090908,31.313131313131322,-1438.2561
-7.0707070707070585,31.313131313131322,-1460.4172
-5.050505050505038,31.313131313131322,-1365.6465
-3.030303030303031,31.313131313131322,-1243.3083
-1.0101010101010104,31.313131313131322,-1589.8732
1.0101010101010104,31.313131313131322,-1579.7919
3.030303030303031,31.313131313131322,-1395.4677
5.050505050505052,31.313131313131322,-1455.5457
7.070707070707073,31.313131313131322,-1204.0125
9.090909090909093,31.313131313131322,-1286.4874
11.111111111111114,31.313131313131322,-1572.7709
13.131313131313135,31.313131313131322,-1357.866
15.151515151515156,31.313131313131322,-1014.0318
17.171717171717177,31.313131313131322,-1108.6085
19.191919191919197,31.313131313131322,-1434.8069
21.212121212121218,31.313131313131322,-1576.3795
23.23232323232324,31.313131313131322,-1766.2936
25.25252525252526,31.313131313131322,-2279.4038
27.27272727272728,31.313131313131322,-1481.0054
29.2929292929293,31.313131313131322,-2689.379
31.313131313131322,31.313131313131322,-2432.3384
33.33333333333334,31.313131313131322,-2072.7097
35.353535353535364,31.313131313131322,-2101.5806
37.373737373737384,31.313131313131322,-2134.519
39.393939393939405,31.313131313131322,-2440.7417
41.414141414141426,31.313131313131322,-2823.2185
43.43434343434345,31.313131313131322,-2931.4236
45.45454545454547,31.313131313131322,-2719.0103
47.47474747474749,31.313131313131322,-3281.7285
49.49494949494951,31.313131313131322,-3291.4377
51.51515151515153,31.313131313131322,-3163.289
53.53535353535355,31.313131313131322,-3798.5935
55.55555555555557,31.313131313131322,-4058.13
57.57575757575759,31.313131313131322,-3713.6387
59.59595959595961,31.313131313131322,-3897.4902
61.616161616161634,31.313131313131322,-3424.2253
63.636363636363654,31.313131313131322,-4866.7905
65.65656565656568,31.313131313131322,-4399.0063
67.6767676767677,31.313131313131322,-4709.2705
69.69696969696972,31.313131313131322,-5530.773
71.71717171717174,31.313131313131322,-5550.8306
73.73737373737376,31.313131313131322,-6031.9355
75.75757575757578,31.313131313131322,-6031.3584
77.7777777777778,31.313131313131322,-6690.8066
79.79797979797982,31.313131313131322,-6933.9507
81.81818181818184,31.313131313131322,-6656.64
83.83838383838386,31.313131313131322,-8017.0103
85.85858585858588,31.313131313131322,-8186.5767
87.8787878787879,31.313131313131322,-8253.293
89.89898989898992,31.313131313131322,-8366.374
91.91919191919195,31.313131313131322,-8535.42
93.93939393939394,31.313131313131322,-9440.698
95.95959595959596,31.313131313131322,-10702.348
97.97979797979798,31.313131313131322,-10167.09
100.0,31.313131313131322,-13273.133
-100.0,33.33333333333334,-10032.345
-97.97979797979798,33.33333333333334,-8486.373
-95.95959595959596,33.33333333333334,-8277.951
-93.93939393939394,33.33333333333334,-10127.321
-91.91919191919192,33.33333333333334,-9756.382
-89.8989898989899,33.33333333333334,-9292.021
-87.87878787878788,33.33333333333334,-9037.927
-85.85858585858585,33.33333333333334,-8738.273
-83.83838383838383,33.33333333333334,-8544.382
-81.81818181818181,33.33333333333334,-7175.167
-79.79797979797979,33.33333333333334,-8601.47
-77.77777777777777,33.33333333333334,-6572.6494
-75.75757575757575,33.33333333333334,-5726.7065
-73.73737373737373,33.33333333333334,-5450.493
-71.71717171717171,33.33333333333334,-5960.8237
-69.69696969696969,33.33333333333334,-6455.176
-67.67676767676767,33.33333333333334,-5780.1626
-65.65656565656565,33.33333333333334,-5559.7886
-63.63636363636363,33.33333333333334,-5420.2446
-61.61616161616161,33.33333333333334,-4732.881
-59.59595959595959,33.33333333333334,-4218.2217
-57.57575757575757,33.33333333333334,-4655.4243
-55.55555555555555,33.33333333333334,-4577.435
-53.53535353535353,33.33333333333334,-4901.8228
-51.515151515151516,33.33333333333334,-3926.9243
-49.494949494949495,33.33333333333334,-2462.1711
-47.474747474747474,33.33333333333334,-3776.069
-45.45454545454545,33.33333333333334,-3566.82
-43.43434343434343,33.33333333333334,-3263.0437
-41.41414141414141,33.33333333333334,-3779.2793
-39.39393939393939,33.33333333333334,-3374.844
-37.37373737373737,33.33333333333334,-3171.6304
-35.35353535353535,33.33333333333334,-2667.1064
-33.33333333333333,33.33333333333334,-2361.5159
-31.313131313131308,33.33333333333334,-2610.337
-29.292929292929287,33.33333333333334,-2123.4138
-27.272727272727266,33.33333333333334,-2751.047
-25.252525252525245,33.33333333333334,-1886.1444
-23.232323232323225,33.33333333333334,-1519.613
-21.212121212121204,33.33333333333334,-1839.5986
-19.191919191919183,33.33333333333334,-1236.9915
-17.171717171717162,33.33333333333334,-1480.9811
-15.151515151515142,33.33333333333334,-1529.1643
-13.13131313131312,33.33333333333334,-1550.3909
-11.1111111111111,33.33333333333334,-1246.3813
-9.09090909090908,33.33333333333334,-1392.2734
-7.0707070707070585,33.33333333333334,-1414.4346
-5.050505050505038,33.33333333333334,-1319.6638
-3.030303030303031,33.33333333333334,-1197.3257
-1.0101010101010104,33.33333333333334,-1543.8905
1.0101010101010104,33.33333333333334,-1533.8092
3.030303030303031,33.33333333333334,-1349.485
5.050505050505052,33.33333333333334,-1448.7041
7.070707070707073,33.33333333333334,-1197.1709
9.090909090909093,33.33333333333334,-1279.6459
11.111111111111114,33.33333333333334,-1565.9293
13.131313131313135,33.33333333333334,-1351.0244
15.151515151515156,33.33333333333334,-1007.1901
17.171717171717177,33.33333333333334,-1101.767
19.191919191919197,33.33333333333334,-1427.9653
21.212121212121218,33.33333333333334,-1569.538
23.23232323232324,33.33333333333334,-1759.452
25.25252525252526,33.33333333333334,-2272.5623
27.27272727272728,33.33333333333334,-1792.9164
29.2929292929293,33.33333333333334,-2682.537
31.313131313131322,33.33333333333334,-2030.6185
33.33333333333334,33.33333333333334,-2065.8682
35.353535353535364,33.33333333333334,-2094.739
37.373737373737384,33.33333333333334,-2127.6775
39.393939393939405,33.33333333333334,-2433.9001
41.414141414141426,33.33333333333334,-2816.377
43.43434343434345,33.33333333333334,-2924.582
45.45454545454547,33.33333333333334,-2712.1687
47.47474747474749,33.33333333333334,-3274.887
49.49494949494951,33.33333333333334,-3284.5962
51.51515151515153,33.33333333333334,-3156.4475
53.53535353535355,33.33333333333334,-3791.752
55.55555555555557,33.33333333333334,-4604.269
57.57575757575759,33.33333333333334,-4259.781
59.59595959595961,33.33333333333334,-3790.6882
61.616161616161634,33.33333333333334,-3678.1736
63.636363636363654,33.33333333333334,-4420.571
65.65656565656568,33.33333333333334,-4226.7295
67.6767676767677,33.33333333333334,-4536.9937
69.69696969696972,33.33333333333334,-5358.496
71.71717171717174,33.33333333333334,-5513.907
73.73737373737376,33.33333333333334,-6130.93
75.75757575757578,33.33333333333334,-6130.353
77.7777777777778,33.33333333333334,-6789.8013
79.79797979797982,33.33333333333334,-7032.9453
81.81818181818184,33.33333333333334,-6755.635
83.83838383838386,33.33333333333334,-8116.005
85.85858585858588,33.33333333333334,-8285.568
87.8787878787879,33.33333333333334,-8167.166
89.89898989898992,33.33333333333334,-8280.243
91.91919191919195,33.33333333333334,-8271.406
93.93939393939394,33.33333333333334,-8349.25
95.95959595959596,33.33333333333334,-9441.811
97.97979797979798,33.33333333333334,-9623.584
100.0,33.33333333333334,-8513.002
-100.0,35.353535353535364,-9800.521
-97.97979797979798,35.353535353535364,-8866.429
-95.95959595959596,35.353535353535364,-8658.007
-93.93939393939394,35.353535353535364,-10091.216
-91.91919191919192,35.353535353535364,-9720.276
-89.8989898989899,35.353535353535364,-9255.916
-87.87878787878788,35.353535353535364,-9001.821
-85.85858585858585,35.353535353535364,-8773.761
-83.83838383838383,35.353535353535364,-8684.196
-81.81818181818181,35.353535353535364,-7993.099
-79.79797979797979,35.353535353535364,-9255.257
-77.77777777777777,35.353535353535364,-7608.1123
-75.75757575757575,35.353535353535364,-6762.1694
-73.73737373737373,35.353535353535364,-6485.956
-71.71717171717171,35.353535353535364,-6996.2866
-69.69696969696969,35.353535353535364,-7343.0225
-67.67676767676767,35.353535353535364,-6258.8765
-65.65656565656565,35.353535353535364,-6038.5024
-63.63636363636363,35.353535353535364,-5750.512
-61.61616161616161,35.353535353535364,-5730.5317
-59.59595959595959,35.353535353535364,-7002.093
-57.57575757575757,35.353535353535364,-4874.844
-55.55555555555555,35.353535353535364,-4796.855
-53.53535353535353,35.353535353535364,-5121.2427
-51.515151515151516,35.353535353535364,-4025.8032
-49.494949494949495,35.353535353535364,-2454.3677
-47.474747474747474,35.353535353535364,-3768.2656
-45.45454545454545,35.353535353535364,-3559.0166
-43.43434343434343,35.353535353535364,-3255.2405
-41.41414141414141,35.353535353535364,-3771.4758
-39.39393939393939,35.353535353535364,-3367.0405
-37.37373737373737,35.353535353535364,-3163.827
-35.35353535353535,35.353535353535364,-2587.7102
-33.33333333333333,35.353535353535364,-2282.1196
-31.313131313131308,35.353535353535364,-2530.9407
-29.292929292929287,35.353535353535364,-2044.0188
-27.272727272727266,35.353535353535364,-2290.9934
-25.252525252525245,35.353535353535364,-1609.1614
-23.232323232323225,35.353535353535364,-1242.63
-21.212121212121204,35.353535353535364,-2683.6428
-19.191919191919183,35.353535353535364,-858.1713
-17.171717171717162,35.353535353535364,-1454.2306
-15.151515151515142,35.353535353535364,-1502.4138
-13.13131313131312,35.353535353535364,-1523.6404
-11.1111111111111,35.353535353535364,-1219.6309
-9.09090909090908,35.353535353535364,-1365.523
-7.0707070707070585,35.353535353535364,-1387.6841
-5.050505050505038,35.353535353535364,-1379.3607
-3.030303030303031,35.353535353535364,-1257.0226
-1.0101010101010104,35.353535353535364,-1517.14
1.0101010101010104,35.353535353535364,-1295.9259
3.030303030303031,35.353535353535364,-1111.6017
5.050505050505052,35.353535353535364,-1298.6838
7.070707070707073,35.353535353535364,-1197.1709
9.090909090909093,35.353535353535364,-1279.6459
11.111111111111114,35.353535353535364,-1565.9293
13.131313131313135,35.353535353535364,-1351.0244
15.151515151515156,35.353535353535364,-1007.1901
17.171717171717177,35.353535353535364,-1101.767
19.191919191919197,35.353535353535364,-1687.0814
21.212121212121218,35.353535353535364,-1828.654
23.23232323232324,35.353535353535364,-1705.3729
25.25252525252526,35.353535353535364,-2218.4832
27.27272727272728,35.353535353535364,-1738.8373
29.2929292929293,35.353535353535364,-2628.458
31.313131313131322,35.353535353535364,-1976.5392
33.33333333333334,35.353535353535364,-2011.7909
35.353535353535364,35.353535353535364,-2040.6611
37.373737373737384,35.353535353535364,-2073.5984
39.393939393939405,35.353535353535364,-2379.821
41.414141414141426,35.353535353535364,-2762.2979
43.43434343434345,35.353535353535364,-2870.503
45.45454545454547,35.353535353535364,-2658.0896
47.47474747474749,35.353535353535364,-3220.8079
49.49494949494951,35.353535353535364,-3230.517
51.51515151515153,35.353535353535364,-3102.3684
53.53535353535355,35.353535353535364,-3737.6729
55.55555555555557,35.353535353535364,-4550.19
57.57575757575759,35.353535353535364,-4205.7017
59.59595959595961,35.353535353535364,-3603.9028
61.616161616161634,35.353535353535364,-3491.3882
63.636363636363654,35.353535353535364,-4233.784
65.65656565656568,35.353535353535364,-4039.9407
67.6767676767677,35.353535353535364,-4350.208
69.69696969696972,35.353535353535364,-5171.7104
71.71717171717174,35.353535353535364,-5327.1216
73.73737373737376,35.353535353535364,-5944.1445
75.75757575757578,35.353535353535364,-6829.384
77.7777777777778,35.353535353535364,-6846.6104
79.79797979797982,35.353535353535364,-7089.7544
81.81818181818184,35.353535353535364,-6812.444
83.83838383838386,35.353535353535364,-8172.81
85.85858585858588,35.353535353535364,-8342.376
87.8787878787879,35.353535353535364,-8608.53
89.89898989898992,35.353535353535364,-9000.496
91.91919191919195,35.353535353535364,-8512.989
93.93939393939394,35.353535353535364,-9102.022
95.95959595959596,35.353535353535364,-10194.583
97.97979797979798,35.353535353535364,-10170.821
100.0,35.353535353535364,-9894.429
-100.0,37.373737373737384,-10240.846
-97.97979797979798,37.373737373737384,-9288.65
-95.95959595959596,37.373737373737384,-9267.589
-93.93939393939394,37.373737373737384,-10014.946
-91.91919191919192,37.373737373737384,-9644.007
-89.8989898989899,37.373737373737384,-9179.646
-87.87878787878788,37.373737373737384,-8925.552
-85.85858585858585,37.373737373737384,-8697.491
-83.83838383838383,37.373737373737384,-8607.927
-81.81818181818181,37.373737373737384,-7916.8286
-79.79797979797979,37.373737373737384,-9178.987
-77.77777777777777,37.373737373737384,-7531.842
-75.75757575757575,37.373737373737384,-6685.899
-73.73737373737373,37.373737373737384,-6409.6855
-71.71717171717171,37.373737373737384,-6920.016
-69.69696969696969,37.373737373737384,-7323.813
-67.67676767676767,37.373737373737384,-6239.667
-65.65656565656565,37.373737373737384,-6019.293
-63.63636363636363,37.373737373737384,-5731.3027
-61.61616161616161,37.373737373737384,-5388.3984
-59.59595959595959,37.373737373737384,-5271.4204
-57.57575757575757,37.373737373737384,-4855.635
-55.55555555555555,37.373737373737384,-4777.6455
-53.53535353535353,37.373737373737384,-5102.033
-51.515151515151516,37.373737373737384,-4006.5945
-49.494949494949495,37.373737373737384,-2805.1133
-47.474747474747474,37.373737373737384,-3749.0566
-45.45454545454545,37.373737373737384,-3539.8076
-43.43434343434343,37.373737373737384,-3236.0315
-41.41414141414141,37.373737373737384,-3752.2668
-39.39393939393939,37.373737373737384,-3347.8315
-37.37373737373737,37.373737373737384,-3144.618
-35.35353535353535,37.373737373737384,-2700.6143
-33.33333333333333,37.373737373737384,-2395.0237
-31.313131313131308,37.373737373737384,-2643.8447
-29.292929292929287,37.373737373737384,-2156.9216
-27.272727272727266,37.373737373737384,-2403.8975
-25.252525252525245,37.373737373737384,-1722.0648
-23.232323232323225,37.373737373737384,-1391.6494
-21.212121212121204,37.373737373737384,-2832.6619
-19.191919191919183,37.373737373737384,-1540.2247
-17.171717171717162,37.373737373737384,-1603.25
-15.151515151515142,37.373737373737384,-1651.4332
-13.13131313131312,37.373737373737384,-1672.6598
-11.1111111111111,37.373737373737384,-1368.6503
-9.09090909090908,37.373737373737384,-1514.5424
-7.0707070707070585,37.373737373737384,-1536.7035
-5.050505050505038,37.373737373737384,-1528.3801
-3.030303030303031,37.373737373737384,-1406.042
-1.0101010101010104,37.373737373737384,-1666.1594
1.0101010101010104,37.373737373737384,-1487.1196
3.030303030303031,37.373737373737384,-1302.7955
5.050505050505052,37.373737373737384,-1489.8776
7.070707070707073,37.373737373737384,-1388.3646
9.090909090909093,37.373737373737384,-1470.8396
11.111111111111114,37.373737373737384,-1757.123
13.131313131313135,37.373737373737384,-1542.2181
15.151515151515156,37.373737373737384,-1198.3842
17.171717171717177,37.373737373737384,-1292.9607
19.191919191919197,37.373737373737384,-1920.3024
21.212121212121218,37.373737373737384,-1020.60144
23.23232323232324,37.373737373737384,-2102.582
25.25252525252526,37.373737373737384,-2859.6704
27.27272727272728,37.373737373737384,-3570.7742
29.2929292929293,37.373737373737384,-3352.5513
31.313131313131322,37.373737373737384,-2700.6313
33.33333333333334,37.373737373737384,-2735.8823
35.353535353535364,37.373737373737384,-2726.7542
37.373737373737384,37.373737373737384,-2759.6926
39.393939393939405,37.373737373737384,-3065.9153
41.414141414141426,37.373737373737384,-3448.392
43.43434343434345,37.373737373737384,-3556.5972
45.45454545454547,37.373737373737384,-3344.1838
47.47474747474749,37.373737373737384,-3906.902
49.49494949494951,37.373737373737384,-4023.9875
51.51515151515153,37.373737373737384,-3895.8389
53.53535353535355,37.373737373737384,-4505.427
55.55555555555557,37.373737373737384,-4616.6675
57.57575757575759,37.373737373737384,-4272.179
59.59595959595961,37.373737373737384,-4456.0312
61.616161616161634,37.373737373737384,-4343.515
63.636363636363654,37.373737373737384,-5085.9077
65.65656565656568,37.373737373737384,-4550.8096
67.6767676767677,37.373737373737384,-5370.7095
69.69696969696972,37.373737373737384,-5980.232
71.71717171717174,37.373737373737384,-6000.2896
73.73737373737376,37.373737373737384,-6777.026
75.75757575757578,37.373737373737384,-8057.707
77.7777777777778,37.373737373737384,-7992.0273
79.79797979797982,37.373737373737384,-8235.17
81.81818181818184,37.373737373737384,-7918.544
83.83838383838386,37.373737373737384,-8245.309
85.85858585858588,37.373737373737384,-9253.198
87.8787878787879,37.373737373737384,-8865.123
89.89898989898992,37.373737373737384,-9257.09
91.91919191919195,37.373737373737384,-9423.81
93.93939393939394,37.373737373737384,-10100.908
95.95959595959596,37.373737373737384,-10985.189
97.97979797979798,37.373737373737384,-10961.428
100.0,37.373737373737384,-10881.971
-100.0,39.393939393939405,-12640.21
-97.97979797979798,39.393939393939405,-11098.267
-95.95959595959596,39.393939393939405,-9619.779
-93.93939393939394,39.393939393939405,-11470.357
-91.91919191919192,39.393939393939405,-10804.378
-89.8989898989899,39.393939393939405,-10216.023
-87.87878787878788,39.393939393939405,-9742.68
-85.85858585858585,39.393939393939405,-10489.574
-83.83838383838383,39.393939393939405,-10400.01
-81.81818181818181,39.393939393939405,-9356.683
-79.79797979797979,39.393939393939405,-10618.849
-77.77777777777777,39.393939393939405,-8971.694
-75.75757575757575,39.393939393939405,-8125.7563
-73.73737373737373,39.393939393939405,-6719.248
-71.71717171717171,39.393939393939405,-7229.5786
-69.69696969696969,39.393939393939405,-8382.897
-67.67676767676767,39.393939393939405,-7492.861
-65.65656565656565,39.393939393939405,-7272.487
-63.63636363636363,39.393939393939405,-7001.8813
-61.61616161616161,39.393939393939405,-6801.4014
-59.59595959595959,39.393939393939405,-7088.316
-57.57575757575757,39.393939393939405,-6268.637
-55.55555555555555,39.393939393939405,-6190.648
-53.53535353535353,39.393939393939405,-6515.0356
-51.515151515151516,39.393939393939405,-5419.602
-49.494949494949495,39.393939393939405,-4318.694
-47.474747474747474,39.393939393939405,-5262.637
-45.45454545454545,39.393939393939405,-5053.388
-43.43434343434343,39.393939393939405,-4749.611
-41.41414141414141,39.393939393939405,-5265.8467
-39.39393939393939,39.393939393939405,-4861.412
-37.37373737373737,39.393939393939405,-4658.1978
-35.35353535353535,39.393939393939405,-3800.714
-33.33333333333333,39.393939393939405,-3614.1833
-31.313131313131308,39.393939393939405,-3863.0044
-29.292929292929287,39.393939393939405,-3160.9412
-27.272727272727266,39.393939393939405,-3955.8298
-25.252525252525245,39.393939393939405,-1746.4492
-23.232323232323225,39.393939393939405,-1740.6174
-21.212121212121204,39.393939393939405,-2707.7725
-19.191919191919183,39.393939393939405,-1889.1927
-17.171717171717162,39.393939393939405,-1952.2179
-15.151515151515142,39.393939393939405,-2000.4011
-13.13131313131312,39.393939393939405,-2021.6278
-11.1111111111111,39.393939393939405,-1717.6183
-9.09090909090908,39.393939393939405,-1863.5104
-7.0707070707070585,39.393939393939405,-1885.6715
-5.050505050505038,39.393939393939405,-1950.4924
-3.030303030303031,39.393939393939405,-1828.1543
-1.0101010101010104,39.393939393939405,-2015.1277
1.0101010101010104,39.393939393939405,-1729.4492
3.030303030303031,39.393939393939405,-1545.1248
5.050505050505052,39.393939393939405,-1732.207
7.070707070707073,39.393939393939405,-1588.4136
9.090909090909093,39.393939393939405,-1846.0457
11.111111111111114,39.393939393939405,-2154.514
13.131313131313135,39.393939393939405,-2130.653
15.151515151515156,39.393939393939405,-1844.5515
17.171717171717177,39.393939393939405,-2128.0325
19.191919191919197,39.393939393939405,-2250.1125
21.212121212121218,39.393939393939405,-2329.7063
23.23232323232324,39.393939393939405,-2519.62
25.25252525252526,39.393939393939405,-3130.53
27.27272727272728,39.393939393939405,-3841.6338
29.2929292929293,39.393939393939405,-3623.4111
31.313131313131322,39.393939393939405,-2971.4907
33.33333333333334,39.393939393939405,-3006.742
35.353535353535364,39.393939393939405,-2997.614
37.373737373737384,39.393939393939405,-3067.8433
39.393939393939405,39.393939393939405,-3374.066
41.414141414141426,39.393939393939405,-3784.7554
43.43434343434345,39.393939393939405,-3169.3108
45.45454545454547,39.393939393939405,-3852.544
47.47474747474749,39.393939393939405,-4415.2646
49.49494949494951,39.393939393939405,-4327.802
51.51515151515153,39.393939393939405,-4199.6533
53.53535353535355,39.393939393939405,-4752.9067
55.55555555555557,39.393939393939405,-5103.8657
57.57575757575759,39.393939393939405,-4759.3774
59.59595959595961,39.393939393939405,-4943.2295
61.616161616161634,39.393939393939405,-4846.109
63.636363636363654,39.393939393939405,-5588.5015
65.65656565656568,39.393939393939405,-4626.1836
67.6767676767677,39.393939393939405,-6019.482
69.69696969696972,39.393939393939405,-4349.347
71.71717171717174,39.393939393939405,-7198.9253
73.73737373737376,39.393939393939405,-7975.6616
75.75757575757578,39.393939393939405,-9001.366
77.7777777777778,39.393939393939405,-9014.698
79.79797979797982,39.393939393939405,-9257.842
81.81818181818184,39.393939393939405,-9383.255
83.83838383838386,39.393939393939405,-10203.864
85.85858585858588,39.393939393939405,-13585.214
87.8787878787879,39.393939393939405,-9301.628
89.89898989898992,39.393939393939405,-9693.595
91.91919191919195,39.393939393939405,-9694.603
93.93939393939394,39.393939393939405,-10470.182
95.95959595959596,39.393939393939405,-11354.463
97.97979797979798,39.393939393939405,-11330.701
100.0,39.393939393939405,-12108.552
-100.0,41.414141414141426,-13308.285
-97.97979797979798,41.414141414141426,-12188.602
-95.95959595959596,41.414141414141426,-12636.621
-93.93939393939394,41.414141414141426,-12617.254
-91.91919191919192,41.414141414141426,-11126.538
-89.8989898989899,41.414141414141426,-9974.021
-87.87878787878788,41.414141414141426,-9500.678
-85.85858585858585,41.414141414141426,-8976.664
-83.83838383838383,41.414141414141426,-8887.1
-81.81818181818181,41.414141414141426,-7843.778
-79.79797979797979,41.414141414141426,-7446.493
-77.77777777777777,41.414141414141426,-7458.791
-75.75757575757575,41.414141414141426,-6667.648
-73.73737373737373,41.414141414141426,-6391.4346
-71.71717171717171,41.414141414141426,-7111.5107
-69.69696969696969,41.414141414141426,-7515.3076
-67.67676767676767,41.414141414141426,-6475.042
-65.65656565656565,41.414141414141426,-6404.896
-63.63636363636363,41.414141414141426,-6134.2905
-61.61616161616161,41.414141414141426,-5933.81
-59.59595959595959,41.414141414141426,-6220.7246
-57.57575757575757,41.414141414141426,-5401.0464
-55.55555555555555,41.414141414141426,-5323.057
-53.53535353535353,41.414141414141426,-5647.445
-51.515151515151516,41.414141414141426,-4552.011
-49.494949494949495,41.414141414141426,-3451.0947
-47.474747474747474,41.414141414141426,-4395.0454
-45.45454545454545,41.414141414141426,-4185.7944
-43.43434343434343,41.414141414141426,-3882.014
-41.41414141414141,41.414141414141426,-4398.2534
-39.39393939393939,41.414141414141426,-3993.814
-37.37373737373737,41.414141414141426,-3790.6003
-35.35353535353535,41.414141414141426,-3152.0842
-33.33333333333333,41.414141414141426,-3228.162
-31.313131313131308,41.414141414141426,-3272.2517
-29.292929292929287,41.414141414141426,-2785.3286
-27.272727272727266,41.414141414141426,-3580.2173
-25.252525252525245,41.414141414141426,-2055.6726
-23.232323232323225,41.414141414141426,-2110.6292
-21.212121212121204,41.414141414141426,-2917.0398
-19.191919191919183,41.414141414141426,-2259.2058
-17.171717171717162,41.414141414141426,-2322.2305
-15.151515151515142,41.414141414141426,-2370.414
-13.13131313131312,41.414141414141426,-2391.6409
-11.1111111111111,41.414141414141426,-2087.6309
-9.09090909090908,41.414141414141426,-2233.5232
-7.0707070707070585,41.414141414141426,-2255.6843
-5.050505050505038,41.414141414141426,-2839.9946
-3.030303030303031,41.414141414141426,-2288.5413
-1.0101010101010104,41.414141414141426,-2385.1404
1.0101010101010104,41.414141414141426,-2015.6914
3.030303030303031,41.414141414141426,-1831.3679
5.050505050505052,41.414141414141426,-2092.0002
7.070707070707073,41.414141414141426,-1948.2074
9.090909090909093,41.414141414141426,-2030.6826
11.111111111111114,41.414141414141426,-2339.1511
13.131313131313135,41.414141414141426,-2124.246
15.151515151515156,41.414141414141426,-1838.1442
17.171717171717177,41.414141414141426,-2121.6255
19.191919191919197,41.414141414141426,-2243.7056
21.212121212121218,41.414141414141426,-2250.5935
23.23232323232324,41.414141414141426,-2440.5073
25.25252525252526,41.414141414141426,-2997.0942
27.27272727272728,41.414141414141426,-3708.198
29.2929292929293,41.414141414141426,-3933.458
31.313131313131322,41.414141414141426,-2838.0552
33.33333333333334,41.414141414141426,-2873.3062
35.353535353535364,41.414141414141426,-2864.1782
37.373737373737384,41.414141414141426,-2934.4075
39.393939393939405,41.414141414141426,-3240.6301
41.414141414141426,41.414141414141426,-3651.3196
43.43434343434345,41.414141414141426,-4050.2869
45.45454545454547,41.414141414141426,-3729.467
47.47474747474749,41.414141414141426,-4292.1904
49.49494949494951,41.414141414141426,-4155.0444
51.51515151515153,41.414141414141426,-4026.8948
53.53535353535355,41.414141414141426,-4457.3613
55.55555555555557,41.414141414141426,-4999.891
57.57575757575759,41.414141414141426,-4655.403
59.59595959595961,41.414141414141426,-4839.255
61.616161616161634,41.414141414141426,-4742.1343
63.636363636363654,41.414141414141426,-7347.1377
65.65656565656568,41.414141414141426,-5462.6636
67.6767676767677,41.414141414141426,-5559.903
69.69696969696972,41.414141414141426,-6169.064
71.71717171717174,41.414141414141426,-6189.1216
73.73737373737376,41.414141414141426,-6965.858
75.75757575757578,41.414141414141426,-7692.8853
77.7777777777778,41.414141414141426,-7706.216
79.79797979797982,41.414141414141426,-7949.36
81.81818181818184,41.414141414141426,-8074.7744
83.83838383838386,41.414141414141426,-8763.156
85.85858585858588,41.414141414141426,-11019.026
87.8787878787879,41.414141414141426,-6642.3467
89.89898989898992,41.414141414141426,-7034.3125
91.91919191919195,41.414141414141426,-8726.455
93.93939393939394,41.414141414141426,-9339.05
95.95959595959596,41.414141414141426,-10032.02
97.97979797979798,41.414141414141426,-9761.479
100.0,41.414141414141426,-8485.451
-100.0,43.43434343434345,-12092.59
-97.97979797979798,43.43434343434345,-10151.661
-95.95959595959596,43.43434343434345,-11379.033
-93.93939393939394,43.43434343434345,-12234.355
-91.91919191919192,43.43434343434345,-10995.702
-89.8989898989899,43.43434343434345,-10127.037
-87.87878787878788,43.43434343434345,-9735.905
-85.85858585858585,43.43434343434345,-9413.116
-83.83838383838383,43.43434343434345,-9413.116
-81.81818181818181,43.43434343434345,-8632.172
-79.79797979797979,43.43434343434345,-9325.709
-77.77777777777777,43.43434343434345,-8005.33
-75.75757575757575,43.43434343434345,-7297.382
-73.73737373737373,43.43434343434345,-7021.1685
-71.71717171717171,43.43434343434345,-7578.714
-69.69696969696969,43.43434343434345,-8108.296
-67.67676767676767,43.43434343434345,-6787.7446
-65.65656565656565,43.43434343434345,-6717.5986
-63.63636363636363,43.43434343434345,-6446.993
-61.61616161616161,43.43434343434345,-5996.2134
-59.59595959595959,43.43434343434345,-6283.128
-57.57575757575757,43.43434343434345,-5463.4497
-55.55555555555555,43.43434343434345,-5385.4604
-53.53535353535353,43.43434343434345,-5709.848
-51.515151515151516,43.43434343434345,-4614.4146
-49.494949494949495,43.43434343434345,-3513.5015
-47.474747474747474,43.43434343434345,-4457.449
-45.45454545454545,43.43434343434345,-4248.199
-43.43434343434343,43.43434343434345,-4235.9546
-41.41414141414141,43.43434343434345,-4460.6577
-39.39393939393939,43.43434343434345,-4056.22
-37.37373737373737,43.43434343434345,-3853.0037
-35.35353535353535,43.43434343434345,-2940.3447
-33.33333333333333,43.43434343434345,-3212.3486
-31.313131313131308,43.43434343434345,-3256.4382
-29.292929292929287,43.43434343434345,-2769.5151
-27.272727272727266,43.43434343434345,-2635.7437
-25.252525252525245,43.43434343434345,-2541.166
-23.232323232323225,43.43434343434345,-2379.6582
-21.212121212121204,43.43434343434345,-2611.714
-19.191919191919183,43.43434343434345,-2550.395
-17.171717171717162,43.43434343434345,-2613.4197
-15.151515151515142,43.43434343434345,-2661.6033
-13.13131313131312,43.43434343434345,-2891.342
-11.1111111111111,43.43434343434345,-2378.8203
-9.09090909090908,43.43434343434345,-2524.7124
-7.0707070707070585,43.43434343434345,-2546.8735
-5.050505050505038,43.43434343434345,-3131.1838
-3.030303030303031,43.43434343434345,-2579.7305
-1.0101010101010104,43.43434343434345,-2676.3296
1.0101010101010104,43.43434343434345,-2349.346
3.030303030303031,43.43434343434345,-2165.022
5.050505050505052,43.43434343434345,-2425.6555
7.070707070707073,43.43434343434345,-2281.8618
9.090909090909093,43.43434343434345,-2364.3367
11.111111111111114,43.43434343434345,-2672.8064
13.131313131313135,43.43434343434345,-2457.9014
15.151515151515156,43.43434343434345,-2171.7986
17.171717171717177,43.43434343434345,-2455.2808
19.191919191919197,43.43434343434345,-2577.3608
21.212121212121218,43.43434343434345,-2505.0493
23.23232323232324,43.43434343434345,-2694.9631
25.25252525252526,43.43434343434345,-3239.1812
27.27272727272728,43.43434343434345,-3347.0498
29.2929292929293,43.43434343434345,-4175.546
31.313131313131322,43.43434343434345,-3080.142
33.33333333333334,43.43434343434345,-3115.393
35.353535353535364,43.43434343434345,-3106.2651
37.373737373737384,43.43434343434345,-3176.4944
39.393939393939405,43.43434343434345,-3482.717
41.414141414141426,43.43434343434345,-3893.4065
43.43434343434345,43.43434343434345,-4292.3765
45.45454545454547,43.43434343434345,-4028.4163
47.47474747474749,43.43434343434345,-4591.1387
49.49494949494951,43.43434343434345,-4656.261
51.51515151515153,43.43434343434345,-4528.1133
53.53535353535355,43.43434343434345,-4958.578
55.55555555555557,43.43434343434345,-5501.108
57.57575757575759,43.43434343434345,-5156.6196
59.59595959595961,43.43434343434345,-5396.793
61.616161616161634,43.43434343434345,-5299.6724
63.636363636363654,43.43434343434345,-6446.966
65.65656565656568,43.43434343434345,-6269.963
67.6767676767677,43.43434343434345,-6083.2983
69.69696969696972,43.43434343434345,-6594.8213
71.71717171717174,43.43434343434345,-6614.879
73.73737373737376,43.43434343434345,-7391.615
75.75757575757578,43.43434343434345,-8118.642
77.7777777777778,43.43434343434345,-8131.97
79.79797979797982,43.43434343434345,-8197.84
81.81818181818184,43.43434343434345,-8685.005
83.83838383838386,43.43434343434345,-9373.394
85.85858585858588,43.43434343434345,-11428.764
87.8787878787879,43.43434343434345,-8324.153
89.89898989898992,43.43434343434345,-8716.12
91.91919191919195,43.43434343434345,-8839.575
93.93939393939394,43.43434343434345,-9452.17
95.95959595959596,43.43434343434345,-9865.6455
97.97979797979798,43.43434343434345,-10144.786
100.0,43.43434343434345,-12189.716
-100.0,45.45454545454547,-11936.454
-97.97979797979798,45.45454545454547,-9995.525
-95.95959595959596,45.45454545454547,-11222.897
-93.93939393939394,45.45454545454547,-11873.663
-91.91919191919192,45.45454545454547,-10839.566
-89.8989898989899,45.45454545454547,-9970.901
-87.87878787878788,45.45454545454547,-9579.77
-85.85858585858585,45.45454545454547,-9256.98
-83.83838383838383,45.45454545454547,-9256.98
-81.81818181818181,45.45454545454547,-8476.036
-79.79797979797979,45.45454545454547,-9169.573
-77.77777777777777,45.45454545454547,-7849.2
-75.75757575757575,45.45454545454547,-7141.2466
-73.73737373737373,45.45454545454547,-6865.0327
-71.71717171717171,45.45454545454547,-7422.5786
-69.69696969696969,45.45454545454547,-7952.16
-67.67676767676767,45.45454545454547,-6631.609
-65.65656565656565,45.45454545454547,-6561.463
-63.63636363636363,45.45454545454547,-6290.858
-61.61616161616161,45.45454545454547,-5620.075
-59.59595959595959,45.45454545454547,-5158.474
-57.57575757575757,45.45454545454547,-5307.3145
-55.55555555555555,45.45454545454547,-5229.325
-53.53535353535353,45.45454545454547,-5553.713
-51.515151515151516,45.45454545454547,-4458.279
-49.494949494949495,45.45454545454547,-3357.3657
-47.474747474747474,45.45454545454547,-4301.314
-45.45454545454545,45.45454545454547,-4092.0615
-43.43434343434343,45.45454545454547,-3803.6956
-41.41414141414141,45.45454545454547,-4304.521
-39.39393939393939,45.45454545454547,-3900.0818
-37.37373737373737,45.45454545454547,-3696.8677
-35.35353535353535,45.45454545454547,-2784.2087
-33.33333333333333,45.45454545454547,-2947.4983
-31.313131313131308,45.45454545454547,-3330.9885
-29.292929292929287,45.45454545454547,-2613.3792
-27.272727272727266,45.45454545454547,-2479.6077
-25.252525252525245,45.45454545454547,-2473.3438
-23.232323232323225,45.45454545454547,-2311.836
-21.212121212121204,45.45454545454547,-1004.40814
-19.191919191919183,45.45454545454547,-2340.4622
-17.171717171717162,45.45454545454547,-2403.4868
-15.151515151515142,45.45454545454547,-2451.6704
-13.13131313131312,45.45454545454547,-2681.409
-11.1111111111111,45.45454545454547,-2168.8875
-9.09090909090908,45.45454545454547,-2314.7795
-7.0707070707070585,45.45454545454547,-2336.9407
-5.050505050505038,45.45454545454547,-2921.251
-3.030303030303031,45.45454545454547,-2369.7976
-1.0101010101010104,45.45454545454547,-2466.3965
1.0101010101010104,45.45454545454547,-2139.413
3.030303030303031,45.45454545454547,-1955.0898
5.050505050505052,45.45454545454547,-2215.7227
7.070707070707073,45.45454545454547,-2071.929
9.090909090909093,45.45454545454547,-2154.4038
11.111111111111114,45.45454545454547,-2462.8735
13.131313131313135,45.45454545454547,-2247.9685
15.151515151515156,45.45454545454547,-1961.8662
17.171717171717177,45.45454545454547,-2245.348
19.191919191919197,45.45454545454547,-2367.428
21.212121212121218,45.45454545454547,-2508.5112
23.23232323232324,45.45454545454547,-2698.425
25.25252525252526,45.45454545454547,-3441.741
27.27272727272728,45.45454545454547,-3549.6096
29.2929292929293,45.45454545454547,-4378.107
31.313131313131322,45.45454545454547,-3289.5913
33.33333333333334,45.45454545454547,-3324.8423
35.353535353535364,45.45454545454547,-3315.7144
37.373737373737384,45.45454545454547,-3385.9436
39.393939393939405,45.45454545454547,-3692.1663
41.414141414141426,45.45454545454547,-4132.0264
43.43434343434345,45.45454545454547,-3510.9822
45.45454545454547,45.45454545454547,-4434.208
47.47474747474749,45.45454545454547,-5133.518
49.49494949494951,45.45454545454547,-5333.634
51.51515151515153,45.45454545454547,-5205.486
53.53535353535355,45.45454545454547,-5553.0874
55.55555555555557,45.45454545454547,-6348.417
57.57575757575759,45.45454545454547,-5297.371
59.59595959595961,45.45454545454547,-6309.6973
61.616161616161634,45.45454545454547,-6212.5767
63.636363636363654,45.45454545454547,-7359.87
65.65656565656568,45.45454545454547,-7182.867
67.6767676767677,45.45454545454547,-6996.2026
69.69696969696972,45.45454545454547,-7275.6074
71.71717171717174,45.45454545454547,-7295.665
73.73737373737376,45.45454545454547,-8072.4014
75.75757575757578,45.45454545454547,-7884.38
77.7777777777778,45.45454545454547,-8776.643
79.79797979797982,45.45454545454547,-8842.514
81.81818181818184,45.45454545454547,-9393.145
83.83838383838386,45.45454545454547,-10262.052
85.85858585858588,45.45454545454547,-12480.524
87.8787878787879,45.45454545454547,-10484.003
89.89898989898992,45.45454545454547,-11131.737
91.91919191919195,45.45454545454547,-10820.5205
93.93939393939394,45.45454545454547,-11901.508
95.95959595959596,45.45454545454547,-15269.196
97.97979797979798,45.45454545454547,-11557.33
100.0,45.45454545454547,-14282.228
-100.0,47.47474747474749,-12697.872
-97.97979797979798,47.47474747474749,-11597.641
-95.95959595959596,47.47474747474749,-12607.464
-93.93939393939394,47.47474747474749,-12528.7295
-91.91919191919192,47.47474747474749,-11439.921
-89.8989898989899,47.47474747474749,-10401.137
-87.87878787878788,47.47474747474749,-9811.663
-85.85858585858585,47.47474747474749,-9488.874
-83.83838383838383,47.47474747474749,-9783.432
-81.81818181818181,47.47474747474749,-9002.487
-79.79797979797979,47.47474747474749,-9791.782
-77.77777777777777,47.47474747474749,-8203.012
-75.75757575757575,47.47474747474749,-7349.6
-73.73737373737373,47.47474747474749,-6974.274
-71.71717171717171,47.47474747474749,-7531.556
-69.69696969696969,47.47474747474749,-7931.8228
-67.67676767676767,47.47474747474749,-6611.2715
-65.65656565656565,47.47474747474749,-6541.1255
-63.63636363636363,47.47474747474749,-6270.52
-61.61616161616161,47.47474747474749,-5599.7373
-59.59595959595959,47.47474747474749,-5138.1367
-57.57575757575757,47.47474747474749,-5286.9766
-55.55555555555555,47.47474747474749,-5208.9873
-53.53535353535353,47.47474747474749,-5533.375
-51.515151515151516,47.47474747474749,-4437.9414
-49.494949494949495,47.47474747474749,-3337.0283
-47.474747474747474,47.47474747474749,-4280.976
-45.45454545454545,47.47474747474749,-4071.7256
-43.43434343434343,47.47474747474749,-3783.3594
-41.41414141414141,47.47474747474749,-4284.184
-39.39393939393939,47.47474747474749,-3879.7444
-37.37373737373737,47.47474747474749,-3676.5303
-35.35353535353535,47.47474747474749,-2721.098
-33.33333333333333,47.47474747474749,-1418.1051
-31.313131313131308,47.47474747474749,-3217.6084
-29.292929292929287,47.47474747474749,-2499.999
-27.272727272727266,47.47474747474749,-2366.2275
-25.252525252525245,47.47474747474749,-2359.9636
-23.232323232323225,47.47474747474749,-1770.9872
-21.212121212121204,47.47474747474749,-2949.637
-19.191919191919183,47.47474747474749,-2227.082
-17.171717171717162,47.47474747474749,-2290.1067
-15.151515151515142,47.47474747474749,-2338.2903
-13.13131313131312,47.47474747474749,-2568.0288
-11.1111111111111,47.47474747474749,-2055.5073
-9.09090909090908,47.47474747474749,-2201.3994
-7.0707070707070585,47.47474747474749,-2223.5605
-5.050505050505038,47.47474747474749,-2807.8708
-3.030303030303031,47.47474747474749,-2354.3562
-1.0101010101010104,47.47474747474749,-2353.0164
1.0101010101010104,47.47474747474749,-2026.0333
3.030303030303031,47.47474747474749,-1841.7095
5.050505050505052,47.47474747474749,-2102.3425
7.070707070707073,47.47474747474749,-1958.5492
9.090909090909093,47.47474747474749,-2086.8984
11.111111111111114,47.47474747474749,-2909.3079
13.131313131313135,47.47474747474749,-2180.4631
15.151515151515156,47.47474747474749,-1684.4558
17.171717171717177,47.47474747474749,-2069.8271
19.191919191919197,47.47474747474749,-1477.22
21.212121212121218,47.47474747474749,-1458.7054
23.23232323232324,47.47474747474749,-1648.6202
25.25252525252526,47.47474747474749,-2190.1462
27.27272727272728,47.47474747474749,-2298.0151
29.2929292929293,47.47474747474749,-3033.7334
31.313131313131322,47.47474747474749,-2798.326
33.33333333333334,47.47474747474749,-2833.577
35.353535353535364,47.47474747474749,-2539.9253
37.373737373737384,47.47474747474749,-2610.1548
39.393939393939405,47.47474747474749,-2916.3774
41.414141414141426,47.47474747474749,-3356.2363
43.43434343434345,47.47474747474749,-2735.1934
45.45454545454547,47.47474747474749,-3432.3877
47.47474747474749,47.47474747474749,-4131.7017
49.49494949494951,47.47474747474749,-4650.852
51.51515151515153,47.47474747474749,-4540.767
53.53535353535355,47.47474747474749,-4418.144
55.55555555555557,47.47474747474749,-5329.1626
57.57575757575759,47.47474747474749,-4490.5586
59.59595959595961,47.47474747474749,-5571.3164
61.616161616161634,47.47474747474749,-5474.196
63.636363636363654,47.47474747474749,-6621.4893
65.65656565656568,47.47474747474749,-6444.4863
67.6767676767677,47.47474747474749,-6257.822
69.69696969696972,47.47474747474749,-6537.2266
71.71717171717174,47.47474747474749,-6557.284
73.73737373737376,47.47474747474749,-7334.0205
75.75757575757578,47.47474747474749,-7480.3154
77.7777777777778,47.47474747474749,-8153.6167
79.79797979797982,47.47474747474749,-8219.486
81.81818181818184,47.47474747474749,-8770.117
83.83838383838386,47.47474747474749,-9639.024
85.85858585858588,47.47474747474749,-7770.866
87.8787878787879,47.47474747474749,-9950.866
89.89898989898992,47.47474747474749,-10367.03
91.91919191919195,47.47474747474749,-9363.57
93.93939393939394,47.47474747474749,-11811.807
95.95959595959596,47.47474747474749,-13291.921
97.97979797979798,47.47474747474749,-12592.235
100.0,47.47474747474749,-15828.619
-100.0,49.49494949494951,-14222.344
-97.97979797979798,49.49494949494951,-12409.436
-95.95959595959596,49.49494949494951,-12586.39
-93.93939393939394,49.49494949494951,-12648.894
-91.91919191919192,49.49494949494951,-11560.085
-89.8989898989899,49.49494949494951,-10521.301
-87.87878787878788,49.49494949494951,-10118.68
-85.85858585858585,49.49494949494951,-9562.383
-83.83838383838383,49.49494949494951,-9856.94
-81.81818181818181,49.49494949494951,-9075.996
-79.79797979797979,49.49494949494951,-9865.291
-77.77777777777777,49.49494949494951,-8430.063
-75.75757575757575,49.49494949494951,-7700.451
-73.73737373737373,49.49494949494951,-7325.125
-71.71717171717171,49.49494949494951,-7882.407
-69.69696969696969,49.49494949494951,-7850.9824
-67.67676767676767,49.49494949494951,-6943.824
-65.65656565656565,49.49494949494951,-6873.678
-63.63636363636363,49.49494949494951,-6603.0728
-61.61616161616161,49.49494949494951,-5666.929
-59.59595959595959,49.49494949494951,-3944.1523
-57.57575757575757,49.49494949494951,-5619.5293
-55.55555555555555,49.49494949494951,-5541.54
-53.53535353535353,49.49494949494951,-5865.9277
-51.515151515151516,49.49494949494951,-4770.494
-49.494949494949495,49.49494949494951,-3669.581
-47.474747474747474,49.49494949494951,-4613.529
-45.45454545454545,49.49494949494951,-4404.279
-43.43434343434343,49.49494949494951,-4115.9146
-41.41414141414141,49.49494949494951,-4616.7373
-39.39393939393939,49.49494949494951,-4212.3027
-37.37373737373737,49.49494949494951,-4009.0835
-35.35353535353535,49.49494949494951,-3053.6511
-33.33333333333333,49.49494949494951,-1750.6578
-31.313131313131308,49.49494949494951,-3550.1616
-29.292929292929287,49.49494949494951,-2832.5522
-27.272727272727266,49.49494949494951,-3014.1191
-25.252525252525245,49.49494949494951,-2607.899
-23.232323232323225,49.49494949494951,-2018.9222
-21.212121212121204,49.49494949494951,-3197.5725
-19.191919191919183,49.49494949494951,-2475.0173
-17.171717171717162,49.49494949494951,-2538.042
-15.151515151515142,49.49494949494951,-2586.2256
-13.13131313131312,49.49494949494951,-2815.9644
-11.1111111111111,49.49494949494951,-2303.4426
-9.09090909090908,49.49494949494951,-2449.3347
-7.0707070707070585,49.49494949494951,-2471.4958
-5.050505050505038,49.49494949494951,-3055.8062
-3.030303030303031,49.49494949494951,-2602.2915
-1.0101010101010104,49.49494949494951,-2600.952
1.0101010101010104,49.49494949494951,-2521.7964
3.030303030303031,49.49494949494951,-2372.2727
5.050505050505052,49.49494949494951,-2311.089
7.070707070707073,49.49494949494951,-2167.2954
9.090909090909093,49.49494949494951,-2792.5579
11.111111111111114,49.49494949494951,-3614.9673
13.131313131313135,49.49494949494951,-2886.1226
15.151515151515156,49.49494949494951,-2390.1135
17.171717171717177,49.49494949494951,-3085.656
19.191919191919197,49.49494949494951,-1685.9674
21.212121212121218,49.49494949494951,-1667.4526
23.23232323232324,49.49494949494951,-1857.3661
25.25252525252526,49.49494949494951,-2398.8933
27.27272727272728,49.49494949494951,-2506.7617
29.2929292929293,49.49494949494951,-2192.254
31.313131313131322,49.49494949494951,-2912.111
33.33333333333334,49.49494949494951,-2947.3623
35.353535353535364,49.49494949494951,-2653.7107
37.373737373737384,49.49494949494951,-2723.9397
39.393939393939405,49.49494949494951,-3030.1624
41.414141414141426,49.49494949494951,-3470.0217
43.43434343434345,49.49494949494951,-2848.9783
45.45454545454547,49.49494949494951,-3546.173
47.47474747474749,49.49494949494951,-4100.555
49.49494949494951,49.49494949494951,-4567.622
51.51515151515153,49.49494949494951,-5028.513
53.53535353535355,49.49494949494951,-4368.255
55.55555555555557,49.49494949494951,-4542.3774
57.57575757575759,49.49494949494951,-4410.331
59.59595959595961,49.49494949494951,-4718.936
61.616161616161634,49.49494949494951,-4775.6943
63.636363636363654,49.49494949494951,-4053.4873
65.65656565656568,49.49494949494951,-5592.106
67.6767676767677,49.49494949494951,-5016.146
69.69696969696972,49.49494949494951,-6116.7793
71.71717171717174,49.49494949494951,-6136.837
73.73737373737376,49.49494949494951,-6913.573
75.75757575757578,49.49494949494951,-7059.868
77.7777777777778,49.49494949494951,-7425.0024
79.79797979797982,49.49494949494951,-7490.8735
81.81818181818184,49.49494949494951,-7559.64
83.83838383838386,49.49494949494951,-8193.848
85.85858585858588,49.49494949494951,-7039.6665
87.8787878787879,49.49494949494951,-9775.604
89.89898989898992,49.49494949494951,-10041.62
91.91919191919195,49.49494949494951,-8822.248
93.93939393939394,49.49494949494951,-11591.465
95.95959595959596,49.49494949494951,-13071.579
97.97979797979798,49.49494949494951,-7953.9194
100.0,49.49494949494951,-12729.93
-100.0,51.51515151515153,-13983.737
-97.97979797979798,51.51515151515153,-12170.829
-95.95959595959596,51.51515151515153,-12618.849
-93.93939393939394,51.51515151515153,-13687.678
-91.91919191919192,51.51515151515153,-12044.668
-89.8989898989899,51.51515151515153,-11216.534
-87.87878787878788,51.51515151515153,-11150.713
-85.85858585858585,51.51515151515153,-9682.865
-83.83838383838383,51.51515151515153,-9977.423
-81.81818181818181,51.51515151515153,-9196.478
-79.79797979797979,51.51515151515153,-9824.122
-77.77777777777777,51.51515151515153,-8833.178
-75.75757575757575,51.51515151515153,-8222.905
-73.73737373737373,51.51515151515153,-7847.58
-71.71717171717171,51.51515151515153,-8404.856
-69.69696969696969,51.51515151515153,-8373.431
-67.67676767676767,51.51515151515153,-7466.279
-65.65656565656565,51.51515151515153,-7454.9385
-63.63636363636363,51.51515151515153,-7184.333
-61.61616161616161,51.51515151515153,-6248.1895
-59.59595959595959,51.51515151515153,-4525.4136
-57.57575757575757,51.51515151515153,-6528.0166
-55.55555555555555,51.51515151515153,-6450.0273
-53.53535353535353,51.51515151515153,-6356.5454
-51.515151515151516,51.51515151515153,-5830.1577
-49.494949494949495,51.51515151515153,-4872.3354
-47.474747474747474,51.51515151515153,-5673.1924
-45.45454545454545,51.51515151515153,-5636.243
-43.43434343434343,51.51515151515153,-4158.6943
-41.41414141414141,51.51515151515153,-5848.7017
-39.39393939393939,51.51515151515153,-5054.9517
-37.37373737373737,51.51515151515153,-4851.738
-35.35353535353535,51.51515151515153,-3697.3403
-33.33333333333333,51.51515151515153,-2394.3452
-31.313131313131308,51.51515151515153,-4193.852
-29.292929292929287,51.51515151515153,-3476.2415
-27.272727272727266,51.51515151515153,-3823.4807
-25.252525252525245,51.51515151515153,-3251.5881
-23.232323232323225,51.51515151515153,-2662.6096
-21.212121212121204,51.51515151515153,-3521.8303
-19.191919191919183,51.51515151515153,-3063.2485
-17.171717171717162,51.51515151515153,-3126.2732
-15.151515151515142,51.51515151515153,-3174.4568
-13.13131313131312,51.51515151515153,-3404.1953
-11.1111111111111,51.51515151515153,-2891.6738
-9.09090909090908,51.51515151515153,-3037.566
-7.0707070707070585,51.51515151515153,-3059.727
-5.050505050505038,51.51515151515153,-3644.0374
-3.030303030303031,51.51515151515153,-3190.5227
-1.0101010101010104,51.51515151515153,-3189.1829
1.0101010101010104,51.51515151515153,-3110.0276
3.030303030303031,51.51515151515153,-2521.3364
5.050505050505052,51.51515151515153,-2899.3203
7.070707070707073,51.51515151515153,-2755.5266
9.090909090909093,51.51515151515153,-3380.789
11.111111111111114,51.51515151515153,-3993.7695
13.131313131313135,51.51515151515153,-3474.3538
15.151515151515156,51.51515151515153,-2978.3447
17.171717171717177,51.51515151515153,-3868.027
19.191919191919197,51.51515151515153,-2251.372
21.212121212121218,51.51515151515153,-2232.8577
23.23232323232324,51.51515151515153,-2422.7712
25.25252525252526,51.51515151515153,-2964.2996
27.27272727272728,51.51515151515153,-3072.1685
29.2929292929293,51.51515151515153,-2757.6611
31.313131313131322,51.51515151515153,-3694.4822
33.33333333333334,51.51515151515153,-3729.7332
35.353535353535364,51.51515151515153,-3294.361
37.373737373737384,51.51515151515153,-3364.5903
39.393939393939405,51.51515151515153,-3812.4768
41.414141414141426,51.51515151515153,-4004.5017
43.43434343434345,51.51515151515153,-3253.043
45.45454545454547,51.51515151515153,-4411.049
47.47474747474749,51.51515151515153,-6075.631
49.49494949494951,51.51515151515153,-6454.9336
51.51515151515153,51.51515151515153,-6915.8247
53.53535353535355,51.51515151515153,-7800.818
55.55555555555557,51.51515151515153,-6021.7783
57.57575757575759,51.51515151515153,-5901.68
59.59595959595961,51.51515151515153,-6026.678
61.616161616161634,51.51515151515153,-6083.4365
63.636363636363654,51.51515151515153,-5861.009
65.65656565656568,51.51515151515153,-6899.848
67.6767676767677,51.51515151515153,-6713.1836
69.69696969696972,51.51515151515153,-7082.914
71.71717171717174,51.51515151515153,-7102.9717
73.73737373737376,51.51515151515153,-7317.62
75.75757575757578,51.51515151515153,-7496.91
77.7777777777778,51.51515151515153,-8247.083
79.79797979797982,51.51515151515153,-8312.954
81.81818181818184,51.51515151515153,-8649.98
83.83838383838386,51.51515151515153,-9518.887
85.85858585858588,51.51515151515153,-8082.279
87.8787878787879,51.51515151515153,-10551.701
89.89898989898992,51.51515151515153,-10645.781
91.91919191919195,51.51515151515153,-9863.533
93.93939393939394,51.51515151515153,-10976.761
95.95959595959596,51.51515151515153,-11903.248
97.97979797979798,51.51515151515153,-11245.032
100.0,51.51515151515153,-14064.908
-100.0,53.53535353535355,-13748.869
-97.97979797979798,53.53535353535355,-11935.961
-95.95959595959596,53.53535353535355,-11817.347
-93.93939393939394,53.53535353535355,-12981.068
-91.91919191919192,53.53535353535355,-11134.207
-89.8989898989899,53.53535353535355,-12774.572
-87.87878787878788,53.53535353535355,-9228.525
-85.85858585858585,53.53535353535355,-7760.676
-83.83838383838383,53.53535353535355,-7760.676
-81.81818181818181,53.53535353535355,-6979.7373
-79.79797979797979,53.53535353535355,-7607.376
-77.77777777777777,53.53535353535355,-5104.646
-75.75757575757575,53.53535353535355,-4494.3696
-73.73737373737373,53.53535353535355,-9974.277
-71.71717171717171,53.53535353535355,-10531.559
-69.69696969696969,53.53535353535355,-7348.0576
-67.67676767676767,53.53535353535355,-6440.9053
-65.65656565656565,53.53535353535355,-6429.565
-63.63636363636363,53.53535353535355,-6158.9595
-61.61616161616161,53.53535353535355,-5222.816
-59.59595959595959,53.53535353535355,-3500.039
-57.57575757575757,53.53535353535355,-5403.3135
-55.55555555555555,53.53535353535355,-5325.324
-53.53535353535353,53.53535353535355,-5263.427
-51.515151515151516,53.53535353535355,-4836.3687
-49.494949494949495,53.53535353535355,-4674.868
-47.474747474747474,53.53535353535355,-4679.4033
-45.45454545454545,53.53535353535355,-4642.454
-43.43434343434343,53.53535353535355,-4493.8945
-41.41414141414141,53.53535353535355,-4854.9126
-39.39393939393939,53.53535353535355,-4061.1616
-37.37373737373737,53.53535353535355,-4268.309
-35.35353535353535,53.53535353535355,-6313.3984
-33.33333333333333,53.53535353535355,-2399.1113
-31.313131313131308,53.53535353535355,-4498.95
-29.292929292929287,53.53535353535355,-3781.3403
-27.272727272727266,53.53535353535355,-4128.58
-25.252525252525245,53.53535353535355,-3231.6118
-23.232323232323225,53.53535353535355,-3574.0276
-21.212121212121204,53.53535353535355,-3339.5337
-19.191919191919183,53.53535353535355,-2888.2612
-17.171717171717162,53.53535353535355,-2951.286
-15.151515151515142,53.53535353535355,-2999.4695
-13.13131313131312,53.53535353535355,-3229.2083
-11.1111111111111,53.53535353535355,-2716.6865
-9.09090909090908,53.53535353535355,-2592.0798
-7.0707070707070585,53.53535353535355,-2614.241
-5.050505050505038,53.53535353535355,-2867.6313
-3.030303030303031,53.53535353535355,-2745.7468
-1.0101010101010104,53.53535353535355,-3075.361
1.0101010101010104,53.53535353535355,-3594.2573
3.030303030303031,53.53535353535355,-2375.9219
5.050505050505052,53.53535353535355,-2753.9058
7.070707070707073,53.53535353535355,-2127.4111
9.090909090909093,53.53535353535355,-1691.958
11.111111111111114,53.53535353535355,-2231.54
13.131313131313135,53.53535353535355,-2332.18
15.151515151515156,53.53535353535355,-2416.377
17.171717171717177,53.53535353535355,-3019.3633
19.191919191919197,53.53535353535355,-2831.2737
21.212121212121218,53.53535353535355,-2812.759
23.23232323232324,53.53535353535355,-3002.6729
25.25252525252526,53.53535353535355,-3544.2012
27.27272727272728,53.53535353535355,-3652.0698
29.2929292929293,53.53535353535355,-3172.6155
31.313131313131322,53.53535353535355,-3726.4014
33.33333333333334,53.53535353535355,-3761.6523
35.353535353535364,53.53535353535355,-5083.983
37.373737373737384,53.53535353535355,-5097.6836
39.393939393939405,53.53535353535355,-3624.4421
41.414141414141426,53.53535353535355,-4204.2314
43.43434343434345,53.53535353535355,-3713.4573
45.45454545454547,53.53535353535355,-4871.4624
47.47474747474749,53.53535353535355,-6281.781
49.49494949494951,53.53535353535355,-5032.2163
51.51515151515153,53.53535353535355,-5379.072
53.53535353535355,53.53535353535355,-6677.5166
55.55555555555557,53.53535353535355,-6496.1104
57.57575757575759,53.53535353535355,-6212.177
59.59595959595961,53.53535353535355,-5344.823
61.616161616161634,53.53535353535355,-6190.442
63.636363636363654,53.53535353535355,-5968.014
65.65656565656568,53.53535353535355,-7006.8535
67.6767676767677,53.53535353535355,-9113.456
69.69696969696972,53.53535353535355,-5876.7314
71.71717171717174,53.53535353535355,-5658.263
73.73737373737376,53.53535353535355,-7396.0806
75.75757575757578,53.53535353535355,-7575.3696
77.7777777777778,53.53535353535355,-8085.595
79.79797979797982,53.53535353535355,-7898.349
81.81818181818184,53.53535353535355,-8235.372
83.83838383838386,53.53535353535355,-9104.278
85.85858585858588,53.53535353535355,-7667.6714
87.8787878787879,53.53535353535355,-10562.2295
89.89898989898992,53.53535353535355,-10656.31
91.91919191919195,53.53535353535355,-10250.535
93.93939393939394,53.53535353535355,-11192.569
95.95959595959596,53.53535353535355,-12119.057
97.97979797979798,53.53535353535355,-12189.872
100.0,53.53535353535355,-12281.965
-100.0,55.55555555555557,-12919.417
-97.97979797979798,55.55555555555557,-11401.034
-95.95959595959596,55.55555555555557,-12700.385
-93.93939393939394,55.55555555555557,-13884.054
-91.91919191919192,55.55555555555557,-12750.458
-89.8989898989899,55.55555555555557,-11922.323
-87.87878787878788,55.55555555555557,-12067.341
-85.85858585858585,55.55555555555557,-10340.086
-83.83838383838383,55.55555555555557,-8453.229
-81.81818181818181,55.55555555555557,-8972.48
-79.79797979797979,55.55555555555557,-9600.125
-77.77777777777777,55.55555555555557,-8609.181
-75.75757575757575,55.55555555555557,-7998.9067
-73.73737373737373,55.55555555555557,-7722.6924
-71.71717171717171,55.55555555555557,-7208.1724
-69.69696969696969,55.55555555555557,-8128.108
-67.67676767676767,55.55555555555557,-7485.885
-65.65656565656565,55.55555555555557,-7474.5444
-63.63636363636363,55.55555555555557,-6994.0376
-61.61616161616161,55.55555555555557,-7226.2246
-59.59595959595959,55.55555555555557,-6452.581
-57.57575757575757,55.55555555555557,-6953.2227
-55.55555555555555,55.55555555555557,-6875.2334
-53.53535353535353,55.55555555555557,-6781.7515
-51.515151515151516,55.55555555555557,-6043.5547
-49.494949494949495,55.55555555555557,-6421.137
-47.474747474747474,55.55555555555557,-7335.8174
-45.45454545454545,55.55555555555557,-7298.868
-43.43434343434343,55.55555555555557,-7948.7944
-41.41414141414141,55.55555555555557,-7511.3267
-39.39393939393939,55.55555555555557,-6717.5767
-37.37373737373737,55.55555555555557,-4983.14
-35.35353535353535,55.55555555555557,-3871.5178
-33.33333333333333,55.55555555555557,-2568.5227
-31.313131313131308,55.55555555555557,-4668.3633
-29.292929292929287,55.55555555555557,-3950.7517
-27.272727272727266,55.55555555555557,-4297.9927
-25.252525252525245,55.55555555555557,-3401.0232
-23.232323232323225,55.55555555555557,-4222.376
-21.212121212121204,55.55555555555557,-3474.121
-19.191919191919183,55.55555555555557,-2758.9338
-17.171717171717162,55.55555555555557,-2821.9585
-15.151515151515142,55.55555555555557,-3897.0227
-13.13131313131312,55.55555555555557,-4126.761
-11.1111111111111,55.55555555555557,-3460.8232
-9.09090909090908,55.55555555555557,-5254.4253
-7.0707070707070585,55.55555555555557,-5276.5864
-5.050505050505038,55.55555555555557,-3622.4695
-3.030303030303031,55.55555555555557,-3680.377
-1.0101010101010104,55.55555555555557,-3679.0374
1.0101010101010104,55.55555555555557,-3327.4824
3.030303030303031,55.55555555555557,-2738.791
5.050505050505052,55.55555555555557,-3116.7751
7.070707070707073,55.55555555555557,-2972.9814
9.090909090909093,55.55555555555557,-3055.4563
11.111111111111114,55.55555555555557,-3798.2556
13.131313131313135,55.55555555555557,-3205.9673
15.151515151515156,55.55555555555557,-3066.1345
17.171717171717177,55.55555555555557,-3669.1208
19.191919191919197,55.55555555555557,-3481.0312
21.212121212121218,55.55555555555557,-3462.5166
23.23232323232324,55.55555555555557,-3652.4304
25.25252525252526,55.55555555555557,-4193.961
27.27272727272728,55.55555555555557,-4301.828
29.2929292929293,55.55555555555557,-4555.8784
31.313131313131322,55.55555555555557,-4041.8083
33.33333333333334,55.55555555555557,-4077.06
35.353535353535364,55.55555555555557,-4246.545
37.373737373737384,55.55555555555557,-4260.2446
39.393939393939405,55.55555555555557,-4240.5405
41.414141414141426,55.55555555555557,-4473.89
43.43434343434345,55.55555555555557,-3722.4294
45.45454545454547,55.55555555555557,-4880.433
47.47474747474749,55.55555555555557,-6290.7515
49.49494949494951,55.55555555555557,-5817.1396
51.51515151515153,55.55555555555557,-6163.995
53.53535353535355,55.55555555555557,-6766.6426
55.55555555555557,55.55555555555557,-6983.533
57.57575757575759,55.55555555555557,-6699.5996
59.59595959595961,55.55555555555557,-6035.737
61.616161616161634,55.55555555555557,-6881.356
63.636363636363654,55.55555555555557,-6535.8354
65.65656565656568,55.55555555555557,-7574.675
67.6767676767677,55.55555555555557,-7388.0103
69.69696969696972,55.55555555555557,-7885.744
71.71717171717174,55.55555555555557,-7905.802
73.73737373737376,55.55555555555557,-8207.983
75.75757575757578,55.55555555555557,-8114.863
77.7777777777778,55.55555555555557,-9202.175
79.79797979797982,55.55555555555557,-9268.046
81.81818181818184,55.55555555555557,-9605.072
83.83838383838386,55.55555555555557,-10253.711
85.85858585858588,55.55555555555557,-10284.402
87.8787878787879,55.55555555555557,-10975.396
89.89898989898992,55.55555555555557,-11263.118
91.91919191919195,55.55555555555557,-10857.344
93.93939393939394,55.55555555555557,-11908.392
95.95959595959596,55.55555555555557,-12834.879
97.97979797979798,55.55555555555557,-12856.457
100.0,55.55555555555557,-14659.088
-100.0,57.57575757575759,-9865.22
-97.97979797979798,57.57575757575759,-11265.549
-95.95959595959596,57.57575757575759,-12184.45
-93.93939393939394,57.57575757575759,-13592.17
-91.91919191919192,57.57575757575759,-11730.516
-89.8989898989899,57.57575757575759,-11092.206
-87.87878787878788,57.57575757575759,-11578.015
-85.85858585858585,57.57575757575759,-10348.673
-83.83838383838383,57.57575757575759,-10348.673
-81.81818181818181,57.57575757575759,-9896.28
-79.79797979797979,57.57575757575759,-10427.157
-77.77777777777777,57.57575757575759,-10061.639
-75.75757575757575,57.57575757575759,-9001.416
-73.73737373737373,57.57575757575759,-8793.609
-71.71717171717171,57.57575757575759,-9201.949
-69.69696969696969,57.57575757575759,-9132.99
-67.67676767676767,57.57575757575759,-8293.318
-65.65656565656565,57.57575757575759,-8003.1943
-63.63636363636363,57.57575757575759,-7558.402
-61.61616161616161,57.57575757575759,-6774.7686
-59.59595959595959,57.57575757575759,-6001.125
-57.57575757575757,57.57575757575759,-6363.026
-55.55555555555555,57.57575757575759,-6439.7476
-53.53535353535353,57.57575757575759,-6346.2656
-51.515151515151516,57.57575757575759,-5919.2075
-49.494949494949495,57.57575757575759,-5757.707
-47.474747474747474,57.57575757575759,-5762.242
-45.45454545454545,57.57575757575759,-5725.293
-43.43434343434343,57.57575757575759,-6375.219
-41.41414141414141,57.57575757575759,-5937.7515
-39.39393939393939,57.57575757575759,-5144.0015
-37.37373737373737,57.57575757575759,-5122.292
-35.35353535353535,57.57575757575759,-4010.6692
-33.33333333333333,57.57575757575759,-2707.674
-31.313131313131308,57.57575757575759,-4807.5156
-29.292929292929287,57.57575757575759,-4089.905
-27.272727272727266,57.57575757575759,-4437.145
-25.252525252525245,57.57575757575759,-3587.6348
-23.232323232323225,57.57575757575759,-4408.9883
-21.212121212121204,57.57575757575759,-3718.4214
-19.191919191919183,57.57575757575759,-3464.2932
-17.171717171717162,57.57575757575759,-3527.3179
-15.151515151515142,57.57575757575759,-3564.229
-13.13131313131312,57.57575757575759,-3698.124
-11.1111111111111,57.57575757575759,-3032.1858
-9.09090909090908,57.57575757575759,-3438.5884
-7.0707070707070585,57.57575757575759,-3460.7495
-5.050505050505038,57.57575757575759,-3424.4114
-3.030303030303031,57.57575757575759,-3251.7395
-1.0101010101010104,57.57575757575759,-3250.4
1.0101010101010104,57.57575757575759,-3026.3396
3.030303030303031,57.57575757575759,-2206.6724
5.050505050505052,57.57575757575759,-3007.9456
7.070707070707073,57.57575757575759,-2780.5024
9.090909090909093,57.57575757575759,-2862.9773
11.111111111111114,57.57575757575759,-3605.7766
13.131313131313135,57.57575757575759,-3013.4883
15.151515151515156,57.57575757575759,-2873.6555
17.171717171717177,57.57575757575759,-3508.622
19.191919191919197,57.57575757575759,-3320.5325
21.212121212121218,57.57575757575759,-3302.0178
23.23232323232324,57.57575757575759,-3491.9316
25.25252525252526,57.57575757575759,-4017.8105
27.27272727272728,57.57575757575759,-4125.6807
29.2929292929293,57.57575757575759,-4379.7314
31.313131313131322,57.57575757575759,-4034.5125
33.33333333333334,57.57575757575759,-3900.9119
35.353535353535364,57.57575757575759,-4070.3945
37.373737373737384,57.57575757575759,-4084.0972
39.393939393939405,57.57575757575759,-4064.3918
41.414141414141426,57.57575757575759,-4272.1064
43.43434343434345,57.57575757575759,-3520.645
45.45454545454547,57.57575757575759,-4678.6494
47.47474747474749,57.57575757575759,-6088.968
49.49494949494951,57.57575757575759,-5880.002
51.51515151515153,57.57575757575759,-6226.8574
53.53535353535355,57.57575757575759,-6880.3096
55.55555555555557,57.57575757575759,-6781.7495
57.57575757575759,57.57575757575759,-6497.816
59.59595959595961,57.57575757575759,-5833.953
61.616161616161634,57.57575757575759,-6679.5723
63.636363636363654,57.57575757575759,-6910.88
65.65656565656568,57.57575757575759,-7372.891
67.6767676767677,57.57575757575759,-7186.2266
69.69696969696972,57.57575757575759,-7555.957
71.71717171717174,57.57575757575759,-7576.0146
73.73737373737376,57.57575757575759,-7878.197
75.75757575757578,57.57575757575759,-7785.0767
77.7777777777778,57.57575757575759,-8872.386
79.79797979797982,57.57575757575759,-8938.257
81.81818181818184,57.57575757575759,-9422.434
83.83838383838386,57.57575757575759,-8672.53
85.85858585858588,57.57575757575759,-9952.261
87.8787878787879,57.57575757575759,-9742.124
89.89898989898992,57.57575757575759,-10365.705
91.91919191919195,57.57575757575759,-9814.452
93.93939393939394,57.57575757575759,-9609.892
95.95959595959596,57.57575757575759,-11967.588
97.97979797979798,57.57575757575759,-14018.827
100.0,57.57575757575759,-14965.198
-100.0,59.59595959595961,-12847.228
-97.97979797979798,59.59595959595961,-11717.601
-95.95959595959596,59.59595959595961,-12120.875
-93.93939393939394,59.59595959595961,-13935.248
-91.91919191919192,59.59595959595961,-12073.594
-89.8989898989899,59.59595959595961,-11291.9795
-87.87878787878788,59.59595959595961,-11537.582
-85.85858585858585,59.59595959595961,-10111.619
-83.83838383838383,59.59595959595961,-10111.619
-81.81818181818181,59.59595959595961,-9625.657
-79.79797979797979,59.59595959595961,-10365.319
-77.77777777777777,59.59595959595961,-9999.801
-75.75757575757575,59.59595959595961,-9005.785
-73.73737373737373,59.59595959595961,-8877.48
-71.71717171717171,59.59595959595961,-9285.82
-69.69696969696969,59.59595959595961,-9150.654
-67.67676767676767,59.59595959595961,-8565.761
-65.65656565656565,59.59595959595961,-8275.627
-63.63636363636363,59.59595959595961,-7830.8403
-61.61616161616161,59.59595959595961,-7022.482
-59.59595959595959,59.59595959595961,-6821.8984
-57.57575757575757,59.59595959595961,-6856.425
-55.55555555555555,59.59595959595961,-6933.1465
-53.53535353535353,59.59595959595961,-6839.6646
-51.515151515151516,59.59595959595961,-6412.6064
-49.494949494949495,59.59595959595961,-6006.233
-47.474747474747474,59.59595959595961,-6010.768
-45.45454545454545,59.59595959595961,-5973.819
-43.43434343434343,59.59595959595961,-5855.4336
-41.41414141414141,59.59595959595961,-6186.2773
-39.39393939393939,59.59595959595961,-5392.5273
-37.37373737373737,59.59595959595961,-5370.818
-35.35353535353535,59.59595959595961,-4259.2
-33.33333333333333,59.59595959595961,-2956.2
-31.313131313131308,59.59595959595961,-5056.042
-29.292929292929287,59.59595959595961,-4338.4316
-27.272727272727266,59.59595959595961,-4685.673
-25.252525252525245,59.59595959595961,-3836.161
-23.232323232323225,59.59595959595961,-3784.6978
-21.212121212121204,59.59595959595961,-3966.947
-19.191919191919183,59.59595959595961,-3712.8196
-17.171717171717162,59.59595959595961,-3950.5906
-15.151515151515142,59.59595959595961,-3987.502
-13.13131313131312,59.59595959595961,-3946.6504
-11.1111111111111,59.59595959595961,-3280.7122
-9.09090909090908,59.59595959595961,-3687.1147
-7.0707070707070585,59.59595959595961,-3709.276
-5.050505050505038,59.59595959595961,-3672.9377
-3.030303030303031,59.59595959595961,-3500.2659
-1.0101010101010104,59.59595959595961,-3498.9263
1.0101010101010104,59.59595959595961,-3274.866
3.030303030303031,59.59595959595961,-2455.1987
5.050505050505052,59.59595959595961,-3256.472
7.070707070707073,59.59595959595961,-3029.0288
9.090909090909093,59.59595959595961,-3111.5037
11.111111111111114,59.59595959595961,-3854.303
13.131313131313135,59.59595959595961,-3262.0146
15.151515151515156,59.59595959595961,-3036.1758
17.171717171717177,59.59595959595961,-3671.1423
19.191919191919197,59.59595959595961,-3483.0527
21.212121212121218,59.59595959595961,-3464.538
23.23232323232324,59.59595959595961,-3740.458
25.25252525252526,59.59595959595961,-4266.3413
27.27272727272728,59.59595959595961,-4374.2085
29.2929292929293,59.59595959595961,-4628.259
31.313131313131322,59.59595959595961,-4283.043
33.33333333333334,59.59595959595961,-4149.443
35.353535353535364,59.59595959595961,-4318.9243
37.373737373737384,59.59595959595961,-4332.626
39.393939393939405,59.59595959595961,-4312.9224
41.414141414141426,59.59595959595961,-4688.229
43.43434343434345,59.59595959595961,-3936.7678
45.45454545454547,59.59595959595961,-5094.7715
47.47474747474749,59.59595959595961,-6918.677
49.49494949494951,59.59595959595961,-6296.124
51.51515151515153,59.59595959595961,-6642.9795
53.53535353535355,59.59595959595961,-7130.627
55.55555555555557,59.59595959595961,-6118.036
57.57575757575759,59.59595959595961,-6811.313
59.59595959595961,59.59595959595961,-6147.45
61.616161616161634,59.59595959595961,-7389.996
63.636363636363654,59.59595959595961,-6146.3438
65.65656565656568,59.59595959595961,-7623.2085
67.6767676767677,59.59595959595961,-7550.6265
69.69696969696972,59.59595959595961,-7920.357
71.71717171717174,59.59595959595961,-7940.4146
73.73737373737376,59.59595959595961,-7948.9385
75.75757575757578,59.59595959595961,-9265.905
77.7777777777778,59.59595959595961,-8943.128
79.79797979797982,59.59595959595961,-9008.999
81.81818181818184,59.59595959595961,-9493.176
83.83838383838386,59.59595959595961,-8743.272
85.85858585858588,59.59595959595961,-10023.002
87.8787878787879,59.59595959595961,-10182.838
89.89898989898992,59.59595959595961,-10806.42
91.91919191919195,59.59595959595961,-10129.808
93.93939393939394,59.59595959595961,-9433.417
95.95959595959596,59.59595959595961,-11855.767
97.97979797979798,59.59595959595961,-12844.935
100.0,59.59595959595961,-12969.504
-100.0,61.616161616161634,-13274.254
-97.97979797979798,61.616161616161634,-12107.468
-95.95959595959596,61.616161616161634,-12132.666
-93.93939393939394,61.616161616161634,-14892.351
-91.91919191919192,61.616161616161634,-13030.696
-89.8989898989899,61.616161616161634,-12159.083
-87.87878787878788,61.616161616161634,-12707.062
-85.85858585858585,61.616161616161634,-11104.492
-83.83838383838383,61.616161616161634,-11104.492
-81.81818181818181,61.616161616161634,-10858.334
-79.79797979797979,61.616161616161634,-11393.276
-77.77777777777777,61.616161616161634,-10539.393
-75.75757575757575,61.616161616161634,-10033.742
-73.73737373737373,61.616161616161634,-10170.353
-71.71717171717171,61.616161616161634,-10578.692
-69.69696969696969,61.616161616161634,-11618.008
-67.67676767676767,61.616161616161634,-9004.054
-65.65656565656565,61.616161616161634,-8621.513
-63.63636363636363,61.616161616161634,-8269.133
-61.61616161616161,61.616161616161634,-7789.1143
-59.59595959595959,61.616161616161634,-7503.125
-57.57575757575757,61.616161616161634,-7537.6514
-55.55555555555555,61.616161616161634,-7614.373
-53.53535353535353,61.616161616161634,-7520.891
-51.515151515151516,61.616161616161634,-7342.7856
-49.494949494949495,61.616161616161634,-7115.327
-47.474747474747474,61.616161616161634,-6940.9473
-45.45454545454545,61.616161616161634,-6903.998
-43.43434343434343,61.616161616161634,-6785.613
-41.41414141414141,61.616161616161634,-7116.4565
-39.39393939393939,61.616161616161634,-6322.7065
-37.37373737373737,61.616161616161634,-6300.997
-35.35353535353535,61.616161616161634,-4960.856
-33.33333333333333,61.616161616161634,-4337.9194
-31.313131313131308,61.616161616161634,-5757.698
-29.292929292929287,61.616161616161634,-5040.0884
-27.272727272727266,61.616161616161634,-5387.3286
-25.252525252525245,61.616161616161634,-4705.9546
-23.232323232323225,61.616161616161634,-4654.491
-21.212121212121204,61.616161616161634,-4876.799
-19.191919191919183,61.616161616161634,-4146.0225
-17.171717171717162,61.616161616161634,-4946.39
-15.151515151515142,61.616161616161634,-5205.3955
-13.13131313131312,61.616161616161634,-5013.0264
-11.1111111111111,61.616161616161634,-4119.9478
-9.09090909090908,61.616161616161634,-4602.474
-7.0707070707070585,61.616161616161634,-4624.6353
-5.050505050505038,61.616161616161634,-4588.2974
-3.030303030303031,61.616161616161634,-4415.6245
-1.0101010101010104,61.616161616161634,-4414.2847
1.0101010101010104,61.616161616161634,-4161.4204
3.030303030303031,61.616161616161634,-2209.2039
5.050505050505052,61.616161616161634,-3010.4766
7.070707070707073,61.616161616161634,-2783.0334
9.090909090909093,61.616161616161634,-2865.5083
11.111111111111114,61.616161616161634,-3608.3074
13.131313131313135,61.616161616161634,-3561.0347
15.151515151515156,61.616161616161634,-3128.1238
17.171717171717177,61.616161616161634,-4025.19
19.191919191919197,61.616161616161634,-3837.1
21.212121212121218,61.616161616161634,-3818.5854
23.23232323232324,61.616161616161634,-4094.5063
25.25252525252526,61.616161616161634,-4529.8633
27.27272727272728,61.616161616161634,-4637.7305
29.2929292929293,61.616161616161634,-4891.781
31.313131313131322,61.616161616161634,-4546.565
33.33333333333334,61.616161616161634,-4412.965
35.353535353535364,61.616161616161634,-4582.4463
37.373737373737384,61.616161616161634,-4596.148
39.393939393939405,61.616161616161634,-4576.4443
41.414141414141426,61.616161616161634,-4118.659
43.43434343434345,61.616161616161634,-3738.914
45.45454545454547,61.616161616161634,-5109.001
47.47474747474749,61.616161616161634,-5179.402
49.49494949494951,61.616161616161634,-6066.0986
51.51515151515153,61.616161616161634,-6568.787
53.53535353535355,61.616161616161634,-6908.812
55.55555555555557,61.616161616161634,-6056.1294
57.57575757575759,61.616161616161634,-6810.85
59.59595959595961,61.616161616161634,-5787.489
61.616161616161634,61.616161616161634,-6785.629
63.636363636363654,61.616161616161634,-6145.881
65.65656565656568,61.616161616161634,-7622.7456
67.6767676767677,61.616161616161634,-7633.291
69.69696969696972,61.616161616161634,-7832.8257
71.71717171717174,61.616161616161634,-7852.8823
73.73737373737376,61.616161616161634,-7861.407
75.75757575757578,61.616161616161634,-9214.573
77.7777777777778,61.616161616161634,-8880.555
79.79797979797982,61.616161616161634,-8946.426
81.81818181818184,61.616161616161634,-9651.604
83.83838383838386,61.616161616161634,-9566.182
85.85858585858588,61.616161616161634,-10407.612
87.8787878787879,61.616161616161634,-11189.529
89.89898989898992,61.616161616161634,-11725.083
91.91919191919195,61.616161616161634,-11048.471
93.93939393939394,61.616161616161634,-10412.133
95.95959595959596,61.616161616161634,-12476.778
97.97979797979798,61.616161616161634,-13363.162
100.0,61.616161616161634,-13487.731
-100.0,63.636363636363654,-14453.605
-97.97979797979798,63.636363636363654,-11483.834
-95.95959595959596,63.636363636363654,-12810.938
-93.93939393939394,63.636363636363654,-13932.369
-91.91919191919192,63.636363636363654,-11910.449
-89.8989898989899,63.636363636363654,-11038.836
-87.87878787878788,63.636363636363654,-11317.124
-85.85858585858585,63.636363636363654,-9984.245
-83.83838383838383,63.636363636363654,-9984.245
-81.81818181818181,63.636363636363654,-9738.087
-79.79797979797979,63.636363636363654,-10273.029
-77.77777777777777,63.636363636363654,-9419.1455
-75.75757575757575,63.636363636363654,-8913.495
-73.73737373737373,63.636363636363654,-9491.191
-71.71717171717171,63.636363636363654,-9561.6875
-69.69696969696969,63.636363636363654,-10034.632
-67.67676767676767,63.636363636363654,-8146.3545
-65.65656565656565,63.636363636363654,-7763.82
-63.63636363636363,63.636363636363654,-7411.434
-61.61616161616161,63.636363636363654,-6967.632
-59.59595959595959,63.636363636363654,-6767.0483
-57.57575757575757,63.636363636363654,-6801.5747
-55.55555555555555,63.636363636363654,-6878.2964
-53.53535353535353,63.636363636363654,-6784.8145
-51.515151515151516,63.636363636363654,-6606.709
-49.494949494949495,63.636363636363654,-6379.2505
-47.474747474747474,63.636363636363654,-6204.8706
-45.45454545454545,63.636363636363654,-6167.9214
-43.43434343434343,63.636363636363654,-6049.536
-41.41414141414141,63.636363636363654,-7990.3496
-39.39393939393939,63.636363636363654,-4777.591
-37.37373737373737,63.636363636363654,-4755.8813
-35.35353535353535,63.636363636363654,-3415.737
-33.33333333333333,63.636363636363654,-2792.8005
-31.313131313131308,63.636363636363654,-3341.4922
-29.292929292929287,63.636363636363654,-2343.4016
-27.272727272727266,63.636363636363654,-3317.3228
-25.252525252525245,63.636363636363654,-5714.2715
-23.232323232323225,63.636363636363654,-5275.715
-21.212121212121204,63.636363636363654,-4471.1445
-19.191919191919183,63.636363636363654,-3869.9617
-17.171717171717162,63.636363636363654,-4064.668
-15.151515151515142,63.636363636363654,-4101.578
-13.13131313131312,63.636363636363654,-4466.41
-11.1111111111111,63.636363636363654,-3953.8862
-9.09090909090908,63.636363636363654,-4518.832
-7.0707070707070585,63.636363636363654,-4540.993
-5.050505050505038,63.636363636363654,-4611.7095
-3.030303030303031,63.636363636363654,-4542.555
-1.0101010101010104,63.636363636363654,-4356.0938
1.0101010101010104,63.636363636363654,-4374.938
3.030303030303031,63.636363636363654,-2388.1763
5.050505050505052,63.636363636363654,-3217.8728
7.070707070707073,63.636363636363654,-2587.392
9.090909090909093,63.636363636363654,-2669.8672
11.111111111111114,63.636363636363654,-5026.4062
13.131313131313135,63.636363636363654,-4420.982
15.151515151515156,63.636363636363654,-3988.0679
17.171717171717177,63.636363636363654,-4885.136
19.191919191919197,63.636363636363654,-4697.0464
21.212121212121218,63.636363636363654,-4678.5317
23.23232323232324,63.636363636363654,-4954.452
25.25252525252526,63.636363636363654,-5389.807
27.27272727272728,63.636363636363654,-5672.4385
29.2929292929293,63.636363636363654,-5751.7246
31.313131313131322,63.636363636363654,-5406.509
33.33333333333334,63.636363636363654,-5272.9087
35.353535353535364,63.636363636363654,-5442.39
37.373737373737384,63.636363636363654,-5456.092
39.393939393939405,63.636363636363654,-5284.937
41.414141414141426,63.636363636363654,-5899.7554
43.43434343434345,63.636363636363654,-5148.297
45.45454545454547,63.636363636363654,-6518.381
47.47474747474749,63.636363636363654,-6588.7817
49.49494949494951,63.636363636363654,-7475.4785
51.51515151515153,63.636363636363654,-8058.0405
53.53535353535355,63.636363636363654,-8110.396
55.55555555555557,63.636363636363654,-7705.062
57.57575757575759,63.636363636363654,-8084.4507
59.59595959595961,63.636363636363654,-7061.09
61.616161616161634,63.636363636363654,-8059.2295
63.636363636363654,63.636363636363654,-7081.733
65.65656565656568,63.636363636363654,-9294.237
67.6767676767677,63.636363636363654,-9573.457
69.69696969696972,63.636363636363654,-10177.885
71.71717171717174,63.636363636363654,-10197.942
73.73737373737376,63.636363636363654,-10234.788
75.75757575757578,63.636363636363654,-11465.227
77.7777777777778,63.636363636363654,-11335.883
79.79797979797982,63.636363636363654,-10070.593
81.81818181818184,63.636363636363654,-9624.668
83.83838383838386,63.636363636363654,-9539.246
85.85858585858588,63.636363636363654,-13576.406
87.8787878787879,63.636363636363654,-11873.196
89.89898989898992,63.636363636363654,-12736.818
91.91919191919195,63.636363636363654,-12060.206
93.93939393939394,63.636363636363654,-12174.589
95.95959595959596,63.636363636363654,-13033.468
97.97979797979798,63.636363636363654,-14034.479
100.0,63.636363636363654,-12499.562
-100.0,65.65656565656568,-15185.718
-97.97979797979798,65.65656565656568,-12215.946
-95.95959595959596,65.65656565656568,-13543.051
-93.93939393939394,65.65656565656568,-14389.188
-91.91919191919192,65.65656565656568,-12026.339
-89.8989898989899,65.65656565656568,-11495.654
-87.87878787878788,65.65656565656568,-11773.943
-85.85858585858585,65.65656565656568,-10441.063
-83.83838383838383,65.65656565656568,-10441.063
-81.81818181818181,65.65656565656568,-10194.906
-79.79797979797979,65.65656565656568,-10729.848
-77.77777777777777,65.65656565656568,-9875.964
-75.75757575757575,65.65656565656568,-9252.58
-73.73737373737373,65.65656565656568,-9830.277
-71.71717171717171,65.65656565656568,-9731.156
-69.69696969696969,65.65656565656568,-10204.1
-67.67676767676767,65.65656565656568,-8315.823
-65.65656565656565,65.65656565656568,-7933.2817
-63.63636363636363,65.65656565656568,-7580.903
-61.61616161616161,65.65656565656568,-7137.1006
-59.59595959595959,65.65656565656568,-6966.6753
-57.57575757575757,65.65656565656568,-7001.2017
-55.55555555555555,65.65656565656568,-7077.9233
-53.53535353535353,65.65656565656568,-6984.4414
-51.515151515151516,65.65656565656568,-6806.336
-49.494949494949495,65.65656565656568,-6477.485
-47.474747474747474,65.65656565656568,-6303.105
-45.45454545454545,65.65656565656568,-6178.7866
-43.43434343434343,65.65656565656568,-6147.7705
-41.41414141414141,65.65656565656568,-4881.6646
-39.39393939393939,65.65656565656568,-5684.8643
-37.37373737373737,65.65656565656568,-5663.155
-35.35353535353535,65.65656565656568,-4323.0137
-33.33333333333333,65.65656565656568,-3700.075
-31.313131313131308,65.65656565656568,-4248.7676
-29.292929292929287,65.65656565656568,-3250.6753
-27.272727272727266,65.65656565656568,-4224.598
-25.252525252525245,65.65656565656568,-4205.571
-23.232323232323225,65.65656565656568,-4162.4146
-21.212121212121204,65.65656565656568,-4978.6646
-19.191919191919183,65.65656565656568,-3853.0159
-17.171717171717162,65.65656565656568,-3718.3677
-15.151515151515142,65.65656565656568,-3502.3513
-13.13131313131312,65.65656565656568,-3033.4714
-11.1111111111111,65.65656565656568,-2910.1128
-9.09090909090908,65.65656565656568,-3304.3398
-7.0707070707070585,65.65656565656568,-3891.448
-5.050505050505038,65.65656565656568,-3942.922
-3.030303030303031,65.65656565656568,-3624.407
-1.0101010101010104,65.65656565656568,-3437.946
1.0101010101010104,65.65656565656568,-3456.7908
3.030303030303031,65.65656565656568,-2704.068
5.050505050505052,65.65656565656568,-3533.7632
7.070707070707073,65.65656565656568,-3555.6814
9.090909090909093,65.65656565656568,-3455.2168
11.111111111111114,65.65656565656568,-4020.687
13.131313131313135,65.65656565656568,-3415.2622
15.151515151515156,65.65656565656568,-2982.3516
17.171717171717177,65.65656565656568,-4015.318
19.191919191919197,65.65656565656568,-3827.23
21.212121212121218,65.65656565656568,-3808.7153
23.23232323232324,65.65656565656568,-4084.6362
25.25252525252526,65.65656565656568,-4610.164
27.27272727272728,65.65656565656568,-4892.7954
29.2929292929293,65.65656565656568,-4972.0815
31.313131313131322,65.65656565656568,-4526.156
33.33333333333334,65.65656565656568,-4392.5557
35.353535353535364,65.65656565656568,-4562.037
37.373737373737384,65.65656565656568,-4575.739
39.393939393939405,65.65656565656568,-4404.584
41.414141414141426,65.65656565656568,-5159.639
43.43434343434345,65.65656565656568,-4408.1807
45.45454545454547,65.65656565656568,-5778.2646
47.47474747474749,65.65656565656568,-5848.6655
49.49494949494951,65.65656565656568,-6735.3623
51.51515151515153,65.65656565656568,-7317.9243
53.53535353535355,65.65656565656568,-7128.9395
55.55555555555557,65.65656565656568,-7335.555
57.57575757575759,65.65656565656568,-7284.392
59.59595959595961,65.65656565656568,-7702.2236
61.616161616161634,65.65656565656568,-7082.569
63.636363636363654,65.65656565656568,-6105.072
65.65656565656568,65.65656565656568,-7919.6855
67.6767676767677,65.65656565656568,-7992.6377
69.69696969696972,65.65656565656568,-8624.958
71.71717171717174,65.65656565656568,-7247.9023
73.73737373737376,65.65656565656568,-5737.4746
75.75757575757578,65.65656565656568,-10052.327
77.7777777777778,65.65656565656568,-9590.89
79.79797979797982,65.65656565656568,-9656.761
81.81818181818184,65.65656565656568,-11321.267
83.83838383838386,65.65656565656568,-10786.404
85.85858585858588,65.65656565656568,-13299.253
87.8787878787879,65.65656565656568,-12544.501
89.89898989898992,65.65656565656568,-13408.123
91.91919191919195,65.65656565656568,-11881.18
93.93939393939394,65.65656565656568,-12446.811
95.95959595959596,65.65656565656568,-11937.127
97.97979797979798,65.65656565656568,-14770.206
100.0,65.65656565656568,-14037.797
-100.0,67.6767676767677,-15400.702
-97.97979797979798,67.6767676767677,-12330.43
-95.95959595959596,67.6767676767677,-14756.157
-93.93939393939394,67.6767676767677,-15292.422
-91.91919191919192,67.6767676767677,-13733.3955
-89.8989898989899,67.6767676767677,-13170.739
-87.87878787878788,67.6767676767677,-12863.204
-85.85858585858585,67.6767676767677,-11814.018
-83.83838383838383,67.6767676767677,-11814.018
-81.81818181818181,67.6767676767677,-11390.503
-79.79797979797979,67.6767676767677,-11925.445
-77.77777777777777,67.6767676767677,-9623.079
-75.75757575757575,67.6767676767677,-10695.914
-73.73737373737373,67.6767676767677,-11273.61
-71.71717171717171,67.6767676767677,-10939.806
-69.69696969696969,67.6767676767677,-11166.621
-67.67676767676767,67.6767676767677,-9699.666
-65.65656565656565,67.6767676767677,-8628.416
-63.63636363636363,67.6767676767677,-8276.028
-61.61616161616161,67.6767676767677,-7668.5186
-59.59595959595959,67.6767676767677,-7889.123
-57.57575757575757,67.6767676767677,-8105.189
-55.55555555555555,67.6767676767677,-8181.9106
-53.53535353535353,67.6767676767677,-8088.43
-51.515151515151516,67.6767676767677,-7922.404
-49.494949494949495,67.6767676767677,-8100.4326
-47.474747474747474,67.6767676767677,-7926.0527
-45.45454545454545,67.6767676767677,-7801.7344
-43.43434343434343,67.6767676767677,-8236.723
-41.41414141414141,67.6767676767677,-7495.8633
-39.39393939393939,67.6767676767677,-6471.549
-37.37373737373737,67.6767676767677,-6449.8394
-35.35353535353535,67.6767676767677,-5109.698
-33.33333333333333,67.6767676767677,-4486.7617
-31.313131313131308,67.6767676767677,-4188.4053
-29.292929292929287,67.6767676767677,-4037.36
-27.272727272727266,67.6767676767677,-5241.4053
-25.252525252525245,67.6767676767677,-5467.78
-23.232323232323225,67.6767676767677,-5481.718
-21.212121212121204,67.6767676767677,-6297.966
-19.191919191919183,67.6767676767677,-5172.318
-17.171717171717162,67.6767676767677,-5037.67
-15.151515151515142,67.6767676767677,-4821.6533
-13.13131313131312,67.6767676767677,-4632.1797
-11.1111111111111,67.6767676767677,-4536.3633
-9.09090909090908,67.6767676767677,-4894.6113
-7.0707070707070585,67.6767676767677,-4916.7725
-5.050505050505038,67.6767676767677,-4968.247
-3.030303030303031,67.6767676767677,-4509.1875
-1.0101010101010104,67.6767676767677,-4816.9062
1.0101010101010104,67.6767676767677,-4610.5635
3.030303030303031,67.6767676767677,-3822.1194
5.050505050505052,67.6767676767677,-4704.5483
7.070707070707073,67.6767676767677,-4556.7295
9.090909090909093,67.6767676767677,-4639.203
11.111111111111114,67.6767676767677,-5204.6743
13.131313131313135,67.6767676767677,-4599.25
15.151515151515156,67.6767676767677,-4166.338
17.171717171717177,67.6767676767677,-5063.4043
19.191919191919197,67.6767676767677,-4875.3145
21.212121212121218,67.6767676767677,-4856.8
23.23232323232324,67.6767676767677,-5295.249
25.25252525252526,67.6767676767677,-5497.2065
27.27272727272728,67.6767676767677,-5779.838
29.2929292929293,67.6767676767677,-5859.124
31.313131313131322,67.6767676767677,-5413.198
33.33333333333334,67.6767676767677,-5279.598
35.353535353535364,67.6767676767677,-5240.915
37.373737373737384,67.6767676767677,-5462.7812
39.393939393939405,67.6767676767677,-5291.6265
41.414141414141426,67.6767676767677,-6159.5786
43.43434343434345,67.6767676767677,-6051.5107
45.45454545454547,67.6767676767677,-6839.0166
47.47474747474749,67.6767676767677,-6909.4175
49.49494949494951,67.6767676767677,-7796.1143
51.51515151515153,67.6767676767677,-8378.672
53.53535353535355,67.6767676767677,-8188.497
55.55555555555557,67.6767676767677,-8395.108
57.57575757575759,67.6767676767677,-8343.942
59.59595959595961,67.6767676767677,-8761.774
61.616161616161634,67.6767676767677,-8318.725
63.636363636363654,67.6767676767677,-7832.839
65.65656565656568,67.6767676767677,-8786.698
67.6767676767677,67.6767676767677,-9370.293
69.69696969696972,67.6767676767677,-9333.66
71.71717171717174,67.6767676767677,-8417.404
73.73737373737376,67.6767676767677,-6979.8345
75.75757575757578,67.6767676767677,-9662.252
77.7777777777778,67.6767676767677,-10387.861
79.79797979797982,67.6767676767677,-10453.732
81.81818181818184,67.6767676767677,-11656.584
83.83838383838386,67.6767676767677,-11299.828
85.85858585858588,67.6767676767677,-13549.39
87.8787878787879,67.6767676767677,-11815.372
89.89898989898992,67.6767676767677,-12438.377
91.91919191919195,67.6767676767677,-12578.189
93.93939393939394,67.6767676767677,-14976.28
95.95959595959596,67.6767676767677,-12556.398
97.97979797979798,67.6767676767677,-15819.337
100.0,67.6767676767677,-15204.578
-100.0,69.69696969696972,-12762.19
-97.97979797979798,69.69696969696972,-12515.985
-95.95959595959596,69.69696969696972,-14332.592
-93.93939393939394,69.69696969696972,-14951.813
-91.91919191919192,69.69696969696972,-13980.493
-89.8989898989899,69.69696969696972,-13212.785
-87.87878787878788,69.69696969696972,-12581.826
-85.85858585858585,69.69696969696972,-11570.92
-83.83838383838383,69.69696969696972,-11570.92
-81.81818181818181,69.69696969696972,-11357.918
-79.79797979797979,69.69696969696972,-11892.86
-77.77777777777777,69.69696969696972,-10360.91
-75.75757575757575,69.69696969696972,-10779.2295
-73.73737373737373,69.69696969696972,-11356.926
-71.71717171717171,69.69696969696972,-11792.891
-69.69696969696969,69.69696969696972,-12119.345
-67.67676767676767,69.69696969696972,-10605.684
-65.65656565656565,69.69696969696972,-8933.923
-63.63636363636363,69.69696969696972,-8028.8843
-61.61616161616161,69.69696969696972,-7421.37
-59.59595959595959,69.69696969696972,-7641.9785
-57.57575757575757,69.69696969696972,-7858.0396
-55.55555555555555,69.69696969696972,-7934.761
-53.53535353535353,69.69696969696972,-8348.1
-51.515151515151516,69.69696969696972,-8350.514
-49.494949494949495,69.69696969696972,-8528.545
-47.474747474747474,69.69696969696972,-8354.164
-45.45454545454545,69.69696969696972,-8229.848
-43.43434343434343,69.69696969696972,-8645.908
-41.41414141414141,69.69696969696972,-7816.1914
-39.39393939393939,69.69696969696972,-7123.015
-37.37373737373737,69.69696969696972,-6841.471
-35.35353535353535,69.69696969696972,-5856.1123
-33.33333333333333,69.69696969696972,-4643.597
-31.313131313131308,69.69696969696972,-4345.2407
-29.292929292929287,69.69696969696972,-4194.196
-27.272727272727266,69.69696969696972,-5398.2407
-25.252525252525245,69.69696969696972,-5293.1567
-23.232323232323225,69.69696969696972,-5635.9067
-21.212121212121204,69.69696969696972,-6155.1245
-19.191919191919183,69.69696969696972,-5653.9014
-17.171717171717162,69.69696969696972,-6216.1553
-15.151515151515142,69.69696969696972,-5774.1465
-13.13131313131312,69.69696969696972,-5113.763
-11.1111111111111,69.69696969696972,-5017.947
-9.09090909090908,69.69696969696972,-5376.195
-7.0707070707070585,69.69696969696972,-5398.356
-5.050505050505038,69.69696969696972,-4893.2114
-3.030303030303031,69.69696969696972,-4680.7476
-1.0101010101010104,69.69696969696972,-5545.0854
1.0101010101010104,69.69696969696972,-4776.736
3.030303030303031,69.69696969696972,-4303.7046
5.050505050505052,69.69696969696972,-5186.132
7.070707070707073,69.69696969696972,-5038.313
9.090909090909093,69.69696969696972,-5120.7866
11.111111111111114,69.69696969696972,-5686.258
13.131313131313135,69.69696969696972,-5080.8335
15.151515151515156,69.69696969696972,-4647.9214
17.171717171717177,69.69696969696972,-5520.2397
19.191919191919197,69.69696969696972,-5332.15
21.212121212121218,69.69696969696972,-5313.6353
23.23232323232324,69.69696969696972,-5752.0845
25.25252525252526,69.69696969696972,-5923.199
27.27272727272728,69.69696969696972,-5017.1655
29.2929292929293,69.69696969696972,-6106.093
31.313131313131322,69.69696969696972,-5801.7007
33.33333333333334,69.69696969696972,-5668.1006
35.353535353535364,69.69696969696972,-5629.4175
37.373737373737384,69.69696969696972,-5780.949
39.393939393939405,69.69696969696972,-5609.7944
41.414141414141426,69.69696969696972,-6625.2827
43.43434343434345,69.69696969696972,-6517.215
45.45454545454547,69.69696969696972,-7175.0815
47.47474747474749,69.69696969696972,-7245.4824
49.49494949494951,69.69696969696972,-8132.179
51.51515151515153,69.69696969696972,-9060.716
53.53535353535355,69.69696969696972,-8870.54
55.55555555555557,69.69696969696972,-8883.562
57.57575757575759,69.69696969696972,-8832.3955
59.59595959595961,69.69696969696972,-9250.228
61.616161616161634,69.69696969696972,-8807.178
63.636363636363654,69.69696969696972,-8862.509
65.65656565656568,69.69696969696972,-8112.8965
67.6767676767677,69.69696969696972,-11033.766
69.69696969696972,69.69696969696972,-10394.63
71.71717171717174,69.69696969696972,-10708.31
73.73737373737376,69.69696969696972,-10316.668
75.75757575757578,69.69696969696972,-11108.449
77.7777777777778,69.69696969696972,-11220.19
79.79797979797982,69.69696969696972,-11286.062
81.81818181818184,69.69696969696972,-11865.42
83.83838383838386,69.69696969696972,-11502.255
85.85858585858588,69.69696969696972,-13638.679
87.8787878787879,69.69696969696972,-11457.219
89.89898989898992,69.69696969696972,-12362.471
91.91919191919195,69.69696969696972,-12174.48
93.93939393939394,69.69696969696972,-12901.51
95.95959595959596,69.69696969696972,-13590.997
97.97979797979798,69.69696969696972,-14837.051
100.0,69.69696969696972,-15127.541
-100.0,71.71717171717174,-16274.944
-97.97979797979798,71.71717171717174,-13653.974
-95.95959595959596,71.71717171717174,-14801.788
-93.93939393939394,71.71717171717174,-16027.811
-91.91919191919192,71.71717171717174,-13957.388
-89.8989898989899,71.71717171717174,-13131.797
-87.87878787878788,71.71717171717174,-13222.832
-85.85858585858585,71.71717171717174,-12211.926
-83.83838383838383,71.71717171717174,-10741.021
-81.81818181818181,71.71717171717174,-10486.266
-79.79797979797979,71.71717171717174,-11021.208
-77.77777777777777,71.71717171717174,-9956.808
-75.75757575757575,71.71717171717174,-10026.235
-73.73737373737373,71.71717171717174,-10603.932
-71.71717171717171,71.71717171717174,-10623.276
-69.69696969696969,71.71717171717174,-10802.736
-67.67676767676767,71.71717171717174,-9330.859
-65.65656565656565,71.71717171717174,-8656.329
-63.63636363636363,71.71717171717174,-8802.922
-61.61616161616161,71.71717171717174,-8320.039
-59.59595959595959,71.71717171717174,-8190.955
-57.57575757575757,71.71717171717174,-8407.025
-55.55555555555555,71.71717171717174,-9447.13
-53.53535353535353,71.71717171717174,-8997.355
-51.515151515151516,71.71717171717174,-8477.543
-49.494949494949495,71.71717171717174,-8538.23
-47.474747474747474,71.71717171717174,-8363.852
-45.45454545454545,71.71717171717174,-8239.532
-43.43434343434343,71.71717171717174,-8220.273
-41.41414141414141,71.71717171717174,-8244.281
-39.39393939393939,71.71717171717174,-7382.1562
-37.37373737373737,71.71717171717174,-6959.9883
-35.35353535353535,71.71717171717174,-6110.054
-33.33333333333333,71.71717171717174,-5912.9175
-31.313131313131308,71.71717171717174,-7408.4688
-29.292929292929287,71.71717171717174,-6905.966
-27.272727272727266,71.71717171717174,-6560.568
-25.252525252525245,71.71717171717174,-5987.9067
-23.232323232323225,71.71717171717174,-6001.8447
-21.212121212121204,71.71717171717174,-6521.0625
-19.191919191919183,71.71717171717174,-6050.4487
-17.171717171717162,71.71717171717174,-6100.952
-15.151515151515142,71.71717171717174,-6096.609
-13.13131313131312,71.71717171717174,-5070.562
-11.1111111111111,71.71717171717174,-5164.9224
-9.09090909090908,71.71717171717174,-5523.1704
-7.0707070707070585,71.71717171717174,-5545.3315
-5.050505050505038,71.71717171717174,-5496.823
-3.030303030303031,71.71717171717174,-5284.3594
-1.0101010101010104,71.71717171717174,-5692.061
1.0101010101010104,71.71717171717174,-4923.7114
3.030303030303031,71.71717171717174,-4321.9297
5.050505050505052,71.71717171717174,-5204.357
7.070707070707073,71.71717171717174,-5056.538
9.090909090909093,71.71717171717174,-5139.0117
11.111111111111114,71.71717171717174,-5704.483
13.131313131313135,71.71717171717174,-4507.493
15.151515151515156,71.71717171717174,-4074.581
17.171717171717177,71.71717171717174,-5764.473
19.191919191919197,71.71717171717174,-5451.9346
21.212121212121218,71.71717171717174,-5433.42
23.23232323232324,71.71717171717174,-5830.096
25.25252525252526,71.71717171717174,-5965.117
27.27272727272728,71.71717171717174,-5059.0835
29.2929292929293,71.71717171717174,-6345.225
31.313131313131322,71.71717171717174,-5921.4565
33.33333333333334,71.71717171717174,-5787.8564
35.353535353535364,71.71717171717174,-6269.4526
37.373737373737384,71.71717171717174,-5900.705
39.393939393939405,71.71717171717174,-5358.234
41.414141414141426,71.71717171717174,-6627.789
43.43434343434345,71.71717171717174,-6458.9087
45.45454545454547,71.71717171717174,-7116.7754
47.47474747474749,71.71717171717174,-7112.6245
49.49494949494951,71.71717171717174,-7999.3213
51.51515151515153,71.71717171717174,-8996.083
53.53535353535355,71.71717171717174,-8913.419
55.55555555555557,71.71717171717174,-8741.017
57.57575757575759,71.71717171717174,-8689.851
59.59595959595961,71.71717171717174,-8182.754
61.616161616161634,71.71717171717174,-8664.633
63.636363636363654,71.71717171717174,-9479.127
65.65656565656568,71.71717171717174,-7970.35
67.6767676767677,71.71717171717174,-10259.796
69.69696969696972,71.71717171717174,-10223.163
71.71717171717174,71.71717171717174,-10389.011
73.73737373737376,71.71717171717174,-9961.754
75.75757575757578,71.71717171717174,-10820.466
77.7777777777778,71.71717171717174,-10957.366
79.79797979797982,71.71717171717174,-11147.727
81.81818181818184,71.71717171717174,-11885.739
83.83838383838386,71.71717171717174,-11522.574
85.85858585858588,71.71717171717174,-13483.3955
87.8787878787879,71.71717171717174,-10042.719
89.89898989898992,71.71717171717174,-11357.751
91.91919191919195,71.71717171717174,-11970.767
93.93939393939394,71.71717171717174,-13059.041
95.95959595959596,71.71717171717174,-14024.287
97.97979797979798,71.71717171717174,-15050.184
100.0,71.71717171717174,-18601.652
-100.0,73.73737373737376,-15781.386
-97.97979797979798,73.73737373737376,-14042.307
-95.95959595959596,73.73737373737376,-15424.281
-93.93939393939394,73.73737373737376,-16092.045
-91.91919191919192,73.73737373737376,-14021.622
-89.8989898989899,73.73737373737376,-13109.322
-87.87878787878788,73.73737373737376,-12478.363
-85.85858585858585,73.73737373737376,-11467.457
-83.83838383838383,73.73737373737376,-11467.457
-81.81818181818181,73.73737373737376,-11212.701
-79.79797979797979,73.73737373737376,-11747.644
-77.77777777777777,73.73737373737376,-11448.908
-75.75757575757575,73.73737373737376,-10483.043
-73.73737373737373,73.73737373737376,-11060.739
-71.71717171717171,73.73737373737376,-11080.084
-69.69696969696969,73.73737373737376,-11033.909
-67.67676767676767,73.73737373737376,-8897.326
-65.65656565656565,73.73737373737376,-8629.031
-63.63636363636363,73.73737373737376,-8775.624
-61.61616161616161,73.73737373737376,-8292.741
-59.59595959595959,73.73737373737376,-8163.6597
-57.57575757575757,73.73737373737376,-8536.349
-55.55555555555555,73.73737373737376,-10299.031
-53.53535353535353,73.73737373737376,-8468.452
-51.515151515151516,73.73737373737376,-8346.96
-49.494949494949495,73.73737373737376,-8407.648
-47.474747474747474,73.73737373737376,-8233.268
-45.45454545454545,73.73737373737376,-8108.949
-43.43434343434343,73.73737373737376,-8089.6934
-41.41414141414141,73.73737373737376,-8113.7007
-39.39393939393939,73.73737373737376,-6983.2275
-37.37373737373737,73.73737373737376,-6725.2944
-35.35353535353535,73.73737373737376,-5979.469
-33.33333333333333,73.73737373737376,-5856.065
-31.313131313131308,73.73737373737376,-7432.621
-29.292929292929287,73.73737373737376,-6465.217
-27.272727272727266,73.73737373737376,-6214.0854
-25.252525252525245,73.73737373737376,-5931.054
-23.232323232323225,73.73737373737376,-5944.992
-21.212121212121204,73.73737373737376,-6464.21
-19.191919191919183,73.73737373737376,-5993.596
-17.171717171717162,73.73737373737376,-6044.0996
-15.151515151515142,73.73737373737376,-6044.694
-13.13131313131312,73.73737373737376,-5018.647
-11.1111111111111,73.73737373737376,-5152.723
-9.09090909090908,73.73737373737376,-5510.971
-7.0707070707070585,73.73737373737376,-5533.1323
-5.050505050505038,73.73737373737376,-5484.624
-3.030303030303031,73.73737373737376,-5272.16
-1.0101010101010104,73.73737373737376,-5679.862
1.0101010101010104,73.73737373737376,-4911.512
3.030303030303031,73.73737373737376,-4438.481
5.050505050505052,73.73737373737376,-5320.908
7.070707070707073,73.73737373737376,-5173.0894
9.090909090909093,73.73737373737376,-5255.563
11.111111111111114,73.73737373737376,-5821.034
13.131313131313135,73.73737373737376,-5361.304
15.151515151515156,73.73737373737376,-6288.765
17.171717171717177,73.73737373737376,-6207.821
19.191919191919197,73.73737373737376,-5895.282
21.212121212121218,73.73737373737376,-5876.7676
23.23232323232324,73.73737373737376,-5961.2397
25.25252525252526,73.73737373737376,-5806.535
27.27272727272728,73.73737373737376,-4900.5015
29.2929292929293,73.73737373737376,-6255.526
31.313131313131322,73.73737373737376,-5922.798
33.33333333333334,73.73737373737376,-5789.1978
35.353535353535364,73.73737373737376,-6495.9673
37.373737373737384,73.73737373737376,-6127.2197
39.393939393939405,73.73737373737376,-5584.7485
41.414141414141426,73.73737373737376,-6854.3037
43.43434343434345,73.73737373737376,-6685.4233
45.45454545454547,73.73737373737376,-7343.29
47.47474747474749,73.73737373737376,-7339.139
49.49494949494951,73.73737373737376,-8182.884
51.51515151515153,73.73737373737376,-9179.6455
53.53535353535355,73.73737373737376,-9096.981
55.55555555555557,73.73737373737376,-8924.579
57.57575757575759,73.73737373737376,-8769.199
59.59595959595961,73.73737373737376,-7675.748
61.616161616161634,73.73737373737376,-8157.6235
63.636363636363654,73.73737373737376,-9662.689
65.65656565656568,73.73737373737376,-8750.691
67.6767676767677,73.73737373737376,-10443.358
69.69696969696972,73.73737373737376,-10406.726
71.71717171717174,73.73737373737376,-10572.573
73.73737373737376,73.73737373737376,-10136.228
75.75757575757578,73.73737373737376,-10889.576
77.7777777777778,73.73737373737376,-11131.84
79.79797979797982,73.73737373737376,-11322.2
81.81818181818184,73.73737373737376,-11748.008
83.83838383838386,73.73737373737376,-10614.8125
85.85858585858588,73.73737373737376,-11218.384
87.8787878787879,73.73737373737376,-9570.748
89.89898989898992,73.73737373737376,-12245.661
91.91919191919195,73.73737373737376,-12858.677
93.93939393939394,73.73737373737376,-13176.803
95.95959595959596,73.73737373737376,-14073.166
97.97979797979798,73.73737373737376,-14016.16
100.0,73.73737373737376,-16591.664
-100.0,75.75757575757578,-15426.813
-97.97979797979798,75.75757575757578,-13373.364
-95.95959595959596,75.75757575757578,-16210.35
-93.93939393939394,75.75757575757578,-14464.778
-91.91919191919192,75.75757575757578,-14441.413
-89.8989898989899,75.75757575757578,-13030.632
-87.87878787878788,75.75757575757578,-12568.354
-85.85858585858585,75.75757575757578,-11597.118
-83.83838383838383,75.75757575757578,-11597.118
-81.81818181818181,75.75757575757578,-11154.211
-79.79797979797979,75.75757575757578,-11550.37
-77.77777777777777,75.75757575757578,-11616.39
-75.75757575757575,75.75757575757578,-10629.46
-73.73737373737373,75.75757575757578,-11207.156
-71.71717171717171,75.75757575757578,-11331.584
-69.69696969696969,75.75757575757578,-11612.073
-67.67676767676767,75.75757575757578,-9615.171
-65.65656565656565,75.75757575757578,-9504.044
-63.63636363636363,75.75757575757578,-9582.803
-61.61616161616161,75.75757575757578,-9127.793
-59.59595959595959,75.75757575757578,-9239.262
-57.57575757575757,75.75757575757578,-9611.95
-55.55555555555555,75.75757575757578,-9025.442
-53.53535353535353,75.75757575757578,-9303.504
-51.515151515151516,75.75757575757578,-8697.208
-49.494949494949495,75.75757575757578,-9176.467
-47.474747474747474,75.75757575757578,-8768.578
-45.45454545454545,75.75757575757578,-8644.259
-43.43434343434343,75.75757575757578,-8543.956
-41.41414141414141,75.75757575757578,-8567.963
-39.39393939393939,75.75757575757578,-7467.4307
-37.37373737373737,75.75757575757578,-7057.355
-35.35353535353535,75.75757575757578,-6666.6616
-33.33333333333333,75.75757575757578,-6241.6284
-31.313131313131308,75.75757575757578,-8119.8135
-29.292929292929287,75.75757575757578,-6781.4453
-27.272727272727266,75.75757575757578,-6927.2773
-25.252525252525245,75.75757575757578,-6644.246
-23.232323232323225,75.75757575757578,-5076.7407
-21.212121212121204,75.75757575757578,-7134.1846
-19.191919191919183,75.75757575757578,-6663.571
-17.171717171717162,75.75757575757578,-6714.074
-15.151515151515142,75.75757575757578,-6462.9014
-13.13131313131312,75.75757575757578,-5623.53
-11.1111111111111,75.75757575757578,-5757.606
-9.09090909090908,75.75757575757578,-6115.854
-7.0707070707070585,75.75757575757578,-6138.015
-5.050505050505038,75.75757575757578,-6089.507
-3.030303030303031,75.75757575757578,-5877.043
-1.0101010101010104,75.75757575757578,-6284.7446
1.0101010101010104,75.75757575757578,-5516.395
3.030303030303031,75.75757575757578,-5223.6343
5.050505050505052,75.75757575757578,-5925.791
7.070707070707073,75.75757575757578,-5777.972
9.090909090909093,75.75757575757578,-5860.446
11.111111111111114,75.75757575757578,-6425.917
13.131313131313135,75.75757575757578,-5966.187
15.151515151515156,75.75757575757578,-6893.648
17.171717171717177,75.75757575757578,-6783.121
19.191919191919197,75.75757575757578,-6554.073
21.212121212121218,75.75757575757578,-6535.5586
23.23232323232324,75.75757575757578,-6601.0444
25.25252525252526,75.75757575757578,-7283.2188
27.27272727272728,75.75757575757578,-6031.5576
29.2929292929293,75.75757575757578,-7433.7393
31.313131313131322,75.75757575757578,-7276.3496
33.33333333333334,75.75757575757578,-6973.154
35.353535353535364,75.75757575757578,-7293.024
37.373737373737384,75.75757575757578,-6793.697
39.393939393939405,75.75757575757578,-5871.8438
41.414141414141426,75.75757575757578,-7592.425
43.43434343434345,75.75757575757578,-7423.5444
45.45454545454547,75.75757575757578,-7981.689
47.47474747474749,75.75757575757578,-7977.538
49.49494949494951,75.75757575757578,-8437.315
51.51515151515153,75.75757575757578,-9434.084
53.53535353535355,75.75757575757578,-9351.42
55.55555555555557,75.75757575757578,-9179.018
57.57575757575759,75.75757575757578,-8754.402
59.59595959595961,75.75757575757578,-8288.727
61.616161616161634,75.75757575757578,-8749.818
63.636363636363654,75.75757575757578,-10502.234
65.65656565656568,75.75757575757578,-9296.866
67.6767676767677,75.75757575757578,-11331.519
69.69696969696972,75.75757575757578,-11294.886
71.71717171717174,75.75757575757578,-11460.733
73.73737373737376,75.75757575757578,-10635.093
75.75757575757578,75.75757575757578,-11626.043
77.7777777777778,75.75757575757578,-12386.994
79.79797979797982,75.75757575757578,-12378.603
81.81818181818184,75.75757575757578,-14131.009
83.83838383838386,75.75757575757578,-11839.226
85.85858585858588,75.75757575757578,-12883.407
87.8787878787879,75.75757575757578,-12002.732
89.89898989898992,75.75757575757578,-12816.489
91.91919191919195,75.75757575757578,-12512.085
93.93939393939394,75.75757575757578,-14022.552
95.95959595959596,75.75757575757578,-15448.948
97.97979797979798,75.75757575757578,-15650.625
100.0,75.75757575757578,-13609.46
-100.0,77.7777777777778,-15581.357
-97.97979797979798,77.7777777777778,-13489.504
-95.95959595959596,77.7777777777778,-15686.657
-93.93939393939394,77.7777777777778,-14818.365
-91.91919191919192,77.7777777777778,-14920.1
-89.8989898989899,77.7777777777778,-13749.414
-87.87878787878788,77.7777777777778,-12962.632
-85.85858585858585,77.7777777777778,-12617.108
-83.83838383838383,77.7777777777778,-12617.108
-81.81818181818181,77.7777777777778,-12174.201
-79.79797979797979,77.7777777777778,-12570.36
-77.77777777777777,77.7777777777778,-12636.38
-75.75757575757575,77.7777777777778,-11588.1045
-73.73737373737373,77.7777777777778,-12165.801
-71.71717171717171,77.7777777777778,-12290.229
-69.69696969696969,77.7777777777778,-12059.731
-67.67676767676767,77.7777777777778,-9732.495
-65.65656565656565,77.7777777777778,-9621.367
-63.63636363636363,77.7777777777778,-10205.554
-61.61616161616161,77.7777777777778,-9416.501
-59.59595959595959,77.7777777777778,-9015.395
-57.57575757575757,77.7777777777778,-9388.083
-55.55555555555555,77.7777777777778,-8859.8955
-53.53535353535353,77.7777777777778,-9550.873
-51.515151515151516,77.7777777777778,-9173.134
-49.494949494949495,77.7777777777778,-9691.8545
-47.474747474747474,77.7777777777778,-9283.966
-45.45454545454545,77.7777777777778,-9159.646
-43.43434343434343,77.7777777777778,-9059.344
-41.41414141414141,77.7777777777778,-9083.353
-39.39393939393939,77.7777777777778,-8749.057
-37.37373737373737,77.7777777777778,-7652.0503
-35.35353535353535,77.7777777777778,-7490.2173
-33.33333333333333,77.7777777777778,-7749.6816
-31.313131313131308,77.7777777777778,-9795.644
-29.292929292929287,77.7777777777778,-7339.4907
-27.272727272727266,77.7777777777778,-7485.3228
-25.252525252525245,77.7777777777778,-7191.6475
-23.232323232323225,77.7777777777778,-6858.615
-21.212121212121204,77.7777777777778,-7405.3516
-19.191919191919183,77.7777777777778,-6407.498
-17.171717171717162,77.7777777777778,-6580.72
-15.151515151515142,77.7777777777778,-6404.102
-13.13131313131312,77.7777777777778,-5564.7305
-11.1111111111111,77.7777777777778,-5698.8066
-9.09090909090908,77.7777777777778,-6057.0547
-7.0707070707070585,77.7777777777778,-6079.216
-5.050505050505038,77.7777777777778,-6030.7075
-3.030303030303031,77.7777777777778,-5573.52
-1.0101010101010104,77.7777777777778,-6225.9453
1.0101010101010104,77.7777777777778,-5457.5957
3.030303030303031,77.7777777777778,-5164.835
5.050505050505052,77.7777777777778,-5866.9917
7.070707070707073,77.7777777777778,-5719.173
9.090909090909093,77.7777777777778,-5801.6465
11.111111111111114,77.7777777777778,-6367.1177
13.131313131313135,77.7777777777778,-5907.3877
15.151515151515156,77.7777777777778,-5994.7603
17.171717171717177,77.7777777777778,-6478.7075
19.191919191919197,77.7777777777778,-6249.6597
21.212121212121218,77.7777777777778,-6231.145
23.23232323232324,77.7777777777778,-6401.6504
25.25252525252526,77.7777777777778,-8417.266
27.27272727272728,77.7777777777778,-5614.3013
29.2929292929293,77.7777777777778,-7419.8237
31.313131313131322,77.7777777777778,-6858.558
33.33333333333334,77.7777777777778,-6724.958
35.353535353535364,77.7777777777778,-7044.828
37.373737373737384,77.7777777777778,-6019.617
39.393939393939405,77.7777777777778,-5097.7637
41.414141414141426,77.7777777777778,-7344.229
43.43434343434345,77.7777777777778,-7175.3486
45.45454545454547,77.7777777777778,-7541.291
47.47474747474749,77.7777777777778,-7747.3203
49.49494949494951,77.7777777777778,-8175.0615
51.51515151515153,77.7777777777778,-9171.822
53.53535353535355,77.7777777777778,-9309.141
55.55555555555557,77.7777777777778,-9241.835
57.57575757575759,77.7777777777778,-9088.789
59.59595959595961,77.7777777777778,-9977.013
61.616161616161634,77.7777777777778,-9726.281
63.636363636363654,77.7777777777778,-10565.053
65.65656565656568,77.7777777777778,-9359.685
67.6767676767677,77.7777777777778,-11381.284
69.69696969696972,77.7777777777778,-11344.651
71.71717171717174,77.7777777777778,-11510.499
73.73737373737376,77.7777777777778,-10464.083
75.75757575757578,77.7777777777778,-11675.809
77.7777777777778,77.7777777777778,-11881.298
79.79797979797982,77.7777777777778,-11947.169
81.81818181818184,77.7777777777778,-15148.64
83.83838383838386,77.7777777777778,-11691.039
85.85858585858588,77.7777777777778,-12614.21
87.8787878787879,77.7777777777778,-11733.534
89.89898989898992,77.7777777777778,-12879.393
91.91919191919195,77.7777777777778,-11780.786
93.93939393939394,77.7777777777778,-13952.4
95.95959595959596,77.7777777777778,-15506.114
97.97979797979798,77.7777777777778,-15258.494
100.0,77.7777777777778,-12491.281
-100.0,79.79797979797982,-13453.572
-97.97979797979798,79.79797979797982,-12701.298
-95.95959595959596,79.79797979797982,-14018.03
-93.93939393939394,79.79797979797982,-14551.519
-91.91919191919192,79.79797979797982,-13943.815
-89.8989898989899,79.79797979797982,-13203.102
-87.87878787878788,79.79797979797982,-12416.319
-85.85858585858585,79.79797979797982,-12186.39
-83.83838383838383,79.79797979797982,-12186.39
-81.81818181818181,79.79797979797982,-11743.482
-79.79797979797979,79.79797979797982,-12420.597
-77.77777777777777,79.79797979797982,-12192.865
-75.75757575757575,79.79797979797982,-11873.408
-73.73737373737373,79.79797979797982,-12451.1045
-71.71717171717171,79.79797979797982,-11617.7705
-69.69696969696969,79.79797979797982,-11387.272
-67.67676767676767,79.79797979797982,-9264.614
-65.65656565656565,79.79797979797982,-9215.013
-63.63636363636363,79.79797979797982,-9227.604
-61.61616161616161,79.79797979797982,-8772.594
-59.59595959595959,79.79797979797982,-8022.359
-57.57575757575757,79.79797979797982,-8748.025
-55.55555555555555,79.79797979797982,-8219.838
-53.53535353535353,79.79797979797982,-8910.815
-51.515151515151516,79.79797979797982,-8324.037
-49.494949494949495,79.79797979797982,-8692.258
-47.474747474747474,79.79797979797982,-8478.142
-45.45454545454545,79.79797979797982,-8353.822
-43.43434343434343,79.79797979797982,-8253.52
-41.41414141414141,79.79797979797982,-8794.569
-39.39393939393939,79.79797979797982,-8109.666
-37.37373737373737,79.79797979797982,-6764.6123
-35.35353535353535,79.79797979797982,-7267.8716
-33.33333333333333,79.79797979797982,-7492.1323
-31.313131313131308,79.79797979797982,-7288.095
-29.292929292929287,79.79797979797982,-7029.312
-27.272727272727266,79.79797979797982,-7082.8716
-25.252525252525245,79.79797979797982,-6499.266
-23.232323232323225,79.79797979797982,-6367.847
-21.212121212121204,79.79797979797982,-6773.2417
-19.191919191919183,79.79797979797982,-6037.6084
-17.171717171717162,79.79797979797982,-6236.7134
-15.151515151515142,79.79797979797982,-6206.4
-13.13131313131312,79.79797979797982,-5367.0283
-11.1111111111111,79.79797979797982,-5501.1045
-9.09090909090908,79.79797979797982,-5491.843
-7.0707070707070585,79.79797979797982,-5514.004
-5.050505050505038,79.79797979797982,-6050.9863
-3.030303030303031,79.79797979797982,-6604.62
-1.0101010101010104,79.79797979797982,-6152.358
1.0101010101010104,79.79797979797982,-5586.2124
3.030303030303031,79.79797979797982,-5293.4517
5.050505050505052,79.79797979797982,-6106.4585
7.070707070707073,79.79797979797982,-5752.73
9.090909090909093,79.79797979797982,-5835.2036
11.111111111111114,79.79797979797982,-6783.5894
13.131313131313135,79.79797979797982,-5492.9927
15.151515151515156,79.79797979797982,-5879.048
17.171717171717177,79.79797979797982,-6512.2646
19.191919191919197,79.79797979797982,-6283.217
21.212121212121218,79.79797979797982,-6264.702
23.23232323232324,79.79797979797982,-6386.895
25.25252525252526,79.79797979797982,-5007.376
27.27272727272728,79.79797979797982,-4655.3936
29.2929292929293,79.79797979797982,-5574.012
31.313131313131322,79.79797979797982,-7230.136
33.33333333333334,79.79797979797982,-7900.1763
35.353535353535364,79.79797979797982,-8426.849
37.373737373737384,79.79797979797982,-6468.6606
39.393939393939405,79.79797979797982,-5340.0034
41.414141414141426,79.79797979797982,-7906.908
43.43434343434345,79.79797979797982,-7358.064
45.45454545454547,79.79797979797982,-7640.4478
47.47474747474749,79.79797979797982,-7636.297
49.49494949494951,79.79797979797982,-7990.9863
51.51515151515153,79.79797979797982,-8987.747
53.53535353535355,79.79797979797982,-9125.065
55.55555555555557,79.79797979797982,-9090.584
57.57575757575759,79.79797979797982,-8937.538
59.59595959595961,79.79797979797982,-10058.144
61.616161616161634,79.79797979797982,-9382.443
63.636363636363654,79.79797979797982,-9291.75
65.65656565656568,79.79797979797982,-9900.222
67.6767676767677,79.79797979797982,-12210.95
69.69696969696972,79.79797979797982,-12174.317
71.71717171717174,79.79797979797982,-12340.165
73.73737373737376,79.79797979797982,-11951.142
75.75757575757578,79.79797979797982,-12537.294
77.7777777777778,79.79797979797982,-12269.903
79.79797979797982,79.79797979797982,-12335.774
81.81818181818184,79.79797979797982,-16909.102
83.83838383838386,79.79797979797982,-13451.489
85.85858585858588,79.79797979797982,-16634.545
87.8787878787879,79.79797979797982,-14036.565
89.89898989898992,79.79797979797982,-14919.074
91.91919191919195,79.79797979797982,-13378.924
93.93939393939394,79.79797979797982,-15552.918
95.95959595959596,79.79797979797982,-17490.889
97.97979797979798,79.79797979797982,-16732.4
100.0,79.79797979797982,-16022.237
-100.0,81.81818181818184,-16015.059
-97.97979797979798,81.81818181818184,-15121.568
-95.95959595959596,81.81818181818184,-15161.395
-93.93939393939394,81.81818181818184,-16203.295
-91.91919191919192,81.81818181818184,-15674.693
-89.8989898989899,81.81818181818184,-14999.557
-87.87878787878788,81.81818181818184,-13575.6455
-85.85858585858585,81.81818181818184,-12679.77
-83.83838383838383,81.81818181818184,-12584.632
-81.81818181818181,81.81818181818184,-12034.52
-79.79797979797979,81.81818181818184,-12711.634
-77.77777777777777,81.81818181818184,-11852.6
-75.75757575757575,81.81818181818184,-11545.773
-73.73737373737373,81.81818181818184,-12123.47
-71.71717171717171,81.81818181818184,-12247.897
-69.69696969696969,81.81818181818184,-11918.129
-67.67676767676767,81.81818181818184,-10586.536
-65.65656565656565,81.81818181818184,-10581.899
-63.63636363636363,81.81818181818184,-10594.49
-61.61616161616161,81.81818181818184,-10139.48
-59.59595959595959,81.81818181818184,-9785.488
-57.57575757575757,81.81818181818184,-10511.154
-55.55555555555555,81.81818181818184,-9982.967
-53.53535353535353,81.81818181818184,-10277.702
-51.515151515151516,81.81818181818184,-9655.669
-49.494949494949495,81.81818181818184,-9774.348
-47.474747474747474,81.81818181818184,-9560.231
-45.45454545454545,81.81818181818184,-9552.498
-43.43434343434343,81.81818181818184,-9452.195
-41.41414141414141,81.81818181818184,-8996.915
-39.39393939393939,81.81818181818184,-8886.578
-37.37373737373737,81.81818181818184,-7838.797
-35.35353535353535,81.81818181818184,-8789.608
-33.33333333333333,81.81818181818184,-10175.892
-31.313131313131308,81.81818181818184,-7775.7036
-29.292929292929287,81.81818181818184,-8295.156
-27.272727272727266,81.81818181818184,-6364.244
-25.252525252525245,81.81818181818184,-8341.682
-23.232323232323225,81.81818181818184,-7472.069
-21.212121212121204,81.81818181818184,-8937.569
-19.191919191919183,81.81818181818184,-8359.872
-17.171717171717162,81.81818181818184,-8676.406
-15.151515151515142,81.81818181818184,-8800.696
-13.13131313131312,81.81818181818184,-7303.9126
-11.1111111111111,81.81818181818184,-7212.4917
-9.09090909090908,81.81818181818184,-7203.23
-7.0707070707070585,81.81818181818184,-7225.391
-5.050505050505038,81.81818181818184,-7176.883
-3.030303030303031,81.81818181818184,-7730.5166
-1.0101010101010104,81.81818181818184,-7632.486
1.0101010101010104,81.81818181818184,-7066.3403
3.030303030303031,81.81818181818184,-6591.616
5.050505050505052,81.81818181818184,-7404.623
7.070707070707073,81.81818181818184,-7050.8945
9.090909090909093,81.81818181818184,-7133.3687
11.111111111111114,81.81818181818184,-8743.86
13.131313131313135,81.81818181818184,-7057.3945
15.151515151515156,81.81818181818184,-7731.1616
17.171717171717177,81.81818181818184,-8762.73
19.191919191919197,81.81818181818184,-8135.3306
21.212121212121218,81.81818181818184,-8422.72
23.23232323232324,81.81818181818184,-8456.454
25.25252525252526,81.81818181818184,-7417.5635
27.27272727272728,81.81818181818184,-8885.544
29.2929292929293,81.81818181818184,-7420.287
31.313131313131322,81.81818181818184,-8046.6763
33.33333333333334,81.81818181818184,-7913.076
35.353535353535364,81.81818181818184,-8439.741
37.373737373737384,81.81818181818184,-7864.207
39.393939393939405,81.81818181818184,-6981.3184
41.414141414141426,81.81818181818184,-9298.523
43.43434343434345,81.81818181818184,-8749.678
45.45454545454547,81.81818181818184,-7871.6367
47.47474747474749,81.81818181818184,-8444.97
49.49494949494951,81.81818181818184,-8457.302
51.51515151515153,81.81818181818184,-9141.437
53.53535353535355,81.81818181818184,-9483.429
55.55555555555557,81.81818181818184,-9368.257
57.57575757575759,81.81818181818184,-9393.561
59.59595959595961,81.81818181818184,-9916.57
61.616161616161634,81.81818181818184,-9949.558
63.636363636363654,81.81818181818184,-9858.864
65.65656565656568,81.81818181818184,-9596.623
67.6767676767677,81.81818181818184,-11489.219
69.69696969696972,81.81818181818184,-11452.586
71.71717171717174,81.81818181818184,-11805.241
73.73737373737376,81.81818181818184,-11416.218
75.75757575757578,81.81818181818184,-11874.496
77.7777777777778,81.81818181818184,-11607.105
79.79797979797982,81.81818181818184,-11672.977
81.81818181818184,81.81818181818184,-16406.549
83.83838383838386,81.81818181818184,-14907.559
85.85858585858588,81.81818181818184,-15931.562
87.8787878787879,81.81818181818184,-13534.023
89.89898989898992,81.81818181818184,-14416.532
91.91919191919195,81.81818181818184,-13191.918
93.93939393939394,81.81818181818184,-15075.741
95.95959595959596,81.81818181818184,-16330.768
97.97979797979798,81.81818181818184,-15953.29
100.0,81.81818181818184,-17645.746
-100.0,83.83838383838386,-16357.095
-97.97979797979798,83.83838383838386,-16715.168
-95.95959595959596,83.83838383838386,-17178.03
-93.93939393939394,83.83838383838386,-16428.494
-91.91919191919192,83.83838383838386,-14401.106
-89.8989898989899,83.83838383838386,-15396.736
-87.87878787878788,83.83838383838386,-13996.5
-85.85858585858585,83.83838383838386,-12586.3955
-83.83838383838383,83.83838383838386,-12491.258
-81.81818181818181,83.83838383838386,-12154.889
-79.79797979797979,83.83838383838386,-13020.091
-77.77777777777777,83.83838383838386,-12161.057
-75.75757575757575,83.83838383838386,-11637.083
-73.73737373737373,83.83838383838386,-12450.769
-71.71717171717171,83.83838383838386,-12575.196
-69.69696969696969,83.83838383838386,-12245.428
-67.67676767676767,83.83838383838386,-12009.44
-65.65656565656565,83.83838383838386,-10871.948
-63.63636363636363,83.83838383838386,-10713.904
-61.61616161616161,83.83838383838386,-10559.884
-59.59595959595959,83.83838383838386,-10803.545
-57.57575757575757,83.83838383838386,-11145.111
-55.55555555555555,83.83838383838386,-11393.977
-53.53535353535353,83.83838383838386,-10911.659
-51.515151515151516,83.83838383838386,-10258.14
-49.494949494949495,83.83838383838386,-10103.792
-47.474747474747474,83.83838383838386,-9889.676
-45.45454545454545,83.83838383838386,-9881.942
-43.43434343434343,83.83838383838386,-9781.64
-41.41414141414141,83.83838383838386,-9135.485
-39.39393939393939,83.83838383838386,-9025.148
-37.37373737373737,83.83838383838386,-7977.3667
-35.35353535353535,83.83838383838386,-7999.142
-33.33333333333333,83.83838383838386,-7272.608
-31.313131313131308,83.83838383838386,-8060.7485
-29.292929292929287,83.83838383838386,-8580.207
-27.272727272727266,83.83838383838386,-6830.0747
-25.252525252525245,83.83838383838386,-8546.924
-23.232323232323225,83.83838383838386,-8025.3237
-21.212121212121204,83.83838383838386,-8868.997
-19.191919191919183,83.83838383838386,-8396.618
-17.171717171717162,83.83838383838386,-8713.151
-15.151515151515142,83.83838383838386,-9111.259
-13.13131313131312,83.83838383838386,-7681.9287
-11.1111111111111,83.83838383838386,-7590.508
-9.09090909090908,83.83838383838386,-7898.5967
-7.0707070707070585,83.83838383838386,-7920.758
-5.050505050505038,83.83838383838386,-7872.249
-3.030303030303031,83.83838383838386,-8108.5327
-1.0101010101010104,83.83838383838386,-8010.502
1.0101010101010104,83.83838383838386,-7444.3564
3.030303030303031,83.83838383838386,-6969.633
5.050505050505052,83.83838383838386,-7474.088
7.070707070707073,83.83838383838386,-7428.911
9.090909090909093,83.83838383838386,-7511.3843
11.111111111111114,83.83838383838386,-9121.873
13.131313131313135,83.83838383838386,-7989.243
15.151515151515156,83.83838383838386,-8364.325
17.171717171717177,83.83838383838386,-9178.27
19.191919191919197,83.83838383838386,-8550.863
21.212121212121218,83.83838383838386,-8838.26
23.23232323232324,83.83838383838386,-8871.994
25.25252525252526,83.83838383838386,-7209.679
27.27272727272728,83.83838383838386,-7027.725
29.2929292929293,83.83838383838386,-7213.731
31.313131313131322,83.83838383838386,-7841.594
33.33333333333334,83.83838383838386,-7707.9937
35.353535353535364,83.83838383838386,-7845.6343
37.373737373737384,83.83838383838386,-7462.5405
39.393939393939405,83.83838383838386,-7447.686
41.414141414141426,83.83838383838386,-9503.765
43.43434343434345,83.83838383838386,-8954.919
45.45454545454547,83.83838383838386,-8087.6577
47.47474747474749,83.83838383838386,-8762.297
49.49494949494951,83.83838383838386,-8801.663
51.51515151515153,83.83838383838386,-9485.799
53.53535353535355,83.83838383838386,-10318.901
55.55555555555557,83.83838383838386,-10203.7295
57.57575757575759,83.83838383838386,-10229.033
59.59595959595961,83.83838383838386,-10640.951
61.616161616161634,83.83838383838386,-11259.463
63.636363636363654,83.83838383838386,-10980.961
65.65656565656568,83.83838383838386,-9999.944
67.6767676767677,83.83838383838386,-12048.435
69.69696969696972,83.83838383838386,-12011.802
71.71717171717174,83.83838383838386,-12177.649
73.73737373737376,83.83838383838386,-11502.126
75.75757575757578,83.83838383838386,-11861.809
77.7777777777778,83.83838383838386,-11290.543
79.79797979797982,83.83838383838386,-11660.289
81.81818181818184,83.83838383838386,-16393.861
83.83838383838386,83.83838383838386,-13420.375
85.85858585858588,83.83838383838386,-13735.738
87.8787878787879,83.83838383838386,-13521.336
89.89898989898992,83.83838383838386,-14366.17
91.91919191919195,83.83838383838386,-13117.495
93.93939393939394,83.83838383838386,-15164.66
95.95959595959596,83.83838383838386,-16931.945
97.97979797979798,83.83838383838386,-15788.238
100.0,83.83838383838386,-18224.24
-100.0,85.85858585858588,-15266.442
-97.97979797979798,85.85858585858588,-16186.424
-95.95959595959596,85.85858585858588,-17379.93
-93.93939393939394,85.85858585858588,-16601.621
-91.91919191919192,85.85858585858588,-15965.076
-89.8989898989899,85.85858585858588,-15831.98
-87.87878787878788,85.85858585858588,-14475.461
-85.85858585858585,85.85858585858588,-13065.357
-83.83838383838383,85.85858585858588,-12744.066
-81.81818181818181,85.85858585858588,-11957.767
-79.79797979797979,85.85858585858588,-13030.209
-77.77777777777777,85.85858585858588,-12171.175
-75.75757575757575,85.85858585858588,-12055.161
-73.73737373737373,85.85858585858588,-12469.302
-71.71717171717171,85.85858585858588,-12839.506
-69.69696969696969,85.85858585858588,-12263.962
-67.67676767676767,85.85858585858588,-11275.066
-65.65656565656565,85.85858585858588,-10644.891
-63.63636363636363,85.85858585858588,-10486.847
-61.61616161616161,85.85858585858588,-10332.826
-59.59595959595959,85.85858585858588,-10272.226
-57.57575757575757,85.85858585858588,-10740.707
-55.55555555555555,85.85858585858588,-10989.572
-53.53535353535353,85.85858585858588,-10647.308
-51.515151515151516,85.85858585858588,-8319.398
-49.494949494949495,85.85858585858588,-10024.927
-47.474747474747474,85.85858585858588,-9810.811
-45.45454545454545,85.85858585858588,-9977.9
-43.43434343434343,85.85858585858588,-9877.598
-41.41414141414141,85.85858585858588,-9231.443
-39.39393939393939,85.85858585858588,-9121.106
-37.37373737373737,85.85858585858588,-8729.256
-35.35353535353535,85.85858585858588,-8019.546
-33.33333333333333,85.85858585858588,-8832.606
-31.313131313131308,85.85858585858588,-6178.1836
-29.292929292929287,85.85858585858588,-7500.4375
-27.272727272727266,85.85858585858588,-6328.5244
-25.252525252525245,85.85858585858588,-8483.526
-23.232323232323225,85.85858585858588,-7708.6504
-21.212121212121204,85.85858585858588,-8227.8
-19.191919191919183,85.85858585858588,-7755.422
-17.171717171717162,85.85858585858588,-8318.34
-15.151515151515142,85.85858585858588,-9372.907
-13.13131313131312,85.85858585858588,-7943.577
-11.1111111111111,85.85858585858588,-7852.1562
-9.09090909090908,85.85858585858588,-8160.245
-7.0707070707070585,85.85858585858588,-8182.4062
-5.050505050505038,85.85858585858588,-8133.8975
-3.030303030303031,85.85858585858588,-8370.177
-1.0101010101010104,85.85858585858588,-8272.151
1.0101010101010104,85.85858585858588,-7769.573
3.030303030303031,85.85858585858588,-7476.8125
5.050505050505052,85.85858585858588,-8613.059
7.070707070707073,85.85858585858588,-7936.091
9.090909090909093,85.85858585858588,-8018.564
11.111111111111114,85.85858585858588,-8290.744
13.131313131313135,85.85858585858588,-7451.213
15.151515151515156,85.85858585858588,-7554.395
17.171717171717177,85.85858585858588,-8720.062
19.191919191919197,85.85858585858588,-7580.1226
21.212121212121218,85.85858585858588,-7926.8325
23.23232323232324,85.85858585858588,-7943.4263
25.25252525252526,85.85858585858588,-8166.763
27.27272727272728,85.85858585858588,-8573.843
29.2929292929293,85.85858585858588,-9715.61
31.313131313131322,85.85858585858588,-8847.392
33.33333333333334,85.85858585858588,-8713.79
35.353535353535364,85.85858585858588,-9320.73
37.373737373737384,85.85858585858588,-9465.391
39.393939393939405,85.85858585858588,-9096.156
41.414141414141426,85.85858585858588,-10186.432
43.43434343434345,85.85858585858588,-9490.688
45.45454545454547,85.85858585858588,-9123.777
47.47474747474749,85.85858585858588,-9543.611
49.49494949494951,85.85858585858588,-9582.978
51.51515151515153,85.85858585858588,-10578.9
53.53535353535355,85.85858585858588,-10916.607
55.55555555555557,85.85858585858588,-10801.436
57.57575757575759,85.85858585858588,-10826.739
59.59595959595961,85.85858585858588,-13506.898
61.616161616161634,85.85858585858588,-12352.565
63.636363636363654,85.85858585858588,-12074.063
65.65656565656568,85.85858585858588,-11093.047
67.6767676767677,85.85858585858588,-14020.519
69.69696969696972,85.85858585858588,-13983.886
71.71717171717174,85.85858585858588,-14149.733
73.73737373737376,85.85858585858588,-14311.343
75.75757575757578,85.85858585858588,-13065.542
77.7777777777778,85.85858585858588,-12494.276
79.79797979797982,85.85858585858588,-12864.022
81.81818181818184,85.85858585858588,-16738.23
83.83838383838386,85.85858585858588,-13764.733
85.85858585858588,85.85858585858588,-14080.097
87.8787878787879,85.85858585858588,-13865.694
89.89898989898992,85.85858585858588,-15385.853
91.91919191919195,85.85858585858588,-13513.114
93.93939393939394,85.85858585858588,-15560.279
95.95959595959596,85.85858585858588,-17327.562
97.97979797979798,85.85858585858588,-18735.91
100.0,85.85858585858588,-19240.6
-100.0,87.8787878787879,-17950.709
-97.97979797979798,87.8787878787879,-18053.473
-95.95959595959596,87.8787878787879,-18960.404
-93.93939393939394,87.8787878787879,-17571.975
-91.91919191919192,87.8787878787879,-16661.787
-89.8989898989899,87.8787878787879,-16796.102
-87.87878787878788,87.8787878787879,-16809.879
-85.85858585858585,87.8787878787879,-14672.222
-83.83838383838383,87.8787878787879,-13888.15
-81.81818181818181,87.8787878787879,-13111.846
-79.79797979797979,87.8787878787879,-13840.914
-77.77777777777777,87.8787878787879,-14785.496
-75.75757575757575,87.8787878787879,-13871.021
-73.73737373737373,87.8787878787879,-14285.162
-71.71717171717171,87.8787878787879,-14655.366
-69.69696969696969,87.8787878787879,-13636.11
-67.67676767676767,87.8787878787879,-12554.992
-65.65656565656565,87.8787878787879,-11547.836
-63.63636363636363,87.8787878787879,-11161.931
-61.61616161616161,87.8787878787879,-11068.69
-59.59595959595959,87.8787878787879,-10991.641
-57.57575757575757,87.8787878787879,-11354.161
-55.55555555555555,87.8787878787879,-11002.658
-53.53535353535353,87.8787878787879,-11305.428
-51.515151515151516,87.8787878787879,-10500.131
-49.494949494949495,87.8787878787879,-8795.777
-47.474747474747474,87.8787878787879,-9654.781
-45.45454545454545,87.8787878787879,-9647.048
-43.43434343434343,87.8787878787879,-9546.745
-41.41414141414141,87.8787878787879,-8900.591
-39.39393939393939,87.8787878787879,-8790.254
-37.37373737373737,87.8787878787879,-8478.132
-35.35353535353535,87.8787878787879,-7414.0815
-33.33333333333333,87.8787878787879,-8123.2705
-31.313131313131308,87.8787878787879,-4654.744
-29.292929292929287,87.8787878787879,-6579.267
-27.272727272727266,87.8787878787879,-6331.5537
-25.252525252525245,87.8787878787879,-7470.4946
-23.232323232323225,87.8787878787879,-7244.5884
-21.212121212121204,87.8787878787879,-7763.7393
-19.191919191919183,87.8787878787879,-7343.012
-17.171717171717162,87.8787878787879,-7905.9346
-15.151515151515142,87.8787878787879,-8460.6875
-13.13131313131312,87.8787878787879,-7317.772
-11.1111111111111,87.8787878787879,-7226.351
-9.09090909090908,87.8787878787879,-7534.4395
-7.0707070707070585,87.8787878787879,-7556.6006
-5.050505050505038,87.8787878787879,-7508.0923
-3.030303030303031,87.8787878787879,-7744.376
-1.0101010101010104,87.8787878787879,-7646.345
1.0101010101010104,87.8787878787879,-7143.7676
3.030303030303031,87.8787878787879,-6851.007
5.050505050505052,87.8787878787879,-7987.257
7.070707070707073,87.8787878787879,-7310.285
9.090909090909093,87.8787878787879,-7392.759
11.111111111111114,87.8787878787879,-7736.064
13.131313131313135,87.8787878787879,-7151.598
15.151515151515156,87.8787878787879,-7074.3467
17.171717171717177,87.8787878787879,-8450.161
19.191919191919197,87.8787878787879,-7310.216
21.212121212121218,87.8787878787879,-7475.717
23.23232323232324,87.8787878787879,-7814.4824
25.25252525252526,87.8787878787879,-7545.465
27.27272727272728,87.8787878787879,-7952.545
29.2929292929293,87.8787878787879,-9502.393
31.313131313131322,87.8787878787879,-8226.087
33.33333333333334,87.8787878787879,-7914.328
35.353535353535364,87.8787878787879,-9044.633
37.373737373737384,87.8787878787879,-7891.103
39.393939393939405,87.8787878787879,-7521.8716
41.414141414141426,87.8787878787879,-10776.756
43.43434343434345,87.8787878787879,-9746.065
45.45454545454547,87.8787878787879,-9123.204
47.47474747474749,87.8787878787879,-9543.039
49.49494949494951,87.8787878787879,-9582.405
51.51515151515153,87.8787878787879,-10578.328
53.53535353535355,87.8787878787879,-11351.288
55.55555555555557,87.8787878787879,-11236.116
57.57575757575759,87.8787878787879,-11417.337
59.59595959595961,87.8787878787879,-13717.91
61.616161616161634,87.8787878787879,-12269.26
63.636363636363654,87.8787878787879,-11990.758
65.65656565656568,87.8787878787879,-11009.741
67.6767676767677,87.8787878787879,-13280.187
69.69696969696972,87.8787878787879,-12596.197
71.71717171717174,87.8787878787879,-12762.045
73.73737373737376,87.8787878787879,-12001.851
75.75757575757578,87.8787878787879,-12167.27
77.7777777777778,87.8787878787879,-12797.405
79.79797979797982,87.8787878787879,-12515.144
81.81818181818184,87.8787878787879,-15029.701
83.83838383838386,87.8787878787879,-12880.56
85.85858585858588,87.8787878787879,-13195.923
87.8787878787879,87.8787878787879,-12155.989
89.89898989898992,87.8787878787879,-13218.988
91.91919191919195,87.8787878787879,-12200.222
93.93939393939394,87.8787878787879,-14488.416
95.95959595959596,87.8787878787879,-15956.287
97.97979797979798,87.8787878787879,-15520.813
100.0,87.8787878787879,-15563.266
-100.0,89.89898989898992,-14337.177
-97.97979797979798,89.89898989898992,-16141.611
-95.95959595959596,89.89898989898992,-18113.496
-93.93939393939394,89.89898989898992,-17296.143
-91.91919191919192,89.89898989898992,-16954.162
-89.8989898989899,89.89898989898992,-17247.916
-87.87878787878788,89.89898989898992,-17755.297
-85.85858585858585,89.89898989898992,-16270.462
-83.83838383838383,89.89898989898992,-15486.391
-81.81818181818181,89.89898989898992,-14710.086
-79.79797979797979,89.89898989898992,-14737.817
-77.77777777777777,89.89898989898992,-15745.413
-75.75757575757575,89.89898989898992,-15276.915
-73.73737373737373,89.89898989898992,-15478.153
-71.71717171717171,89.89898989898992,-15848.357
-69.69696969696969,89.89898989898992,-14506.206
-67.67676767676767,89.89898989898992,-15332.407
-65.65656565656565,89.89898989898992,-14831.243
-63.63636363636363,89.89898989898992,-14002.167
-61.61616161616161,89.89898989898992,-14068.199
-59.59595959595959,89.89898989898992,-13991.149
-57.57575757575757,89.89898989898992,-12224.415
-55.55555555555555,89.89898989898992,-13147.604
-53.53535353535353,89.89898989898992,-13122.652
-51.515151515151516,89.89898989898992,-12317.355
-49.494949494949495,89.89898989898992,-10564.525
-47.474747474747474,89.89898989898992,-10126.243
-45.45454545454545,89.89898989898992,-10118.51
-43.43434343434343,89.89898989898992,-10018.207
-41.41414141414141,89.89898989898992,-10102.2
-39.39393939393939,89.89898989898992,-9991.863
-37.37373737373737,89.89898989898992,-9549.657
-35.35353535353535,89.89898989898992,-11453.894
-33.33333333333333,89.89898989898992,-10365.881
-31.313131313131308,89.89898989898992,-9457.012
-29.292929292929287,89.89898989898992,-9791.479
-27.272727272727266,89.89898989898992,-13239.956
-25.252525252525245,89.89898989898992,-9129.49
-23.232323232323225,89.89898989898992,-9598.147
-21.212121212121204,89.89898989898992,-9422.735
-19.191919191919183,89.89898989898992,-9057.467
-17.171717171717162,89.89898989898992,-9620.386
-15.151515151515142,89.89898989898992,-9825.635
-13.13131313131312,89.89898989898992,-8611.766
-11.1111111111111,89.89898989898992,-8520.343
-9.09090909090908,89.89898989898992,-9052.702
-7.0707070707070585,89.89898989898992,-9768.382
-5.050505050505038,89.89898989898992,-9719.87
-3.030303030303031,89.89898989898992,-8817.762
-1.0101010101010104,89.89898989898992,-8916.404
1.0101010101010104,89.89898989898992,-8413.825
3.030303030303031,89.89898989898992,-8121.0684
5.050505050505052,89.89898989898992,-9281.248
7.070707070707073,89.89898989898992,-8604.274
9.090909090909093,89.89898989898992,-8686.749
11.111111111111114,89.89898989898992,-9030.051
13.131313131313135,89.89898989898992,-8445.585
15.151515151515156,89.89898989898992,-8368.334
17.171717171717177,89.89898989898992,-9744.15
19.191919191919197,89.89898989898992,-8604.202
21.212121212121218,89.89898989898992,-8769.704
23.23232323232324,89.89898989898992,-9108.47
25.25252525252526,89.89898989898992,-8939.901
27.27272727272728,89.89898989898992,-9032.31
29.2929292929293,89.89898989898992,-8610.939
31.313131313131322,89.89898989898992,-9238.753
33.33333333333334,89.89898989898992,-8541.8955
35.353535353535364,89.89898989898992,-10057.299
37.373737373737384,89.89898989898992,-8522.313
39.393939393939405,89.89898989898992,-8187.973
41.414141414141426,89.89898989898992,-8913.526
43.43434343434345,89.89898989898992,-11303.18
45.45454545454547,89.89898989898992,-10786.968
47.47474747474749,89.89898989898992,-10899.285
49.49494949494951,89.89898989898992,-10938.652
51.51515151515153,89.89898989898992,-11720.411
53.53535353535355,89.89898989898992,-12814.434
55.55555555555557,89.89898989898992,-12699.262
57.57575757575759,89.89898989898992,-12785.797
59.59595959595961,89.89898989898992,-15086.37
61.616161616161634,89.89898989898992,-12541.931
63.636363636363654,89.89898989898992,-12602.054
65.65656565656568,89.89898989898992,-12378.201
67.6767676767677,89.89898989898992,-15069.142
69.69696969696972,89.89898989898992,-15047.447
71.71717171717174,89.89898989898992,-13551.645
73.73737373737376,89.89898989898992,-12791.45
75.75757575757578,89.89898989898992,-14166.308
77.7777777777778,89.89898989898992,-12181.222
79.79797979797982,89.89898989898992,-13371.2705
81.81818181818184,89.89898989898992,-16372.445
83.83838383838386,89.89898989898992,-15112.404
85.85858585858588,89.89898989898992,-16748.516
87.8787878787879,89.89898989898992,-14340.678
89.89898989898992,89.89898989898992,-17809.258
91.91919191919195,89.89898989898992,-15507.524
93.93939393939394,89.89898989898992,-16988.145
95.95959595959596,89.89898989898992,-18263.715
97.97979797979798,89.89898989898992,-17829.918
100.0,89.89898989898992,-14823.371
-100.0,91.91919191919195,-16726.512
-97.97979797979798,91.91919191919195,-21184.615
-95.95959595959596,91.91919191919195,-17129.266
-93.93939393939394,91.91919191919195,-16598.852
-91.91919191919192,91.91919191919195,-15183.379
-89.8989898989899,91.91919191919195,-15606.194
-87.87878787878788,91.91919191919195,-15963.525
-85.85858585858585,91.91919191919195,-15479.969
-83.83838383838383,91.91919191919195,-14695.897
-81.81818181818181,91.91919191919195,-15790.479
-79.79797979797979,91.91919191919195,-18114.988
-77.77777777777777,91.91919191919195,-13889.441
-75.75757575757575,91.91919191919195,-16616.576
-73.73737373737373,91.91919191919195,-16867.973
-71.71717171717171,91.91919191919195,-14541.549
-69.69696969696969,91.91919191919195,-12728.15
-67.67676767676767,91.91919191919195,-12585.795
-65.65656565656565,91.91919191919195,-11914.246
-63.63636363636363,91.91919191919195,-11507.617
-61.61616161616161,91.91919191919195,-12042.337
-59.59595959595959,91.91919191919195,-11965.287
-57.57575757575757,91.91919191919195,-11210.432
-55.55555555555555,91.91919191919195,-12217.44
-53.53535353535353,91.91919191919195,-12192.489
-51.515151515151516,91.91919191919195,-12083.211
-49.494949494949495,91.91919191919195,-9859.526
-47.474747474747474,91.91919191919195,-10338.467
-45.45454545454545,91.91919191919195,-10519.265
-43.43434343434343,91.91919191919195,-11198.684
-41.41414141414141,91.91919191919195,-10111.909
-39.39393939393939,91.91919191919195,-7675.7446
-37.37373737373737,91.91919191919195,-7497.5923
-35.35353535353535,91.91919191919195,-11728.057
-33.33333333333333,91.91919191919195,-10640.044
-31.313131313131308,91.91919191919195,-9533.605
-29.292929292929287,91.91919191919195,-9191.871
-27.272727272727266,91.91919191919195,-13055.927
-25.252525252525245,91.91919191919195,-9163.879
-23.232323232323225,91.91919191919195,-8568.383
-21.212121212121204,91.91919191919195,-9462.94
-19.191919191919183,91.91919191919195,-9097.672
-17.171717171717162,91.91919191919195,-9660.591
-15.151515151515142,91.91919191919195,-9930.233
-13.13131313131312,91.91919191919195,-8716.364
-11.1111111111111,91.91919191919195,-8585.874
-9.09090909090908,91.91919191919195,-9891.832
-7.0707070707070585,91.91919191919195,-9512.35
-5.050505050505038,91.91919191919195,-9558.079
-3.030303030303031,91.91919191919195,-9249.988
-1.0101010101010104,91.91919191919195,-9348.631
1.0101010101010104,91.91919191919195,-8175.7207
3.030303030303031,91.91919191919195,-7560.352
5.050505050505052,91.91919191919195,-8847.167
7.070707070707073,91.91919191919195,-8785.234
9.090909090909093,91.91919191919195,-8605.867
11.111111111111114,91.91919191919195,-8949.17
13.131313131313135,91.91919191919195,-8364.703
15.151515151515156,91.91919191919195,-8100.291
17.171717171717177,91.91919191919195,-9634.643
19.191919191919197,91.91919191919195,-8494.694
21.212121212121218,91.91919191919195,-8660.196
23.23232323232324,91.91919191919195,-8998.962
25.25252525252526,91.91919191919195,-8953.109
27.27272727272728,91.91919191919195,-9045.518
29.2929292929293,91.91919191919195,-8501.432
31.313131313131322,91.91919191919195,-9129.245
33.33333333333334,91.91919191919195,-8102.557
35.353535353535364,91.91919191919195,-10343.301
37.373737373737384,91.91919191919195,-9512.876
39.393939393939405,91.91919191919195,-9106.422
41.414141414141426,91.91919191919195,-12937.204
43.43434343434345,91.91919191919195,-9810.034
45.45454545454547,91.91919191919195,-8952.655
47.47474747474749,91.91919191919195,-9467.457
49.49494949494951,91.91919191919195,-9506.824
51.51515151515153,91.91919191919195,-10346.9
53.53535353535355,91.91919191919195,-11973.641
55.55555555555557,91.91919191919195,-12151.78
57.57575757575759,91.91919191919195,-12651.087
59.59595959595961,91.91919191919195,-14588.546
61.616161616161634,91.91919191919195,-11870.82
63.636363636363654,91.91919191919195,-11930.943
65.65656565656568,91.91919191919195,-11707.091
67.6767676767677,91.91919191919195,-14208.808
69.69696969696972,91.91919191919195,-14187.113
71.71717171717174,91.91919191919195,-16153.317
73.73737373737376,91.91919191919195,-14983.167
75.75757575757578,91.91919191919195,-18366.79
77.7777777777778,91.91919191919195,-14735.988
79.79797979797982,91.91919191919195,-14453.216
81.81818181818184,91.91919191919195,-16923.096
83.83838383838386,91.91919191919195,-15828.77
85.85858585858588,91.91919191919195,-13715.166
87.8787878787879,91.91919191919195,-15741.126
89.89898989898992,91.91919191919195,-13372.968
91.91919191919195,91.91919191919195,-12124.294
93.93939393939394,91.91919191919195,-13690.174
95.95959595959596,91.91919191919195,-17082.258
97.97979797979798,91.91919191919195,-19504.47
100.0,91.91919191919195,-19324.162
-100.0,93.93939393939394,-17586.107
-97.97979797979798,93.93939393939394,-12264.8125
-95.95959595959596,93.93939393939394,-15051.995
-93.93939393939394,93.93939393939394,-14098.047
-91.91919191919192,93.93939393939394,-13039.042
-89.8989898989899,93.93939393939394,-18134.99
-87.87878787878788,93.93939393939394,-16104.567
-85.85858585858585,93.93939393939394,-15532.537
-83.83838383838383,93.93939393939394,-16812.717
-81.81818181818181,93.93939393939394,-13677.04
-79.79797979797979,93.93939393939394,-13846.847
-77.77777777777777,93.93939393939394,-13350.918
-75.75757575757575,93.93939393939394,-14000.111
-73.73737373737373,93.93939393939394,-14778.162
-71.71717171717171,93.93939393939394,-14551.135
-69.69696969696969,93.93939393939394,-12709.054
-67.67676767676767,93.93939393939394,-13255.703
-65.65656565656565,93.93939393939394,-12584.154
-63.63636363636363,93.93939393939394,-11962.904
-61.61616161616161,93.93939393939394,-12108.671
-59.59595959595959,93.93939393939394,-11693.271
-57.57575757575757,93.93939393939394,-11826.801
-55.55555555555555,93.93939393939394,-12833.81
-53.53535353535353,93.93939393939394,-12498.525
-51.515151515151516,93.93939393939394,-12387.057
-49.494949494949495,93.93939393939394,-8791.124
-47.474747474747474,93.93939393939394,-9929.014
-45.45454545454545,93.93939393939394,-10109.812
-43.43434343434343,93.93939393939394,-10009.509
-41.41414141414141,93.93939393939394,-7602.183
-39.39393939393939,93.93939393939394,-8608.55
-37.37373737373737,93.93939393939394,-8663.687
-35.35353535353535,93.93939393939394,-10915.158
-33.33333333333333,93.93939393939394,-9958.712
-31.313131313131308,93.93939393939394,-7824.794
-29.292929292929287,93.93939393939394,-8271.968
-27.272727272727266,93.93939393939394,-12374.596
-25.252525252525245,93.93939393939394,-8529.544
-23.232323232323225,93.93939393939394,-8048.281
-21.212121212121204,93.93939393939394,-8942.838
-19.191919191919183,93.93939393939394,-7545.525
-17.171717171717162,93.93939393939394,-9302.836
-15.151515151515142,93.93939393939394,-9677.132
-13.13131313131312,93.93939393939394,-8463.263
-11.1111111111111,93.93939393939394,-7584.626
-9.09090909090908,93.93939393939394,-10283.01
-7.0707070707070585,93.93939393939394,-9127.138
-5.050505050505038,93.93939393939394,-8934.169
-3.030303030303031,93.93939393939394,-8864.277
-1.0101010101010104,93.93939393939394,-8962.92
1.0101010101010104,93.93939393939394,-8782.951
3.030303030303031,93.93939393939394,-8167.584
5.050505050505052,93.93939393939394,-8974.564
7.070707070707073,93.93939393939394,-8038.6045
9.090909090909093,93.93939393939394,-7859.236
11.111111111111114,93.93939393939394,-8202.537
13.131313131313135,93.93939393939394,-9881.923
15.151515151515156,93.93939393939394,-8440.049
17.171717171717177,93.93939393939394,-11357.5
19.191919191919197,93.93939393939394,-8899.181
21.212121212121218,93.93939393939394,-9131.845
23.23232323232324,93.93939393939394,-9712.673
25.25252525252526,93.93939393939394,-9533.516
27.27272727272728,93.93939393939394,-9625.924
29.2929292929293,93.93939393939394,-10769.516
31.313131313131322,93.93939393939394,-9709.651
33.33333333333334,93.93939393939394,-8169.617
35.353535353535364,93.93939393939394,-10720.972
37.373737373737384,93.93939393939394,-9890.547
39.393939393939405,93.93939393939394,-9338.463
41.414141414141426,93.93939393939394,-9730.888
43.43434343434345,93.93939393939394,-9434.86
45.45454545454547,93.93939393939394,-9302.693
47.47474747474749,93.93939393939394,-11055.184
49.49494949494951,93.93939393939394,-10216.237
51.51515151515153,93.93939393939394,-11135.13
53.53535353535355,93.93939393939394,-12761.87
55.55555555555557,93.93939393939394,-12646.698
57.57575757575759,93.93939393939394,-13299.028
59.59595959595961,93.93939393939394,-15123.065
61.616161616161634,93.93939393939394,-12155.182
63.636363636363654,93.93939393939394,-12215.305
65.65656565656568,93.93939393939394,-12447.218
67.6767676767677,93.93939393939394,-14394.934
69.69696969696972,93.93939393939394,-14373.239
71.71717171717174,93.93939393939394,-14465.112
73.73737373737376,93.93939393939394,-13712.49
75.75757575757578,93.93939393939394,-15420.084
77.7777777777778,93.93939393939394,-14171.269
79.79797979797982,93.93939393939394,-14053.163
81.81818181818184,93.93939393939394,-16523.035
83.83838383838386,93.93939393939394,-15089.568
85.85858585858588,93.93939393939394,-12965.738
87.8787878787879,93.93939393939394,-18204.809
89.89898989898992,93.93939393939394,-17416.156
91.91919191919195,93.93939393939394,-16488.143
93.93939393939394,93.93939393939394,-17827.064
95.95959595959596,93.93939393939394,-18808.648
97.97979797979798,93.93939393939394,-17561.83
100.0,93.93939393939394,-15361.14
-100.0,95.95959595959596,-18971.008
-97.97979797979798,95.95959595959596,-22243.424
-95.95959595959596,95.95959595959596,-18128.012
-93.93939393939394,95.95959595959596,-17976.77
-91.91919191919192,95.95959595959596,-15220.185
-89.8989898989899,95.95959595959596,-16889.617
-87.87878787878788,95.95959595959596,-18373.361
-85.85858585858585,95.95959595959596,-16361.115
-83.83838383838383,95.95959595959596,-15735.758
-81.81818181818181,95.95959595959596,-14304.48
-79.79797979797979,95.95959595959596,-14982.784
-77.77777777777777,95.95959595959596,-13799.577
-75.75757575757575,95.95959595959596,-15147.109
-73.73737373737373,95.95959595959596,-15957.634
-71.71717171717171,95.95959595959596,-16568.314
-69.69696969696969,95.95959595959596,-13669.32
-67.67676767676767,95.95959595959596,-13094.667
-65.65656565656565,95.95959595959596,-16660.928
-63.63636363636363,95.95959595959596,-13569.379
-61.61616161616161,95.95959595959596,-13349.4795
-59.59595959595959,95.95959595959596,-12265.375
-57.57575757575757,95.95959595959596,-10085.038
-55.55555555555555,95.95959595959596,-12418.617
-53.53535353535353,95.95959595959596,-12305.49
-51.515151515151516,95.95959595959596,-12346.779
-49.494949494949495,95.95959595959596,-10544.69
-47.474747474747474,95.95959595959596,-11353.408
-45.45454545454545,95.95959595959596,-10839.331
-43.43434343434343,95.95959595959596,-10776.119
-41.41414141414141,95.95959595959596,-7503.211
-39.39393939393939,95.95959595959596,-9875.43
-37.37373737373737,95.95959595959596,-9930.566
-35.35353535353535,95.95959595959596,-11659.46
-33.33333333333333,95.95959595959596,-10759.7
-31.313131313131308,95.95959595959596,-9925.16
-29.292929292929287,95.95959595959596,-10269.456
-27.272727272727266,95.95959595959596,-13864.612
-25.252525252525245,95.95959595959596,-10019.562
-23.232323232323225,95.95959595959596,-9765.502
-21.212121212121204,95.95959595959596,-10266.403
-19.191919191919183,95.95959595959596,-13151.286
-17.171717171717162,95.95959595959596,-10908.626
-15.151515151515142,95.95959595959596,-10442.734
-13.13131313131312,95.95959595959596,-9838.751
-11.1111111111111,95.95959595959596,-8411.731
-9.09090909090908,95.95959595959596,-11110.121
-7.0707070707070585,95.95959595959596,-10154.954
-5.050505050505038,95.95959595959596,-9961.985
-3.030303030303031,95.95959595959596,-9653.895
-1.0101010101010104,95.95959595959596,-9752.537
1.0101010101010104,95.95959595959596,-9572.568
3.030303030303031,95.95959595959596,-8957.199
5.050505050505052,95.95959595959596,-9764.182
7.070707070707073,95.95959595959596,-10464.301
9.090909090909093,95.95959595959596,-9571.769
11.111111111111114,95.95959595959596,-9348.883
13.131313131313135,95.95959595959596,-8457.358
15.151515151515156,95.95959595959596,-7025.574
17.171717171717177,95.95959595959596,-9434.358
19.191919191919197,95.95959595959596,-8767.225
21.212121212121218,95.95959595959596,-9921.944
23.23232323232324,95.95959595959596,-10078.629
25.25252525252526,95.95959595959596,-8685.6455
27.27272727272728,95.95959595959596,-9442.192
29.2929292929293,95.95959595959596,-7779.415
31.313131313131322,95.95959595959596,-9194.656
33.33333333333334,95.95959595959596,-8052.665
35.353535353535364,95.95959595959596,-10972.197
37.373737373737384,95.95959595959596,-9944.298
39.393939393939405,95.95959595959596,-9392.214
41.414141414141426,95.95959595959596,-8694.151
43.43434343434345,95.95959595959596,-9488.611
45.45454545454547,95.95959595959596,-9356.444
47.47474747474749,95.95959595959596,-10893.139
49.49494949494951,95.95959595959596,-10159.595
51.51515151515153,95.95959595959596,-10711.261
53.53535353535355,95.95959595959596,-13424.034
55.55555555555557,95.95959595959596,-13029.248
57.57575757575759,95.95959595959596,-13774.985
59.59595959595961,95.95959595959596,-15318.495
61.616161616161634,95.95959595959596,-11413.733
63.636363636363654,95.95959595959596,-12375.157
65.65656565656568,95.95959595959596,-13017.828
67.6767676767677,95.95959595959596,-13896.167
69.69696969696972,95.95959595959596,-14117.188
71.71717171717174,95.95959595959596,-14288.023
73.73737373737376,95.95959595959596,-13783.5
75.75757575757578,95.95959595959596,-14551.055
77.7777777777778,95.95959595959596,-14419.739
79.79797979797982,95.95959595959596,-14301.634
81.81818181818184,95.95959595959596,-16909.09
83.83838383838386,95.95959595959596,-15465.03
85.85858585858588,95.95959595959596,-13341.2
87.8787878787879,95.95959595959596,-16441.988
89.89898989898992,95.95959595959596,-16795.89
91.91919191919195,95.95959595959596,-15571.254
93.93939393939394,95.95959595959596,-17694.36
95.95959595959596,95.95959595959596,-18827.3
97.97979797979798,95.95959595959596,-17868.05
100.0,95.95959595959596,-10439.977
-100.0,97.97979797979798,-18953.36
-97.97979797979798,97.97979797979798,-20558.113
-95.95959595959596,97.97979797979798,-18252.766
-93.93939393939394,97.97979797979798,-19161.104
-91.91919191919192,97.97979797979798,-16134.854
-89.8989898989899,97.97979797979798,-17804.293
-87.87878787878788,97.97979797979798,-19811.17
-85.85858585858585,97.97979797979798,-17285.275
-83.83838383838383,97.97979797979798,-16659.922
-81.81818181818181,97.97979797979798,-14441.801
-79.79797979797979,97.97979797979798,-15831.524
-77.77777777777777,97.97979797979798,-13766.1045
-75.75757575757575,97.97979797979798,-15674.639
-73.73737373737373,97.97979797979798,-15861.204
-71.71717171717171,97.97979797979798,-16471.88
-69.69696969696969,97.97979797979798,-15601.96
-67.67676767676767,97.97979797979798,-13318.695
-65.65656565656565,97.97979797979798,-16930.562
-63.63636363636363,97.97979797979798,-12818.812
-61.61616161616161,97.97979797979798,-12948.721
-59.59595959595959,97.97979797979798,-14981.219
-57.57575757575757,97.97979797979798,-11379.291
-55.55555555555555,97.97979797979798,-13694.985
-53.53535353535353,97.97979797979798,-12895.748
-51.515151515151516,97.97979797979798,-12783.402
-49.494949494949495,97.97979797979798,-10981.3125
-47.474747474747474,97.97979797979798,-11209.601
-45.45454545454545,97.97979797979798,-10994.605
-43.43434343434343,97.97979797979798,-11617.289
-41.41414141414141,97.97979797979798,-12033.715
-39.39393939393939,97.97979797979798,-11065.909
-37.37373737373737,97.97979797979798,-10882.81
-35.35353535353535,97.97979797979798,-10639.312
-33.33333333333333,97.97979797979798,-10797.63
-31.313131313131308,97.97979797979798,-10064.862
-29.292929292929287,97.97979797979798,-10134.056
-27.272727272727266,97.97979797979798,-6380.798
-25.252525252525245,97.97979797979798,-9305.106
-23.232323232323225,97.97979797979798,-10547.288
-21.212121212121204,97.97979797979798,-10883.714
-19.191919191919183,97.97979797979798,-11475.946
-17.171717171717162,97.97979797979798,-11127.566
-15.151515151515142,97.97979797979798,-10661.675
-13.13131313131312,97.97979797979798,-9892.119
-11.1111111111111,97.97979797979798,-8231.842
-9.09090909090908,97.97979797979798,-9683.993
-7.0707070707070585,97.97979797979798,-9932.202
-5.050505050505038,97.97979797979798,-9739.233
-3.030303030303031,97.97979797979798,-9571.973
-1.0101010101010104,97.97979797979798,-9805.905
1.0101010101010104,97.97979797979798,-8923.546
3.030303030303031,97.97979797979798,-9010.567
5.050505050505052,97.97979797979798,-9817.55
7.070707070707073,97.97979797979798,-10517.669
9.090909090909093,97.97979797979798,-9658.881
11.111111111111114,97.97979797979798,-9522.184
13.131313131313135,97.97979797979798,-9347.243
15.151515151515156,97.97979797979798,-7475.007
17.171717171717177,97.97979797979798,-11202.327
19.191919191919197,97.97979797979798,-11372.402
21.212121212121218,97.97979797979798,-11069.478
23.23232323232324,97.97979797979798,-9815.166
25.25252525252526,97.97979797979798,-10488.799
27.27272727272728,97.97979797979798,-10062.842
29.2929292929293,97.97979797979798,-11108.635
31.313131313131322,97.97979797979798,-9574.834
33.33333333333334,97.97979797979798,-7944.0044
35.353535353535364,97.97979797979798,-11926.613
37.373737373737384,97.97979797979798,-10898.714
39.393939393939405,97.97979797979798,-9772.392
41.414141414141426,97.97979797979798,-8994.808
43.43434343434345,97.97979797979798,-9789.268
45.45454545454547,97.97979797979798,-9657.102
47.47474747474749,97.97979797979798,-11193.795
49.49494949494951,97.97979797979798,-9066.579
51.51515151515153,97.97979797979798,-11511.831
53.53535353535355,97.97979797979798,-13998.059
55.55555555555557,97.97979797979798,-12515.201
57.57575757575759,97.97979797979798,-13145.948
59.59595959595961,97.97979797979798,-14019.051
61.616161616161634,97.97979797979798,-8975.157
63.636363636363654,97.97979797979798,-12026.646
65.65656565656568,97.97979797979798,-11758.263
67.6767676767677,97.97979797979798,-15495.401
69.69696969696972,97.97979797979798,-14488.77
71.71717171717174,97.97979797979798,-14295.836
73.73737373737376,97.97979797979798,-14198.262
75.75757575757578,97.97979797979798,-14232.192
77.7777777777778,97.97979797979798,-13615.404
79.79797979797982,97.97979797979798,-13585.911
81.81818181818184,97.97979797979798,-15107.22
83.83838383838386,97.97979797979798,-15810.964
85.85858585858588,97.97979797979798,-14893.8545
87.8787878787879,97.97979797979798,-16753.018
89.89898989898992,97.97979797979798,-17774.43
91.91919191919195,97.97979797979798,-15764.984
93.93939393939394,97.97979797979798,-18610.506
95.95959595959596,97.97979797979798,-20816.49
97.97979797979798,97.97979797979798,-20040.57
100.0,97.97979797979798,-22614.209
-100.0,100.0,-20630.938
-97.97979797979798,100.0,-20185.41
-95.95959595959596,100.0,-18377.225
-93.93939393939394,100.0,-20745.172
-91.91919191919192,100.0,-18504.121
-89.8989898989899,100.0,-19648.979
-87.87878787878788,100.0,-23596.469
-85.85858585858585,100.0,-20476.256
-83.83838383838383,100.0,-19726.303
-81.81818181818181,100.0,-14479.187
-79.79797979797979,100.0,-14544.897
-77.77777777777777,100.0,-17325.615
-75.75757575757575,100.0,-17845.4
-73.73737373737373,100.0,-18279.156
-71.71717171717171,100.0,-16623.078
-69.69696969696969,100.0,-16845.613
-67.67676767676767,100.0,-13159.083
-65.65656565656565,100.0,-14292.218
-63.63636363636363,100.0,-12278.16
-61.61616161616161,100.0,-15348.98
-59.59595959595959,100.0,-13291.1
-57.57575757575757,100.0,-12532.399
-55.55555555555555,100.0,-14049.397
-53.53535353535353,100.0,-13223.814
-51.515151515151516,100.0,-12425.789
-49.494949494949495,100.0,-9384.155
-47.474747474747474,100.0,-13286.169
-45.45454545454545,100.0,-12181.267
-43.43434343434343,100.0,-12371.129
-41.41414141414141,100.0,-10569.889
-39.39393939393939,100.0,-12032.508
-37.37373737373737,100.0,-12772.333
-35.35353535353535,100.0,-12102.695
-33.33333333333333,100.0,-12289.666
-31.313131313131308,100.0,-10484.728
-29.292929292929287,100.0,-9203.686
-27.272727272727266,100.0,-12105.068
-25.252525252525245,100.0,-8976.523
-23.232323232323225,100.0,-10907.918
-21.212121212121204,100.0,-11660.156
-19.191919191919183,100.0,-12737.124
-17.171717171717162,100.0,-11838.4795
-15.151515151515142,100.0,-11566.021
-13.13131313131312,100.0,-10122.151
-11.1111111111111,100.0,-8428.027
-9.09090909090908,100.0,-12343.798
-7.0707070707070585,100.0,-12444.71
-5.050505050505038,100.0,-14356.3
-3.030303030303031,100.0,-8867.17
-1.0101010101010104,100.0,-8981.173
1.0101010101010104,100.0,-8893.747
3.030303030303031,100.0,-8765.833
5.050505050505052,100.0,-9832.781
7.070707070707073,100.0,-9867.504
9.090909090909093,100.0,-8432.824
11.111111111111114,100.0,-11110.401
13.131313131313135,100.0,-9902.176
15.151515151515156,100.0,-8765.062
17.171717171717177,100.0,-11128.434
19.191919191919197,100.0,-10494.277
21.212121212121218,100.0,-11214.273
23.23232323232324,100.0,-9730.177
25.25252525252526,100.0,-12296.971
27.27272727272728,100.0,-10985.757
29.2929292929293,100.0,-10790.315
31.313131313131322,100.0,-8674.5205
33.33333333333334,100.0,-8029.247
35.353535353535364,100.0,-13231.828
37.373737373737384,100.0,-11075.087
39.393939393939405,100.0,-10598.672
41.414141414141426,100.0,-13606.427
43.43434343434345,100.0,-11409.003
45.45454545454547,100.0,-11276.836
47.47474747474749,100.0,-11226.759
49.49494949494951,100.0,-10466.556
51.51515151515153,100.0,-11975.674
53.53535353535355,100.0,-10542.877
55.55555555555557,100.0,-11707.926
57.57575757575759,100.0,-13404.897
59.59595959595961,100.0,-16341.1045
61.616161616161634,100.0,-13458.22
63.636363636363654,100.0,-15564.485
65.65656565656568,100.0,-17796.576
67.6767676767677,100.0,-18100.367
69.69696969696972,100.0,-16073.579
71.71717171717174,100.0,-15761.331
73.73737373737376,100.0,-13183.438
75.75757575757578,100.0,-16937.0
77.7777777777778,100.0,-14816.184
79.79797979797982,100.0,-13643.775
81.81818181818184,100.0,-14409.257
83.83838383838386,100.0,-16697.316
85.85858585858588,100.0,-15141.8955
87.8787878787879,100.0,-16537.055
89.89898989898992,100.0,-16828.707
91.91919191919195,100.0,-16008.984
93.93939393939394,100.0,-17967.338
95.95959595959596,100.0,-16431.986
97.97979797979798,100.0,-20221.658
100.0,100.0,-18778.557
